:020000022000DC
:1070000000000420F97202002173020023730200C1
:10701000257302002773020029730200000000009C
:107020000000000000000000000000002B730200C0
:107030002D730200000000002F7302003173020064
:1070400075AB020033730200A9B40200337302006F
:107050003373020033730200A5AF020019790300F5
:107060003373020033730200337302003373020080
:107070003373020033730200337302003373020070
:1070800033730200F1950200337302003373020080
:1070900033730200337302008DFA0200337302006F
:1070A0003373020033730200337302003373020040
:1070B000E101030033730200000000000000000043
:1070C0003373020033730200337302003373020020
:1070D0003373020033730200337302003373020010
:1070E000337302003373020025B403000000000074
:1070F0000000000033730200000000003373020040
:10710000000000000000000000000000000000007F
:10711000000000000000000000000000000000006F
:10712000000000000000000000000000000000005F
:10713000000000000000000000000000000000004F
:10714000000000000000000000000000000000003F
:10715000000000000000000000000000000000002F
:10716000000000000000000000000000000000001F
:10717000000000000000000000000000000000000F
:1071800000000000000000000000000000000000FF
:1071900000000000000000000000000000000000EF
:1071A00000000000000000000000000000000000DF
:1071B00000000000000000000000000000000000CF
:1071C00000000000000000000000000000000000BF
:1071D00000000000000000000000000000000000AF
:1071E000000000000000000000000000000000009F
:1071F000000000000000000000000000000000008F
:107200000348044B834202D0034B03B11847704735
:107210004833002048330020000000000548064B9A
:107220001B1AD90F01EBA301491002D0034B03B184
:107230001847704748330020483300200000000002
:1072400010B5064C237843B9FFF7DAFF044B13B1AE
:107250000448AFF300800123237010BD7033002079
:1072600000000000ECA6040008B5044B1BB1044963
:107270000448AFF30080BDE80840CFE700000000FD
:1072800074330020ECA60400A3F5803A704700BFD9
:10729000154B002B08BF114B9D46FFF7F5FF002152
:1072A0008B460F461148124A121A18F005F90C4B7A
:1072B000002B00D098470B4B002B00D098470020A4
:1072C000002104000D000B4817F040FF17F078FF75
:1072D0002000290006F0ACF917F046FF0000080076
:1072E00000000000000000000000042070330020B7
:1072F0002086002091F103000649074A074B9B1A9C
:1073000003DD043BC858D050FBDC03F065F9FFF700
:10731000BFFF000084A8040000300020703300206C
:10732000FEE7FEE7FEE7FEE7FEE7FEE7FEE7FEE735
:10733000FEE7FEE7704700BF00B583B0044B009343
:10734000044A402300F03AF803B05DF804FB00BFA4
:10735000597302008C33002022B32DE9F843134BFC
:10736000134E88461446032743F0010900252246A0
:1073700008EB0501002006F0F7FB034601224FF45D
:107380007A40E41A1D4443B933784BB1C847013FF2
:107390004FF0010307D03370E9E73270002CE6D1DB
:1073A000BDE8F88370473770BDE8F883B048040043
:1073B000CC330020704700BF06F0AABCF0B595B0F2
:1073C000084600240E4617461D4602F04DFF1A9A45
:1073D0000D922346082205A93046CDE909540897A5
:1073E0008DF82C400C9402F0A3FFDDE906219DF8F6
:1073F00014308DF81140CDE9021203F00302012A86
:1074000028D0022A04D0304602F032FF15B0F0BD79
:10741000BDF81650C3F3C203C5F389158DF81030BB
:107420000827082D2C4628BF08243B4622460EA9D3
:10743000304602F07DFF2D1B08AB02AA21460EA8A4
:10744000274401F02FF9002DEBD1304602F010FF58
:1074500015B0F0BDBDF814100598C1F38312C3F345
:10746000C203C0F39525C1F383148DF810300EA923
:1074700030469200082302F05BFF08AB00932246DF
:1074800002AB0EA9284601F097F8304602F0F0FE54
:1074900015B0F0BD08B5FFF78FFF0448042101F0D7
:1074A00009F8034B01225A7108BD00BF6CA8040003
:1074B00000300020064B074810B500221A7002F079
:1074C00085FE044610B9044802F0A8FF204610BD0E
:1074D000D033002070A70400EC48040030B499B108
:1074E0000D490E4D491BC90813D00D4C002302E075
:1074F000013399420AD034F823208242F8D1184649
:1075000055F8300030BC7047044DF9E7002030BC1E
:1075100070470846F6E700BF6CA804008CA704007B
:1075200070330020094B013903EBC00303290BD84A
:10753000DFE801F0040208060420704702207047CB
:107540005879704718797047002070478CA704005D
:10755000704700BF30B5154B1B7883B00446FBB9AC
:1075600000B318F04DFF411C0091114801236A46F9
:1075700001A902F061FF0546A0B9009A01982146D1
:1075800017F084FEDDE900231344094803F8015C89
:10759000009902F08FFF0099054802F0A5FF0198BD
:1075A00003B030BD002003B030BD00BFD033002099
:1075B000EC4804002DE9F0438B4CD4E901239A42B6
:1075C00085B05DD00023C4F81834BFF34F8FA56891
:1075D000EAB2D31C04EB830014F82330590718D502
:1075E0006668037803F00303012B42D0022B03D11A
:1075F0004388023505EB9315EAB2D4F81814D31C6E
:1076000004EB830029B9AE4239D914F823305B0763
:10761000E7D404EB82026B1CDBB2D26804EB830379
:1076200002F00301DB680229CDE9012305F102061E
:107630002AD0012900F08A80D4F810543DB12B687B
:1076400028469B689847EB681D68002DF7D167486E
:10765000674B6849C01AC008000440F0020000F0FF
:1076600053FED4E90130C01A18BF012005B0BDE8AF
:10767000F08303880235C3F383131D44BCE7A6607F
:10768000002005B0BDE8F083BDF806305A48C3F3CA
:1076900089184546502D28BF502565F38F1305F1F5
:1076A0000801ADF8063002F093FD07460028C3D06C
:1076B00002F0DAFD0023082201A9384602F004FE98
:1076C000F343DBB20133B5EB830F4FEA83097FD974
:1076D000F1B2A5EB0905033104EB81014A463846B6
:1076E0000823EDB202F0F0FD444909F108032A46EF
:1076F000384602F0E9FD08F1030806EB9806D4F8D5
:107700001834D4F81054002B5ED165B1EB685A7967
:1077100028463946002A65D02B681B689847EB68D5
:107720001D68002DF2D1384602F0A2FD00230DF1B4
:1077300003008DF8033001F0BBFDD4F8183403B911
:10774000A6609DF8030001F0D9FD8AE7BDF804208A
:107750002948C2F38313062B28BF062363F389123B
:10776000023303F00F018900ADF8042002F030FD70
:10777000074600283FF460AF02F076FD00230822A0
:1077800001A9384602F0A0FDBDF8043013F4707F63
:10779000B5D06FF001094FF00808A9EB0509F1B267
:1077A00003314346042204EB8101384602F08CFD8C
:1077B000BDF804300136C3F3831309EB060293428C
:1077C00008F10408EBD89AE7384602F051FD48E783
:1077D000F1B203312A4604EB81010823384602F056
:1077E00073FD88E71D6890E7D0330020B4A704003C
:1077F0008CA70400D448040070A70400DC330020E8
:107800002DE9F04F89B0DFF8F4B1009000230DF1BD
:10781000130002F1030A8DF813309146039101F031
:1078200047FDDBF80830DBF804704FEA9A0A03F5ED
:1078300080730AF10206DB1B9E4240F2D880CDE93C
:1078400001790BF21C450BF583680BF2144418E028
:10785000BDF81630C3F3891303333F0C09EB9309CA
:10786000204602F069F8394608B1CBF8089028465E
:1078700002F032F8DBE9012303F580739B1A9E4284
:1078800055D90121284602F027F8404602F048F871
:10789000204602F045F8DBF80830DAB2D11C0BEBD9
:1078A000810C1BF8211001F00400490720D40BEBD8
:1078B000820103F10209C86805900133DBB20BEBCA
:1078C000830300F003000128DF6829D00228BFD01D
:1078D0000027C5E7BCF8023007EB9313DAB2D11CDE
:1078E0000BEB810C1BF8210000F004000028DED017
:1078F0009CF8001001F0030101290AD0022903F1CC
:10790000020702F10301E5D00BEB810C0028EFD157
:10791000CDE7BCF800200233C2F383121344DDE745
:10792000BDF81430C3F383133F0C994498E7DDE9A5
:107930000179D3B20333164406226AF39F524BF8FF
:1079400023209DF81300CBF8046001F0D7FCBB1C8A
:10795000DBB2C3F58071B9EB810F4FEA810403F10B
:10796000030335D803990BEB83004A4617F08EFCCE
:107970000021204801F076FF80F31000009C7B1C62
:10798000DBB20BEB8303FAB2210C033241EA004174
:10799000D960E3005BF8221003F0380343F00203E0
:1079A00043EA895301F47C110B434BF822309BF8D6
:1079B000003023B9FFF7CCFD09B0BDE8F08FFFF729
:1079C000F9FD0028F6D0FFF7F5FD0028F7D1F1E723
:1079D000039D224629460BEB830017F057FC2946EE
:1079E0002144A9EB0402044817F050FCC0E73A46D2
:1079F0009FE700BFEC370020DC330020D0330020AD
:107A00002DE9F04F89B0DFF8DCB101930646002381
:107A10000DF113008DF813308946924601F048FCB1
:107A2000DBF80830DBF8047003F58073DB1B062BF2
:107A300000F2D380CDE902760BF21C450BF583688A
:107A40000BF214441AE0BDF81620C2F38912033277
:107A5000360C07EB9207204601F06EFF08B1CBF819
:107A600008703146284601F037FFDBF80830DBF8B4
:107A7000042003F580739B1A062B55D80121284654
:107A800001F02AFF404601F04BFF204601F048FF7D
:107A9000DBF80870F9B2CA1C0BEB820C1BF8222031
:107AA000530702F0040020D40BEB8101CA68059251
:107AB000791CC9B202F003020BEB8101012ACE68E6
:107AC00007F1020729D0022ABDD00026C3E7BCF87F
:107AD000027002EB9717F9B2CB1C0BEB830C1BF86F
:107AE000230000F004000028DED09CF8003003F0F2
:107AF0000303012B0AD0022B07F1020201F1030359
:107B0000E5D00BEB830C0028EFD1CDE7BCF80030BB
:107B10000237C3F383131F44DDE7BDF81420C2F31B
:107B20008312360C174496E7DDE90276D3B20333AD
:107B300040F245114BF8231007329DF81300CBF8A3
:107B4000042001F0DBFBBB1CDBB20BEB8303019ACF
:107B5000C3F80CA0FB1CDBB20BEB83030021DA6043
:107B60003B1DDBB20BEB8303129ADA607B1DDBB2A9
:107B70000BEB8303139ADA60BB1DDBB20BEB8303C1
:107B8000149A1748DA6001F06DFE80F31001F300DB
:107B900003F0380343F4A07343F00103781C43EA75
:107BA0008922C0B2FBB2033309040BEB800041EA27
:107BB0001641C1604BF823209BF8003023B9FFF732
:107BC000C7FC09B0BDE8F08FFFF7F4FC0028F6D041
:107BD000FFF7F0FC0028F7D1F1E73A46A6E700BF2F
:107BE000EC370020D03300202DE9F04F89B0DFF8CA
:107BF000CCB10193064600230DF113008DF813302C
:107C00008946924601F054FBDBF80830DBF804703B
:107C100003F58073DB1B052B00F2CB80CDE90276E8
:107C20000BF21C450BF583680BF2144418E0BDF809
:107C30001620C2F389120332360C07EB9207204656
:107C400001F07AFE08B1CBF808703146284601F001
:107C500043FEDBE9012303F580739B1A052B55D8FE
:107C60000121284601F038FE404601F059FE204629
:107C700001F056FEDBF80870F9B2CA1C0BEB820C5F
:107C80001BF82220530702F0040020D40BEB8101E3
:107C9000CA680592791CC9B202F003020BEB81019C
:107CA000012ACE6807F1020729D0022ABFD0002698
:107CB000C5E7BCF8027002EB9717F9B2CB1C0BEBCF
:107CC000830C1BF8230000F004000028DED09CF891
:107CD000003003F00303012B0AD0022B07F102024C
:107CE00001F10303E5D00BEB830C0028EFD1CDE7C6
:107CF000BCF800300237C3F383131F44DDE7BDF83F
:107D00001420C2F38312360C174498E7DDE902769B
:107D1000D3B2033340F205114BF8231006329DF81D
:107D20001300CBF8042001F0E9FABB1CDBB20BEB2B
:107D30008303019AC3F80CA0FB1CDBB20BEB83039B
:107D40000021DA603B1DDBB20BEB8303129ADA6091
:107D50007B1DDBB20BEB8303139A1748DA6001F04B
:107D600081FD80F31001F30003F03803781C43F425
:107D70008073C0B2FAB2090443F001030BEB800038
:107D8000033243EA892341EA1641C1604BF82230AD
:107D90009BF8003023B9FFF7DBFB09B0BDE8F08F9B
:107DA000FFF708FC0028F6D0FFF704FC0028F7D105
:107DB000F1E73A46ACE700BFEC370020D0330020B3
:107DC0002DE9F04F89B0DFF8B8B1019306460023E2
:107DD0000DF113008DF813308946924601F068FAD0
:107DE000DBF80830DBF8047003F58073DB1B042B31
:107DF00000F2C180CDE902760BF21C450BF58368D9
:107E00000BF2144418E0BDF81630C3F389130333A2
:107E1000360C07EB9307204601F08EFD314608B182
:107E2000CBF80870284601F057FDDBE9012303F584
:107E300080739B1A042B54D80121284601F04CFD75
:107E4000404601F06DFD204601F06AFDDBF8083088
:107E5000DAB2D11C0BEB810C1BF8211001F00400ED
:107E600049071FD40BEB82019F1CC86805900133A2
:107E7000DBB20BEB830300F003000128DE6829D09E
:107E80000228C0D00026C6E7BCF8023006EB9313E8
:107E9000DAB2D11C0BEB810C1BF8210000F00400BE
:107EA0000028DFD09CF8001001F0030101290AD05E
:107EB000022903F1020602F10301E5D00BEB810C6C
:107EC0000028EFD1CEE7BCF800200233C2F38312C2
:107ED0001344DDE7BDF81430C3F38313360C1F449D
:107EE00099E7DDE90276D3B20333C5214BF82310BD
:107EF00005329DF81300CBF8042001F0FFF9BB1CFC
:107F0000DBB20BEB8303019AC3F80CA0FB1CDBB2C2
:107F10000BEB83030021DA603B1DDBB20BEB830329
:107F2000129A1648DA6001F09DFC80F31001F2000D
:107F3000781C02F03802C0B2FBB20333090442F0ED
:107F4000C1020BEB800041EA164142EA8922C1607E
:107F50004BF823209BF8003023B9FFF7F9FA09B05A
:107F6000BDE8F08FFFF726FB0028F6D0FFF722FBD5
:107F70000028F7D1F1E73A46B5E700BFEC3700201B
:107F8000D03300202DE9F04FDFF8BCB189B00024D8
:107F900006460DF113000193894692468DF8134071
:107FA00001F086F9DBF80830DBF8047003F5807324
:107FB000DB1B032B00F2C480CDE902760BF21C45DB
:107FC0000BF583680BF2144419E0BDF81620C2F3D8
:107FD00089120332360C07EB9207204601F0ACFC05
:107FE0003146002839D02846CBF8087001F074FCDF
:107FF000DBE9012303F580739B1A032B5CD8012175
:10800000284601F069FC404601F08AFC204601F058
:1080100087FCDBF80870FAB2D11C0BEB810C1BF863
:1080200021104B0701F0040027D40BEB82017A1CCE
:10803000C9680591D2B20BEB820201F0030001285E
:10804000D66807F1020730D00228BED0204601F0E2
:1080500073FC002631460028C5D12846C6E7BCF887
:10806000027001EB9717FAB2D31C0BEB830C1BF8D1
:10807000230000F004000028D7D09CF8003003F063
:108080000303012B0AD0022B07F1020102F10303C3
:10809000E5D00BEB830C0028EFD1C6E7BCF800302D
:1080A0000237C3F383131F44DDE7BDF81420C2F386
:1080B0008312360C174490E7DDE90276D3B203331E
:1080C00085214BF8231004329DF81300CBF80420CF
:1080D00001F014F9BB1CDBB20BEB8303019AC3F86C
:1080E0000CA0FB1CDBB20BEB830300211548DA600C
:1080F00001F0B8FB80F31001F300781C03F03803A3
:10810000C0B2FAB2090443F081030BEB80000332E2
:1081100043EA892341EA1641C1604BF822309BF8BB
:10812000003023B9FFF714FA09B0BDE8F08FFFF76C
:1081300041FA0028F6D0FFF73DFA0028F7D1F1E721
:108140003A46BBE7EC370020D03300202DE9F04F52
:10815000DFF8B0B187B0002306460DF10B008DF8B3
:108160000B30CDE9001201F0A3F8DBE9018303F540
:108170008073A3EB0803022B00F281800BF21C45F5
:108180000BF583670BF214441AE0BDF80E20C2F31E
:10819000891203324FEA114A09EB9209204601F095
:1081A000CBFB514600283AD02846CBF8089001F086
:1081B00093FBDBE9012303F580739B1A022B5FD845
:1081C0000121284601F088FB384601F0A9FB204632
:1081D00001F0A6FBDBF80830DAB2D11C0BEB810C06
:1081E0001BF8211001F00400490728D40BEB820191
:1081F0005A1CC9680391D2B201F003000BEB820252
:108200000128D16803F1020931D00228BDD02046EF
:1082100001F092FB4FF0000A51460028C4D12846D5
:10822000C5E7BCF802300EEB9313DAB2D11C0BEBAE
:10823000810C1BF8211001F004000028D6D09CF816
:10824000001001F0030101290AD0022903F1020EF6
:1082500002F10301E5D00BEB810C0028EFD1C5E75B
:10826000BCF800200233C2F383121344DDE7BDF8EB
:108270000C20C2F383124FEA114A91448EE7424622
:10828000D3B2033345214BF8231003329DF80B0082
:10829000CBF8042001F032F808F10203DBB20BEB5B
:1082A0008303019A1648DA60002101F0DBFA80F3BB
:1082B0001001F300009A03F0380343F0410308F182
:1082C000010043EA8223C0B25FFA88F209040BEB93
:1082D0008000033241EA1641C1604BF822309BF81E
:1082E000003023B9FFF734F907B0BDE8F08FFFF78E
:1082F00061F90028F6D0FFF75DF90028F7D1F1E722
:10830000EC370020D03300202DE9F04FDFF8A0A19A
:1083100087B0002306460DF10B008DF80B3001915C
:1083200000F0C6FFDAE9018303F58073A3EB0803CD
:10833000012B00F281800AF21C450AF583670AF2DC
:1083400014441AE0BDF80E30C3F3891303334FEA27
:1083500011490BEB930B204601F0EEFA4946002839
:108360003AD02846CAF808B001F0B6FADAE9012393
:1083700003F580739B1A012B5FD80121284601F079
:10838000ABFA384601F0CCFA204601F0C9FADAF827
:108390000830DAB2D11C0AEB810C1AF8211001F076
:1083A0000400490728D40AEB82015A1CC9680391CA
:1083B000D2B201F003000AEB82020128D16803F176
:1083C000020B31D00228BDD0204601F0B5FA4FF0A3
:1083D000000949460028C4D12846C5E7BCF8023048
:1083E0000EEB9313DAB2D11C0AEB810C1AF82110B0
:1083F00001F004000028D6D09CF8001001F0030121
:1084000001290AD0022903F1020E02F10301E5D08D
:108410000AEB810C0028EFD1C5E7BCF8002002333D
:10842000C2F383121344DDE7BDF80C30C3F38313AA
:108430004FEA11499B448EE74246D3B203330521EC
:108440004AF8231002329DF80B00CAF8042000F00D
:1084500055FF0021154801F005FA80F31001F300E3
:10846000019A03F0380343F0010308F1010043EAE5
:108470008223C0B25FFA88F209040AEB800003325B
:1084800041EA1641C1604AF822309AF8003023B917
:10849000FFF75EF807B0BDE8F08FFFF78BF8002814
:1084A000F6D0FFF787F80028F7D1F1E7EC37002086
:1084B000D033002030B4154DD5F81014044679B1EE
:1084C00000200B4601E01B685BB1DB681A79824231
:1084D000F9D101300A28F4D14FF0FF3030BC704799
:1084E0000846E3681871D5F810344BB1DA68E368D0
:1084F00012681A60D5F81034DB681C6030BC704715
:10850000C5F81044E268136030BC7047D0330020D7
:1085100038B5084BD3F8104401251D704CB1E36801
:108520005D71236820465B689847E3681C68002CEF
:10853000F5D138BDD033002070B5C38882B0044671
:108540000D461BBB237A052B1ED0627A7AB9134ADB
:10855000A08852F823600021FEF7C0FF10490346AF
:108560003246284602B0BDE8704001F06BBA1946A9
:10857000A088FEF7D7FF0B4B0B4953F82020284665
:1085800001F060FA237AE2E702B070BD074900917A
:10859000074A0849284601F055FAD3E7BC490400C8
:1085A0002049040098490400206C04001849040084
:1085B000F8480400004904002DE9F04385B01D4649
:1085C0000C9C002394F80C90237380460E461746AB
:1085D00021462846FFF7B0FF062F09D8DFE807F04D
:1085E000042E343B444F1F004146204601F02AFA36
:1085F0002B7A052B05D06B7A5BB92749204601F011
:1086000021FA204601F012FA84F80C9005B0BDE87A
:10861000F083224A2249204601F014FAEDE77369FB
:10862000039333690293F3680193B3680093D6E927
:1086300000234146204601F005FAD9E73268414659
:10864000204601F0FFF9D3E7D6E900234146204652
:1086500001F0F8F9CCE7B3680093D6E9002341466E
:10866000204601F0EFF9C3E7F3680193B368009384
:10867000D6E900234146204601F0E4F9B8E7336922
:108680000293F3680193B3680093D6E9002341464F
:10869000204601F0D7F9ABE7607A040018490400DE
:1086A000206C0400082900D970472DE9F04F1D46C1
:1086B00083B000241B7B2C730E46074629461046C8
:1086C00090460193DFF8D0B0DFF8D0A0FFF734FF79
:1086D00005E03A5D013401F0B5F9082C09D0A64255
:1086E00051462846F5D85946013401F0ABF9082C1B
:1086F000F5D12449DFF8A8B0234CDFF8A8A028461C
:1087000001F0A0F94FF0000917E017F80910481C14
:108710007E294FF02E02C0B206D81AF8002012F0BF
:10872000970F14BF0A462E222146284609F1010957
:1087300001F088F9B9F1080F0AD04E45E5D859463D
:10874000284609F1010901F07DF9B9F1080FF4D1CA
:1087500098F80830052B02D098F809305BB90B491E
:10876000284601F06FF9284601F060F9019B2B7350
:1087700003B0BDE8F08F064A0649284601F062F9C9
:10878000EDE700BF384904003C490400607A04006A
:1087900018490400206C0400344904002C490400EA
:1087A000D4A604001CA3040038B5174B1D783DB3B4
:1087B000164A1168C0B200230C4604E00133AB42F4
:1087C00004F108041CD011F833209042F6D102F0D5
:1087D000D9FB6378A3F10103B3FA83F35B09834206
:1087E00000D038BD0A4AD2E900321343F9D1094B0F
:1087F000094819680022BDE83840490800F0B4BCB7
:1088000000231B78FFDE00BF843900208839002058
:108810007839002080390020083000202DE9F04709
:10882000DFF86092DFF860A299F8003082B0002B88
:108830004FD0DFF85882904F0024D8F8005015F838
:10884000340002F09FFB15F8346005EBC405720894
:108850006B78B95CA3F10103B3FA83F3F5074FEA30
:10886000531340F1A2800D09042D00F29B80DFE834
:1088700005F0033847544E00834240F093800F20A8
:10888000102301400B43BB540DF1070000238DF86A
:10889000073000F00DFD0122A6F12003C6F12001F2
:1088A00022FA01F102FA03F30B43DAF800109DF803
:1088B0000700B2401143DAF80420CAF800101A4346
:1088C000CAF8042000F01AFD99F8002001349442FF
:1088D000B3DBDAE90032134340F0C38002B0BDE8F5
:1088E000F087181AB0FA80F0400943010F200840C1
:1088F0000343BB5499F80020013494429DDBE8E720
:1089000083424FF00F0040F0AA8030236AE0834298
:1089100040F0A3800F20302396E0834242D00F2006
:10892000402391E0834200F09580F02399F80050B5
:108930000B40BB54A5B1D8F800000023024603E069
:10894000AB4202F108020BD010F83310B14203F130
:108950000103F5D122B1536813B100213046984785
:1089600000230DF107008DF8073000F0A1FC012273
:10897000A6F12003C6F1200122FA01F102FA03F365
:108980000B43DAF800109DF80700B24021EA02011B
:10899000DAF80420CAF8001022EA0302CAF8042018
:1089A00000F0ACFC99F80020A6E701F00F05042DBB
:1089B000F8D80FF2080C5CF825F000BF3D8A0200E1
:1089C0002F8A0200DB890200D1890200258902007A
:1089D0008342E7D0F020042336E083424FF0F000DA
:1089E00031D1032301400B43BB5499F80020002AE6
:1089F0003FF46FAFD8F800500023294604E09342BB
:108A000001F108013FF478AF15F83300B04203F1EB
:108A10000103F4D100293FF46FAF4B68002B3FF402
:108A20006BAF30460121984799F8002064E7181A87
:108A3000B0FA80F040094300F02058E78342B1D1FA
:108A4000F02001231DE7012301400B43BB5499F89B
:108A5000002051E7F0200323F6E70F2366E71023F9
:108A6000F2E7064B064819680022490802B0BDE843
:108A7000F04700F079BB00BF583900208039002052
:108A800008300020843900207839002088390020FF
:108A9000092A3FD9F0B583B0144605460E4602F0C8
:108AA000EFF888B3204B214A1E70214B156000213E
:108AB00020481C60202216F0FFFC1F4B00200021E4
:108AC000741EC3E90001E4B236B31C4F05EBC404C5
:108AD000032602E0A5421FD01C469DF8063094F8FC
:108AE00002C020788DF8046023F007033A4601A9FC
:108AF0008DF806308DF805C002F0CCF8A4F108031B
:108B00000028E7D003B0F0BD02F06CF80028C9D00F
:108B100003B0F0BD07207047094A0A48002103B09E
:108B2000BDE8F04000F008BB8439002088390020FF
:108B3000803900205839002078390020A9870200A8
:108B40001D880200D049040070B5084D2B785BB138
:108B5000074E00243368012113F8340002F09AF91B
:108B60002B780134A342F5D8002070BD8439002051
:108B70008839002000B585B00346002101AA44F2DF
:108B80000100CDE90111039300F004F805B05DF890
:108B900004FB00BF10B572B6FFF7BAFCFEF70AFD82
:108BA0000028FBD1104B114C1149E41AE4082404AD
:108BB00044F00100FFF7A8FB0E4BD3F8F030DB07C1
:108BC00000D500BE0C4944F00200FFF79DFBBFF347
:108BD0004F8F0849094BCA6802F4E0621343CB6027
:108BE000BFF34F8F00BFFDE78CA70400B4A70400BC
:108BF000E049040000ED00E0EC4904000400FA053F
:108C0000844612F0030014D14B1C10B4DB000A4C54
:108C10009BB213442260094A1360094A094B107041
:108C20001870094A094BA2F800C019805DF8044B7E
:108C300070470720704700BF983900209439002002
:108C400090390020913900208E3900208C39002085
:108C50002DE9F0432C4E33888B4283B003D2092098
:108C600003B0BDE8F083002507460DF107000C4670
:108C700090468DF8075000F01BFB244B24491A78CE
:108C8000244B0888197881425FFA81FC38BF0CF1C7
:108C9000010CD2B238BF5FFA8CF5AA422BD01D78F6
:108CA0001978DFF87890CAB2884286BF0132D2B212
:108CB00000229DF807001A70EDB200F01FFBD9F8F2
:108CC000003043F8358003EBC5034FEAC50807B110
:108CD0001CB900229A800020C2E70F4B30881B6825
:108CE000394605FB0030224616F0D0FAD9F800309C
:108CF00043449C80EFE79DF8070000F0FFFA042052
:108D000003B0BDE8F08300BF8E3900209139002008
:108D10008C390020903900209439002098390020A7
:108D20002DE9F84F1A4C1B4D22782B789A4224D00B
:108D3000DFF868A0DFF86890174FDFF868B04FF0F1
:108D400000082378DAF800103888D9F8006051F864
:108D5000332001EBC30C03FB0060BCF80410904708
:108D60002278BBF80010D3B201339142DBB206D9AE
:108D7000237023782A789A42E3D1BDE8F88F84F8EB
:108D8000008022782B789A42DBD1BDE8F88F00BFB3
:108D900091390020903900208E3900209839002028
:108DA000943900208C39002030B48D688468C26802
:108DB000CB68A54293412CBF0120002030BC7047F6
:108DC00030B5344B1D7883B01DB90025284603B05B
:108DD00030BD04460028F8D02F4800F0F3FB2F4B9D
:108DE0001A685B6880182E4AD2E9001243F100032A
:108DF000884273EB020203D210F1807043F100034A
:108E0000D4E90212884293410AD2B2F1FF3F08BF6F
:108E1000B1F1FF3FD9D02348214601F08FFBD5E7C0
:108E200000230DF107008DF8073000F041FA2369A7
:108E30002BB94FF0FF324FF0FF33C4E902239DF806
:108E4000070000F05BFAD4E90530984700230DF1E4
:108E500007008DF8073000F02BFA2369ABB1D4E995
:108E60000212B2F1FF3F08BFB1F1FF3F0DD05B1816
:108E700042F100029DF80700C4E9023200F03EFA18
:108E80000848214601F05AFBA0E79DF8070000F0D2
:108E900035FA9AE7183A002028300020103A0020CE
:108EA000083A0020FC4904002DE9F04F83B08146C8
:108EB00000F05CFB40B17C4AD2E9003113F18073D1
:108EC00041F10001C2E900310021484600F06AFB8F
:108ED000764D30B12B6823B12868FFF771FF00236E
:108EE0002B600121484600F05DFB002840F0C48063
:108EF0006F4801A900F002FC00283AD06C4C4FF0FA
:108F0000FF3A4FF0FF3B09E033B301A9204600F0E0
:108F100027FC01A9204600F0F1FB50B30378012B98
:108F200011D0022BF0D1634E304601F01BFB30B163
:108F3000C0E902AB304601F015FB0028F8D15E4BCA
:108F400001221A70E1E72B684168994200F0918094
:108F5000584801F011FBD8E74168D1E90223B3F189
:108F6000FF3F08BFB2F1FF3FCFD0524801F0E6FA11
:108F7000CBE7504E514FDFF83081304601F0F8FA20
:108F8000002853D0D0E90223B3F1FF3F08BFB2F16C
:108F9000FF3F6AD0296891B12968D1E90201824274
:108FA0008B4159D22B68D3E90223B3F1FF3F08BFAD
:108FB000B2F1FF3F03D02968304601F0BFFA3046D6
:108FC00001F0D0FA04463846D4E902AB00F0FAFAD0
:108FD0003B4BD8F80410D3E900E2D8F80030C318AE
:108FE00041F10001734571EB020C03D213F1807360
:108FF00041F10001BAEB03036BEB010B012B7BF199
:10900000000B1BDBB3F5D40F29D252464FF41603E5
:109010000021384600F020FAC0B10D2812D00023FC
:1090200030462B6001F0A4FA0028ABD12B689BB925
:10903000484603B0BDE8F04F00F0E0B900213846E3
:1090400000F0A4FA2046FFF7BBFEE8E72B6813B94F
:10905000484600F0CFF92C6003B0BDE8F08F3846E9
:1090600000F0B0FA174A0244D0E7304601F07AFA2D
:1090700083E700232B6048E7104800F0A3FA0A4B6F
:109080001A685B6880180E4AD2E9004143F1000378
:10909000A04273EB010103D210F1807043F1000391
:1090A000C2E9000324E700BF103A00201C3A002068
:1090B000A0390020FC490400183A00202830002084
:1090C000083A0020FFFF690010B582B00622002494
:1090D0008DF8062012491348ADF8044008235822A1
:1090E00000F090FA044610B1204602B010BD0E4ABE
:1090F0000E4801A900F01AF904460028F4D10B48E3
:10910000012100F029FA01231946094A074800F015
:1091100079F9084B012220461A7002B010BD00BF39
:10912000B0390020A0390020A98E0200283000208C
:10913000FFFF7F00183A00206AB19FED097BA1F183
:1091400001010368B1FA81F1490983ED027BC3E9AA
:109150000412002070470720704700BFAFF3008063
:10916000FFFFFFFFFFFFFFFFF0B583B004460026BF
:1091700001A817460D468DF8046000F099F8D4E96F
:109180000223B3F1FF3F08BFB2F1FF3F06D09DF8C5
:10919000040000F0B3F8304603B0F0BD1C4800F006
:1091A00011FA1C4B1C4A19685B684018D2E900127E
:1091B00043F10003884273EB020220D3281843F1E5
:1091C0000003A060E3609DF8040000F097F82369B5
:1091D000A76103B12561114801A900F04DFA0346CA
:1091E00050B100220D481A705C6001A900F076FAB7
:1091F00050B9002003B0F0BD042003B0F0BD10F161
:10920000807043F10003D9E7014800F0DFF9F0E78F
:1092100028300020103A0020083A0020A039002011
:1092200030B583B00446002501A88DF8045000F045
:109230003FF8D4E90223B3F1FF3F08BFB2F1FF3F8B
:109240001DD04FF0FF334FF0FF32C4E902239DF8E9
:10925000040000F053F80F4801A900F00DFA03468E
:1092600050B101220B481A705C6001A900F036FA77
:1092700060B9002003B030BD042003B030BD9DF8BC
:10928000040000F03BF8284603B030BD024800F06F
:109290009DF9EEE7A039002028300020401A20F088
:1092A0007F407047014800F08DB900BF2830002092
:1092B00070B4EFF3108472B60D4A9368ABB9012114
:1092C00091600C490C4ED1F8805035401560C1F8C2
:1092D0008060D1F8845055604FF0FF32C1F884208F
:1092E000037004B962B670BC70470123F8E700BF91
:1092F000203A002000E100E0FC06FFBD094B9A681F
:109300007AB170B910B4EFF3108172B6064A1C68D6
:1093100014605C685460986001B962B65DF8044BF3
:1093200070477047203A002000E100E010B5294C5A
:10933000437944F82320284C04EBC3031B79002B0A
:109340003BD103680A88C3F8082590F904308A786D
:10935000002B2ADB03F16043520103F56143D2B2D3
:1093600083F8002390F90430002B09DB1B494FEAF6
:10937000531C012203F01F0302FA03F341F82C30BF
:109380004279174B44F832001648181A04EBC20110
:10939000C0084FF0010C000481F804C040F0030045
:1093A0001149FEF7B1FF002010BD104903F00F0373
:1093B00052011944D2B20A76D4E70A4B08480C4944
:1093C000C01AC008000440F00200FEF79DFF08200C
:1093D00010BD00BF343A00202C3A002000E100E02C
:1093E000C4A704008CA70400384A0400FCEC00E089
:1093F000144A0400036801221A60704703680122BE
:109400005A60704770B405684FF480348C40C5F8DA
:109410000843056801F1500CC5F848434FEA8C0C2D
:1094200005681FFA8CFC002645F80C6083B055F8DF
:109430000C500195019D056801F5A87122F07F424D
:1094400045F821200268C2F8444313B10368C3F809
:10945000044303B070BC70472DE9F0474FF48037E8
:10946000994603688F40C3F848730368C3F80873CC
:10947000036801F150060D4603EB810122F07F489D
:10948000D3F80435D1F84025C1F84035B600B6B25E
:10949000D21A03684FF0000A43F806A082B09B5925
:1094A000009322F07F42012A009B044645D02368A6
:1094B000D3F80465C3F84473A8EB060323F07F4395
:1094C000012B05F5A87527D0226842F82580216870
:1094D000D1F80405A8EB0002C9F1FF13013A03F526
:1094E0007F4322F07F42934212D342B1C1F84473CA
:1094F00023680020C3F8047302B0BDE8F08708F1C8
:10950000010341F825302168D1F804359842EDD0A7
:109510000D2002B0BDE8F087236808F1010243F88E
:1095200025200C4B4FF4806043F0010398472168DD
:10953000D1F804359E42D9D0EAE7064B4FF480605B
:1095400043F001039847236843F806A09B59019311
:10955000019BACE7504A040002680223C2F844337E
:1095600011B10268C2F80433704700BF0368D3F832
:10957000040100B97047002282B0C3F80421D3F877
:1095800004310193019B012002B0704702684FF43F
:10959000803303FA01F1C2F848130368C3F80813D3
:1095A000704700BF50318900036889B2585800B92C
:1095B000704700225A5082B05B580193019B0120F2
:1095C00002B070470368D3F80405704790F904307F
:1095D000002B09DB5A09054803F01F030121403223
:1095E00001FA03F340F82230704700BF00E100E0C9
:1095F000024A034B10681B68184700BF2C3A002032
:10960000343A002099B110B4B2FBF3F403FB1424F4
:10961000A4B244B90160446084608281C381204661
:109620005DF8044B704709205DF8044B70470E202D
:10963000704700BF82B050E8022FC188B2EB324FB2
:109640004FF0000317BF92B241EA014142EA0141E3
:1096500004E04268B2EB324F08BF012340E8021237
:10966000002AE8D18DF807309DF80730002B0CBF99
:109670001120002002B0704710B483B050E8013FC1
:109680001FFA83FCC489A4448489A44528BFACEB99
:10969000040C0489A44502BFBFF32F8F002207E00A
:1096A000CCEA030C40E801C4002CE7D14FF00102E2
:1096B0008DF803200193019C9DF803200C6032B1CA
:1096C000006810FA84F003B05DF8044B704702F0B4
:1096D000FF03184603B05DF8044B70470A884B88B7
:1096E0009A4201D00020704750E8012FC2EA02429E
:1096F00040E80123002BF7D10120704710B483B05C
:1097000050E8023F1FFAA3FCC488A44502BFBFF380
:109710002F8F00220EE0C489A4448489A44528BF69
:10972000ACEB040CC3EA0C4C40E802C4002CE7D1BB
:109730004FF001028DF803200193019C9DF8032056
:109740000C6032B1006800EB144003B05DF8044BCC
:10975000704702F0FF03184603B05DF8044B7047F2
:109760000A884B889A4201D00020704750E8022FA7
:10977000C2EA224240E80223002BF7D101207047C1
:109780004B0901F01F024FF0010C0CFA02F100EB43
:10979000830000F07DB800BF4B0910B501F01F0435
:1097A0000121A14000EB830000F066F8E04000F0EA
:1097B000010010BD01F01F02012303FA02F24B0960
:1097C00000EB8300D14300F06FB800BF4B0901F0FC
:1097D0001F0150F82300C84000F00100704700BF8F
:1097E0002DE9F04F01F1FF3B83B04FEA5B130F46C9
:1097F0000546019300264FF0010A55F8264005EB77
:109800008608E44394FAA4F4FCB1B4FA84F404EBBB
:1098100046144FEA4619A74217D904F01F036009FE
:109820000AFA03F105EB80009B4600F025F820FAC8
:109830000BF0C30711D5D8F80030DB4393FAA3F33C
:10984000B3FA83F44C44002BE5D1019AB24206F1FD
:10985000010301D01E46D0E73C46204603B0BDE8D8
:10986000F08F00BF034653E8000F0A4643E8002C80
:109870009CF0000FF7D17047034653E8000F40EA11
:10988000010243E8002C9CF0000FF6D1704700BFA6
:10989000034653E8002F42EA010043E8000C9CF025
:1098A000000FF6D1704700BF034653E8002F02EACD
:1098B000010043E8000C9CF0000FF6D1704700BF98
:1098C000034653E8000F00EB010243E8002C9CF034
:1098D000000FF6D1704700BF034653E8002F02EB9C
:1098E000010043E8000C9CF0000FF6D1704700BF68
:1098F000034653E8002FA2EB010043E8000C9CF064
:10990000000FF6D1704700BF0346012253E8000F55
:1099100040EA020143E8001C9CF0000FF6D17047BA
:109920000346012253E8001F41EA020043E8000C0D
:109930009CF0000FF6D170470346002253E8000F59
:1099400000EA020143E8001C9CF0000FF6D17047CA
:109950000346002253E8001F01EA020043E8000C1E
:109960009CF0000FF6D17047D0B110B4D0E90112CD
:10997000521A0468D2B2531E2160DBB252B10168A0
:109980000A6803F1FF3C541C0C6013705FFA8CF3FF
:10999000FF2BF4D10368002018715DF8044B704769
:1099A0000E20704730B583B0044600250DF1070046
:1099B0008DF80750FFF77CFCD4E900311A688A4221
:1099C00010D9511E19602168A368086812F801CCEB
:1099D0000A79E5681B1ADBB2208A9A4238BF0B71FC
:1099E00000FB0C559DF80700FFF788FC284603B0E4
:1099F00030BD00BF30B5054683B00DF10700002330
:109A00000C468DF80730FFF753FC2A681368591C81
:109A10001160E9682A8A641AB4FBF2F41C709DF89C
:109A20000700FFF76BFC03B030BD00BF826842B196
:109A300010B5044643690168006998470023A36094
:109A400010BD70470EB400B582B0039921B104ABCC
:109A500001AA019300F0B2F802B05DF804EB03B084
:109A6000704700BF2DE9F04F164683B0B142DDF8D4
:109A700030900D9A0F4605469A46C0F09A800B46E4
:109A80004FF00108B3FBF6F39E4208F10108F9D943
:109A9000D04538BFD04612F00103019302D1B9F18D
:109AA000000F65D1AA68BAF1010F4FF0010406D981
:109AB0000AF1FF3ABAF1010F06FB04F4F8D8B7FB3C
:109AC000F4F39E4205D806FB04F4B7FBF4F39E4280
:109AD000F9D9DFF8E4A007E0B442B4FBF6F31AD3F7
:109AE000AA681C46B7FBF3F31AF803B0BBF10A0FE0
:109AF00004FB13772DD02B68511CA96003F802B02A
:109B0000D5E901329A42E7D32846FFF78FFFB4FB2D
:109B1000F6F3B442E4D2019BC3B1B9F1000F15D002
:109B2000C14513D9202401E0C1450FD0AB682A6894
:109B3000591CA960D454D5E901329A4209F1FF3980
:109B4000F2D32846FFF772FFC145EFD103B0BDE85D
:109B5000F08F511C2B68A9604FF00D019954D5E985
:109B600001329A42C7D32846FFF760FFAA68C2E7CE
:109B7000930718D42024C14594D9AA682968531C96
:109B8000AB608C54D5E901128A4209F1FF3905D244
:109B9000B9F1000F87D0C145F0D184E72846FFF71F
:109BA00045FFAA68F4E7BAF1000F14BF202430245F
:109BB000E1E74FF001086BE7584A0400002900F084
:109BC00070822DE9F04F0C4685B014F8015B064613
:109BD000002D7BD091464FF00D0A10E00A2D00F0C9
:109BE0009080B3683268591CB160D554D6E901320F
:109BF0009A4280F082802578002D67D00134252D8F
:109C0000ECD10027224614F8013B2D2B6FD0302BCE
:109C100070D02B2B64D02A2B00F08280A3F130016E
:109C200009294FF000050BD805EB850503EB450529
:109C300012F8013FA3F130010929A5F13005F3D94C
:109C40002E2B144677D04FF0000803F0FB02682A51
:109C500043D0252B00F08E81583BDAB2202A31D830
:109C6000202B2FD8DFE813F021002E002E002E002D
:109C70002E002E002E002E002E002E002E0004019D
:109C80007D002E002E002E002E007D002E002E00C6
:109C90002E002E002E002E00B5002E002E002101D9
:109CA0002E001C012E002E002100D9F80010434682
:109CB0001022081DC9F8000009683046CDE9005798
:109CC000FFF7D0FE01342578002D97D1337B002B90
:109CD00040F04A8105B0BDE8F08F14F8013FB4E7C9
:109CE000224614F8013B2D2B47F004078FD147F093
:109CF000010787E747F0020784E73046FFF796FE43
:109D000079E7B3683268591CB16002F803A0D6E95C
:109D100001239342FFF466AF3046FFF787FE60E70A
:109D2000D9F80030191DC9F800101D6853782E2B82
:109D300002F1010487D16378A3F13002092A04F10A
:109D400001044FF0000880D808EB880803EB4808AE
:109D500014F8013FA3F13002092AA8F13008F3D921
:109D600073E7D9F800301A1DC9F80020D3F800B005
:109D70008BEAEB73A3EBEB73092B40F30D82B7482F
:109D800001211A46632AA0FB03C301F101014FEA36
:109D9000D303F6DC414538BF4146002D40F0208119
:109DA0000025BBF1000FC0F2908107F00403002BE7
:109DB00040F0E18107F00303022B00F0D481CDE9EC
:109DC0000057434659460A223046FFF74BFE0134FE
:109DD00079E7D9F800301A1DC9F80020D3F80080BF
:109DE000B3683268581C3021B060D154D6E90123E1
:109DF000934280F02581591C3268B1607821D1549A
:109E0000D6E901329A4280F01681B8F10F0F474629
:109E100003D943461B090F2BFCD80125082301E079
:109E2000013B2D01012BFBD1B8FBF5F10F29F8D82F
:109E3000DFF82CB206E00F2D4FEA15137FF642AF84
:109E4000B2681D46B7FBF5F31BF80380B8F10A0FA3
:109E500005FB137778D03368501CB06003F802809C
:109E6000D6E901329A42E6D33046FFF7DFFDE2E75A
:109E7000D9F800301A1DC9F800201D78B3680A2DE2
:109E800000F030813268591CB160D554D6E90132F6
:109E90009A42FFF417AF3046FFF7C8FD013412E7CE
:109EA000D9F8001043460A2203E7D9F800301A1DFA
:109EB000C9F8002017F00107D3F8008065D1B8F188
:109EC000000F03D0404616F09BFA0746BD4215D955
:109ED0004FF0200B01E0BD4210D0B2683368511C36
:109EE000B16003F802B0D6E90123934205F1FF35D2
:109EF000F1D33046FFF79AFDBD42EED198F80050FD
:109F0000002D3FF4DFAEB3680D270A2D0FD0326865
:109F1000591CB160D554D6E90123934280F0C28028
:109F200018F8015F002D3FF4CDAE0A2DEFD1326855
:109F3000591CB160D754D6E901239342E7D3304688
:109F4000FFF774FDB368E2E73368501C4FF00D0172
:109F5000B0609954D6E901329A42FFF47CAF3046A2
:109F6000FFF764FDB26876E7304605B0BDE8F04F14
:109F7000FFF75CBDB2683168501CB0608B54D6E905
:109F800001329A4287D201349DE698F80020002AD7
:109F900000F013810A2AB368C3464FF00D0710D0B2
:109FA0003168581CB060CA54D6E9012393420BF1C2
:109FB00001016AD29BF80120002A46D08B460A2A6A
:109FC000EED13168581CB060CF54D6E901138B42F2
:109FD000E6D330460392FFF729FDB368039ADFE723
:109FE000BBF1000F68DB17F0040300F08A80BA07AA
:109FF00005F1FF3503D5B8F1000F3FF4D8AEFA07ED
:10A000003FF5D5AE002D3FF4D2AEA942BFF4CFAE9E
:10A010002023B268501CB06030688354D6E9010236
:10A02000824205F1FF3580F09380002D3FF4B8AEF9
:10A03000A942EED1B5E63046FFF7F8FCB268E4E697
:10A040003046FFF7F3FCB368D5E6C8F1010293444C
:10A050005D457FF637AE4FF0200806E0CDCCCCCC86
:10A06000584A0400AB453FF42DAEB36831685A1C22
:10A07000B26001F80380D6E90131994205F1FF355C
:10A08000F0D33046FFF7D2FCECE73046FFF7CEFCCA
:10A090009BF801200BF10101002AD6D0B3688B4652
:10A0A0008DE770473046FFF7C1FC18F8015F002DBF
:10A0B0003FF408AEB36828E7B80705F1FF354ED482
:10A0C000FB0702D40DB1A942A2D3B2683368501C79
:10A0D000B0602D209854D6E901329A425ED2CBF17D
:10A0E000000B67E6591C3268B1600D21D154D6E9E6
:10A0F00001239342FFF4C6AE3046FFF797FCB368E6
:10A10000C0E6BA0750D4FB075CD507F00303022B67
:10A110007FF455AEB8F1000F7FF451AEA942BFF401
:10A120004EAE3023B268501CB06030688354D6E91C
:10A130000102824205F1FF3503D2D5B1A942F1D126
:10A140003DE630460391FFF771FC03993023F4E7B5
:10A1500030460391FFF76AFC0399202365E7B8F1C5
:10A16000000FADD1B1E7B8F1000F7FF428AE002D9C
:10A17000D4D1002523E6B2683368501CB0602B2090
:10A180009854D6E901329A42FFF414AE3046039156
:10A19000FFF74CFC03990DE60121FBE530460391E6
:10A1A000FFF744FC03999AE7B8F1000F07D107F0D5
:10A1B0000303022B7FF403AEB0E7934648E7F807AA
:10A1C0003FF5F8AD8D423FF623AFF3E5FFF7CCBB8B
:10A1D0002DE9F041078ACE1C043F3E440546B6FBFC
:10A1E000F7F6FFF7DFFB002834D0F6B24FF48073A8
:10A1F000013E04468380C78005602CD003464FF0A3
:10A20000000807E06279464502F101026271386098
:10A21000056020D028461F46FFF7C4FB08F101085F
:10A2200003460028EED16779791E17D02246013304
:10A2300099421268FBD1D2F800805FB126680025F0
:10A2400001E034463668214640460135FFF7D2FB2F
:10A25000AF42F6D800242046BDE8F08120682146B0
:10A26000FFF7C8FBF6E700BF01210430FFF734BB5E
:10A270002DE9F041012104460430FFF739FB10F0CD
:10A28000FF0301D0BDE8F0816779791E16D0224620
:10A29000013399421268FBD1D2F80080002FF1D02F
:10A2A0002668002501E034463668214640460135DF
:10A2B000FFF7A0FBAF42F6D8BDE8F0812068214649
:10A2C000BDE8F041FFF796BB2DE9F8438846C78803
:10A2D000417907FB01F1043902EB030C1E1D6145B6
:10A2E000154638BFCD1AB7420446B6FBF7F207FB56
:10A2F000126002D8013A2468FCD13E1AAE4228BF4F
:10A300002E469DB14FF000090430AD1B324608EBDC
:10A310000901204414F0BAFFAF42B14424683E461C
:10A320004FF0000028BF2E46002DEDD1BDE8F88388
:10A330002DE9F8430446C788407907FB00F004384C
:10A3400002EB030C1E1D6045154638BFC51AB74207
:10A350008846B6FBF7F207FB126102D8013A24687F
:10A36000FCD17E1AAE4228BF2E469DB14FF00009A7
:10A3700004312144AD1B324608EB090014F086FF7E
:10A38000AF42B14424683E464FF0000128BF2E463C
:10A39000002DEDD1BDE8F88341DF7047064A074B39
:10A3A00010B5002414701C60BFF35F8F044905488A
:10A3B00000F0AEF8204610BD403A0020443A00209C
:10A3C000684A0400383A002000B583B000230DF13C
:10A3D00007008DF80730FEF76BFFF1EE103A23F01F
:10A3E0009F03E1EE103ABFF35F8F0B4B4022C3F89F
:10A3F00084219DF80700FEF781FF05F041FB28B995
:10A4000020BF40BF20BF03B05DF804FB03B05DF880
:10A4100004EBFFF7C1BF00BF00E100E0826800234A
:10A42000936082681361826853618268D360826836
:10A430005360826813607047F8B505460F46806820
:10A44000164613BBD0E903146A68081B02F1010C1D
:10A4500084452BD004EA020301EA0200984238BF87
:10A46000A418336836BF0134ACEB0004641A9C4274
:10A4700028BF1C4634602B6803443B60AA683168DF
:10A48000D3680B44D3600020F8BDFFF73DFA78B9DC
:10A49000D5E90123D3E9031402F1010C0B1B634539
:10A4A000D8D13060A868FFF753FAECE73360EAE7E9
:10A4B0001120F8BD38B5D0E901342569A26801330F
:10A4C0002B449B1A8B420CD30A44A26083689A687F
:10A4D000DA608068FFF730FAB0FA80F04009C00017
:10A4E00038BD042038BD00BF10B584682269A36858
:10A4F0009B1A8B420AD30A44226183681A695A6103
:10A5000080680430FFF724FA002010BD042010BD3D
:10A5100001600B6843604A68934208BF00234360B0
:10A52000704700BF436843B1026891680B444360C1
:10A530005268934204BF00234360704770B544687B
:10A54000064620680D4618B908E02468206828B13E
:10A55000B368294698470028F7D12068286025600D
:10A5600070BD00BF4368186808B102681A60704780
:10A5700043681868704700BF4368186818B908E056
:10A580000346006828B18142FAD10A681A600120A6
:10A59000704770470E49A1F5947205E052F83330C8
:10A5A000984238BF614607D28B1A1B11914202EBC9
:10A5B000C30CF3D80748704702D90CF10802F3E73F
:10A5C000DCF80400034B002808BF1846704700BFA2
:10A5D000A04F0400A04F040010B44FF08053D3F8F4
:10A5E0003021082A30D0844AD2F8883043F47003EE
:10A5F000C2F88830BFF34F8FBFF36F8F4FF0805397
:10A60000D3F83021082A11D04FF01023D3F80022BC
:10A61000002AC0F2C080D3F80432002BC0F2BB8005
:10A62000764B774A1A605DF8044B7047D3F83431A3
:10A63000052B40F2AA804FF010224FF08043D2F851
:10A640000822C3F85825DFE74FF080410020C1F809
:10A650000C016C4AC1F81001C1F83805D3F8041494
:10A66000C2F82015D3F80814C2F82415D3F80C1436
:10A67000C2F82815D3F81014C2F82C15D3F8141406
:10A68000C2F83015D3F81814C2F83415D3F81C14D6
:10A69000C2F84015D3F82014C2F84415D3F8241496
:10A6A000C2F84815D3F82814C2F84C15D3F82C1466
:10A6B000C2F85015D3F83014C2F85415D3F8341436
:10A6C000C2F86015D3F83814C2F86415D3F83C14F6
:10A6D000C2F86815D3F84014C2F86C15D3F83411D9
:10A6E000D3F84434C2F87035052942D8464B5B5C38
:10A6F0001BB1464B464AC3F88C26464B5B5C73B194
:10A700004FF080534449D3F83021FB20C1F818059D
:10A71000082AD3F834117FF466AF052929D83F4BB6
:10A720005B5CBBB14FF080524FF08040D2F85832A2
:10A73000D0F8E41ED2F8304121F00F0103F00F03EE
:10A740000B43C0F8E43E082CD2F834117FF44BAF31
:10A7500005290ED8324B5B5C5BB14FF08053314A18
:10A76000D3F830314FF40071082BC2F840167FF453
:10A770003AAF4FF08043D3F80024D2077FF533AFD0
:10A780006FF00102C3F800242DE7274AD35C002BA9
:10A790003FF43AAF4FE7254A0123C2F80435D2F817
:10A7A0000034002BFBD04FF0102312211F4AC3F8B6
:10A7B0000012D2F80034002BFBD04FF010231221EE
:10A7C0001A4AC3F80412D2F80034002BFBD000233D
:10A7D0001649C2F80435D1F80034002BFBD0BFF382
:10A7E0004F8F0549124BCA6802F4E0621343CB60F5
:10A7F000BFF34F8F00BFFDE700ED00E030300020D9
:10A800000090D00300C00040BC4F04000050004046
:10A8100048810300BC4F040000F00040BC4F04001E
:10A82000BC4F040000900240B44F040000E001401F
:10A830000400FA05074B1B5C1F2B8ABF064A4FF02A
:10A84000A04203F01F03D2F80405D84000F0010035
:10A85000704700BFC44F040000030050064B1A5C51
:10A860001F2A86BF054902F01F024FF0A0410123B5
:10A870009340C1F808357047C44F040000030050EE
:10A88000064B1A5C1F2A86BF054902F01F024FF0D3
:10A89000A04101239340C1F80C357047C44F040018
:10A8A000000300504FF0A0430B4910B44FF4005286
:10A8B0004FF40074C1F80C454FF08070C3F80C25BC
:10A8C0004FF480314022C3F80C05C3F80C15C3F8CF
:10A8D0000C255DF8044B7047000300504FF0A04377
:10A8E0000B4910B44FF400524FF40074C1F80845FE
:10A8F0004FF08070C3F808254FF480314022C3F830
:10A900000805C3F80815C3F808255DF8044B70471F
:10A91000000300500A4B185C1F288ABF09494FF0FA
:10A92000A04100F01F00D1F804350122824022EA44
:10A9300003001340C1F80805C1F80C35704700BF8B
:10A94000C44F0400000300504FF0A043D3F810059B
:10A95000C0F30030704700BF0C3818BF4FF0FF3015
:10A96000704700BF0C207047C10707D4830742BF60
:10A970004FF0A0430C22C3F8302770474FF0A0439C
:10A98000144910B403224FF40074C1F82427C3F80B
:10A990003427C3F86027C3F84027C3F81827C1F845
:10A9A0000C454FF080724FF40054C3F80C454FF43F
:10A9B0008031C3F80C254022C3F80C15C3F80C25D0
:10A9C000820704D54FF0A0430C22C3F830275DF86E
:10A9D000044B70470003005010B568B90E4CA368D3
:10A9E000012262703BB1D3E900230020A2609847A6
:10A9F000A368002BF7D110BD0128FCD1064C2369B8
:10AA0000A070002BF7D0D3E90023012022619847E2
:10AA10002369002BF7D110BD483A002070B910B55A
:10AA2000074CA368012262703BB1D3E900230020E8
:10AA3000A2609847A368002BF7D110BD704700BFF4
:10AA4000483A002030B5012883B004D0032821D033
:10AA5000B0B103B030BD294C00230DF107008DF8D3
:10AA60000730FEF725FC23786BB3E3689DF80700F9
:10AA700001221344E360A270FEF740FC03B030BD36
:10AA80001F4B0122C3F88020BFF34F8FBFF36F8F9E
:10AA900003B030BD194C00F045F800230DF107005C
:10AAA0008DF80730FEF704FCE368013BE360E368E0
:10AAB0001BB9144BD3F80054C5B19DF80700FEF73D
:10AAC0001DFC03B030BD10486360A3602361E360E8
:10AAD00000F01CF804F0D4FF60B10A4A012323708F
:10AAE000D2F80024002AC0D0A370BEE700F02CF8F2
:10AAF000A570E2E700F016F8EFE700BF483A002043
:10AB000000E100E000000140D9A90200044A1379E5
:10AB100023B9012110609180184670478520704745
:10AB20005C3A0020074B1A68D20704D4C02283F88D
:10AB3000002301221A604FF080430122C3F8182538
:10AB4000704700BF00E100E04FF080420221002387
:10AB5000C2F8081382B0C2F80431D2F8043101936C
:10AB600001230199D360D2F81834DB03FBD402B07F
:10AB7000704700BF10B54FF0804382B0D3F800217A
:10AB800062B10021164AC3F80011D3F800115079C0
:10AB900000910121009CC3F80813A8B14FF0804335
:10ABA000D3F80421CAB10022C3F80421D3F8042148
:10ABB000019202210A4A0198C3F808131368012080
:10ABC00002B0BDE8104018471368517198474FF024
:10ABD0008043D3F80421002AE5D102B010BD00BFA4
:10ABE0005C3A002030B5224D95F86A3083B0002BD6
:10ABF0003BD105F130015C09012C2DD1FF22CA5453
:10AC00000133302BF7D14FF0FF3341F8303C0622AF
:10AC100000211848EB62C5E90133C5E90333C5E9F2
:10AC20000533C5E90733C5E909332B6614F044FC45
:10AC3000114B402283F806231A60104B0020C3F802
:10AC40007C01D3F87C2101924FF00042019985F8F4
:10AC50006A40C3F8042309E04FF0FF3222FA03F000
:10AC6000C00748BFCA540133C5E7082003B030BD50
:10AC7000643A0020C83A002000E100E00060004093
:10AC8000034B93F86A00003818BF0120704700BFDB
:10AC9000643A002070B57C4B03EB000E9EF930C087
:10ACA000BCF1000F56DA91F802C01CF0020FCCF391
:10ACB000400541D11C6A013400F0B8805C6A01345F
:10ACC00000F0CF804FF0080E0C244FF00A0C53F820
:10ACD0002C60013642D00EF1030CA4452AD253F861
:10ACE0002C6001363AD00EF1040EA64522D21E6920
:10ACF000013631D05E69013600F0A5809E690136CB
:10AD000000F0A480DE69013600F0A380082C11D089
:10AD10001C6A013400F0B1805C6A013400F090805C
:10AD20009C6A013400F0AC80DC6A013408BF4FF04B
:10AD30000B0C13D0042070BD1C68013400F08C8013
:10AD40005C68013400F094804FF0000E08244FF04E
:10AD5000020CBCE7082070BD4FF0040C1C1843F82F
:10AD60002C204FFA8CF284F83020002D64D091F81A
:10AD700002C01CF0040F1ED11CF0010F45D11F288A
:10AD80004D7887BF414E00F01F0404464FF0A046A7
:10AD900004F5E074AD0046F824503D4EC50800F0BF
:10ADA000070E16F805C0012404FA0EF444EA0C0458
:10ADB000745591F802C01CF0020F1BD0930003F1F0
:10ADC000804303F5C0430978D3F8104524F44F3489
:10ADD00024F440740202C3F810450904D3F81005A6
:10ADE00002F47C5201F440310A430243C3F81025B7
:10ADF000002070BD083A43FA82F2097892F8603078
:10AE000043EA811382F86030F2E71F2887BF1F4CA6
:10AE100000F01F0505464FF0A04404EB8504D4F86C
:10AE2000005725F00205C4F80057B6E74FF0080CAC
:10AE30001A628EF830C062469C448CF8580096E73F
:10AE40004FF0090C8AE74FF0050C87E74FF0060C2E
:10AE500084E74FF0070C81E71A6000228EF830205B
:10AE600085E74FF0090C5A628EF830C06246E3E77E
:10AE70005A6001228EF8302079E74FF0080C6DE718
:10AE80004FF00A0C6AE700BF643A0020000300504C
:10AE9000C83A002030B4384C04EB000C82B09CF966
:10AEA0003030072B12DD083B44FA83F393F860300F
:10AEB0009B09032B35D0012B0CBF4FF400324FF40C
:10AEC00040321F2849D84FF0A04336E0DAB2072AB3
:10AED00024D8980000F1804003F1400200F5C04002
:10AEE00052B29200D0F8105592B202F1804202F5AF
:10AEF000C04245F00105C0F81055002010601268EE
:10AF00000192019A51B19CF9302054F822202AB1C3
:10AF10001A49012202FA03F3C1F8043302B030BC2B
:10AF200070471F281DD84FF0A0421346D2F81025B5
:10AF3000C24002F001020232120403EB8003D3F894
:10AF4000001721F44031C3F80017D3F800170A4363
:10AF5000C3F8002702B030BC704700F01F00084B58
:10AF6000EBE7074BD3F8102500F01F00C24002F0BA
:10AF7000010202321204F2E7643A0020006000404D
:10AF8000000300501F288ABF054B4FF0A04300F07C
:10AF90001F00D3F8103523FA00F000F001007047CD
:10AFA000000300502DE9F047002384B0CDE90233BF
:10AFB0001C4AD2F80011012900F03B821E46194BB1
:10AFC000D3F80421012A00F02582164BD3F808217A
:10AFD000012A00F01082134BD3F80C21012A00F053
:10AFE000FB81104BD3F81021012A00F0E6810D4BB4
:10AFF000D3F81421012A00F0D1810A4BD3F818218B
:10B00000012A00F0B881074BD3F81C21012A0BD08C
:10B01000044BD3F87C21012A00F02C8256BB04B0EB
:10B02000BDE8F08700600040D3F804231106EFD597
:10B030000022C3F81C21D3F81C110091D3F87C1115
:10B040000098012946F0800614D1C3F87C21D3F87A
:10B050007C3101934FF0A042019BD2F82015CD4BDB
:10B060000291C2F82015D3F820250392C3F82025B9
:10B0700046F00046C84F00240125A30003F1804399
:10B080002E4203F5C0434FEA45050BD0D3F8100517
:10B0900057F82420D3F81015C0F30520C1F301415F
:10B0A00002B190470134082CE7D1002EB7DABA4C30
:10B0B000B84E01254FF0A04794F960305A1C4BD090
:10B0C000C3F3C20101F110020DEB020103F007020C
:10B0D00011F808CC05FA02F21CEA020FD9B203F00B
:10B0E0003F0039D01F2800F2368103464FF0A049B7
:10B0F00009EB830205FA03F3D2F800C7D2F800E7A0
:10B100002EF4403EC2F800E704EB000ECCF3014CF5
:10B110009EF930E0D2F800A754F82E80BCF1020F5F
:10B120000CBF4FF4403E4FF4003E4EEA0A0EC2F808
:10B1300000E7C9F82035B8F1000F0DD089090329BF
:10B1400000F08C81BCF1020F00F08581BCF1030F8F
:10B1500002D1022900F0828194F96130581C4BD051
:10B16000C3F3C20101F110020DEB020103F007026B
:10B1700011F808CC05FA02F21CEA020FD9B203F06A
:10B180003F0039D01F2800F2EA8003464FF0A04963
:10B1900009EB830205FA03F3D2F800C7D2F800E7FF
:10B1A0002EF4403EC2F800E704EB000ECCF3014C55
:10B1B0009EF930E0D2F800A754F82E80BCF1020FBF
:10B1C0000CBF4FF4403E4FF4003E4EEA0A0EC2F868
:10B1D00000E7C9F82035B8F1000F0DD0890903291F
:10B1E00000F04181BCF1020F00F03A81BCF1030F85
:10B1F00002D1022900F0378194F96230591C4BD0FA
:10B20000C3F3C20101F110020DEB020103F00702CA
:10B2100011F808CC05FA02F21CEA020FD9B203F0C9
:10B220003F0039D01F2800F29E8003464FF0A0490E
:10B2300009EB830205FA03F3D2F800C7D2F800E75E
:10B240002EF4403EC2F800E704EB000ECCF3014CB4
:10B250009EF930E0D2F800A754F82E80BCF1020F1E
:10B260000CBF4FF4403E4FF4003E4EEA0A0EC2F8C7
:10B2700000E7C9F82035B8F1000F0DD0890903297E
:10B2800000F0F680BCF1020F00F0EF80BCF1030F7C
:10B2900002D1022900F0EC8094F963305A1C4AD0A4
:10B2A000C3F3C20101F110020DEB020103F007022A
:10B2B00011F808CC05FA02F21CEA020FD9B203F029
:10B2C0003F0038D01F2852D803464FF0A04909EB61
:10B2D000830205FA03F3D2F800C7D2F800E72EF490
:10B2E000403EC2F800E704EB000ECCF3014C9EF99F
:10B2F00030E0BCF1020F54F82E80D2F800E70CBF0A
:10B300004FF4403A4FF4003A4EEA0A0EC2F800E712
:10B31000C9F82035B8F1000F0DD08909032900F0D4
:10B320009880BCF1020F00F09180BCF1030F02D1B4
:10B33000022900F08E80D7F820350293C7F8203517
:10B34000D6F8202503921343C6F820257FF4B4AE27
:10B3500004B0BDE8F08703F01F03B146C8E603F070
:10B360001F03B14614E703F01F03B14660E703F083
:10B370001F03B146ABE7D3F8042350067FF543AE75
:10B380000022C3F81821D3F818310093009B46F02F
:10B39000400638E600030050643A0020D3F8042346
:10B3A00094067FF52AAE0022C3F81421D3F8143195
:10B3B0000093009B46F020061FE6D3F80423D50631
:10B3C0007FF515AE0022C3F81021D3F81031009399
:10B3D000009B46F010060AE6D3F8042317077FF512
:10B3E00000AE0022C3F80C21D3F80C310093009B6F
:10B3F00046F00806F5E5D3F8042352077FF5EBADD8
:10B400000022C3F80821D3F808310093009B46F0CE
:10B410000406E0E5D3F8042391077FF5D6AD0022BA
:10B42000C3F80421D3F804310093009B46F00206D0
:10B43000CBE5D2F8046316F001063FF4C0ADC2F8C4
:10B440000031D2F800310093009BB8E501297FF468
:10B4500072AFC0476FE701297FF47EAEC0477BE63D
:10B4600001297FF4C9AEC047C6E601297FF414AFB5
:10B47000C04711E70022C3F87C21D3F87C31019347
:10B480004FF0A042019BD2F82015064B0291C2F862
:10B490002015D3F820250392C3F82025002E3FF471
:10B4A00006AEE5E500030050014B1B68184700BFDE
:10B4B000D03A00200220FFF72DBA00BF2DE9F0415D
:10B4C00005460C46FFF748FA20B9012C1AD0022C89
:10B4D00015D00CB1BDE8F0811448FDF7A1FE144A67
:10B4E000144B94781B78A342F4D1002CF2D0124B69
:10B4F0001B68002BEED02046BDE8F04118470C4BEE
:10B500005C78F2E70A4E737834781BB9094BB2784D
:10B510001A70EAE7094F05483A464FF40041FDF733
:10B5200023FE0028F2D13D70F0E700BF3830002044
:10B53000DC3A0020D83A0020E03A0020D93A002036
:10B5400010B50078FFF708FA40B9054B587828B1D4
:10B55000044B1B6813B1BDE81040184710BD00BF75
:10B56000DC3A0020E03A002038B5BF4D2B78044685
:10B5700083B1BE4B1B7800202870002B4FD0FFF703
:10B580007FF90120FFF77CF90320FFF779F9042008
:10B59000FFF776F9172C61D8DFE814F0FE0063009E
:10B5A0006300B000BD00CA00DC001601500044007A
:10B5B00050004400920018001800180018001800ED
:10B5C000EA0098007A001D015C005C00A848FDF7C5
:10B5D00027FED4F11104054600F03081002840F028
:10B5E0002D81012C14D0C82303FB04F429464FF409
:10B5F00000434FF4FA70C4FB03014FF47A72002346
:10B6000018F0D0FF2A4601469948FDF7ADFD0546E2
:10B610000220FFF723F9954B01221A701FE0FFF774
:10B6200041F9B7E701202870FFF774F9BDE8384009
:10B63000904800224FF48041FDF796BD012028700C
:10B64000FFF768F9BDE838408A48002240F6CD414E
:10B65000FDF78ABDFFF742F9874B1C70002528468D
:10B6600038BD0020FFF7E6F8002840F0CD80FFF756
:10B67000F5F841F69A1143F23333022C18BF1946FC
:10B680007D4B1C70BDE838407A480022FDF76CBD48
:10B69000764B1B78002B00F0DB800020FFF7F0F8E2
:10B6A0000120FFF7EDF80320FFF7EAF80420FFF789
:10B6B000E7F80120FFF7D2F86F4B14221A70CDE79C
:10B6C000FFF70CF96C4B0C221A70C7E7674B1B781D
:10B6D000002B00F0BA800020FFF7D2F80120FFF71E
:10B6E000CFF80320FFF7CCF80420FFF7C9F80020BB
:10B6F000FFF7B4F8604B13221A70AFE70020FFF792
:10B7000099F8002840F09480FFF7A8F841F69A11C4
:10B71000594B0324B5E70020FFF78CF8002840F0D0
:10B720008180FFF79BF843F23331534B0424A8E7A1
:10B730000020FFF77FF8002870D1FFF78FF84E4BFD
:10B740004C4805241C70BDE83840002241F69A118F
:10B75000FDF70ABD0020FFF7DDF8474B45480624FA
:10B760001C70BDE83840002240F6CD41FDF7FCBC1E
:10B770003E4B1B78002B74D00020FFF781F801208E
:10B78000FFF77EF80320FFF77BF80420FFF778F837
:10B79000394B12221A7061E7344B1B78002B5DD0B5
:10B7A0000020FFF76DF80120FFF76AF80320FFF78C
:10B7B00067F80420FFF764F82E48FDF731FD2E4BA3
:10B7C000002205461A704AE70020FFF747F82A4B87
:10B7D00007221A7042E7254B1B78E3B30020FFF7DE
:10B7E0004FF80120FFF74CF80320FFF749F8042039
:10B7F000FFF746F80020FFF731F80120FFF72EF899
:10B800001D4B15221A7029E70020FFF739F8022C8A
:10B810004EF2666118BF4FF4003131E70020FFF7A8
:10B820002FF88CE70020FFF72BF84FF400317CE76E
:10B830000020FFF725F846F2666169E70220FFF76E
:10B840001FF80A4B00221A7009E7FFF72BF84EE7A2
:10B85000FFF728F82DE7FFF725F8CBE7FFF722F8E9
:10B86000AAE7FFF71FF893E7EC3A0020E43A00203C
:10B870005830002078300020ED3A0020044B1B683F
:10B88000DB0700D47047034B1878FFF76DBE00BF8D
:10B89000E83A0020ED3A002008B100207047FFF799
:10B8A00053B800BF044B1B6813F0010301D11846C5
:10B8B0007047FFF759BE00BFE83A002038B5214B6A
:10B8C000214A196081070446106004D410F0010574
:10B8D00026D1284638BD1D4B1D480E21197040F257
:10B8E00066620121FDF7D4F8054630B1E207F0D5D4
:10B8F0000120FFF739F8284638BDFDF725F9054640
:10B900000028F3D10146134A1348FDF715FCE3075D
:10B910000546DED50120FFF727F8002DD9D102E03A
:10B920000120FFF721F80D4A0D480021FDF704FC26
:10B9300005460028CDD1BDE838400A4A0A48012111
:10B94000FDF7FABBE03A0020E83A0020DC3A00209C
:10B95000E84F040041B50200F04F04007DB802003A
:10B96000F84F0400B5B40200F44F040030B9012AC6
:10B9700006D0012912D0022907D051B10720704703
:10B9800001290AD002290246F7D1064B00205A703D
:10B990007047044B9A70002070470E22014B1A70BA
:10B9A000F9E700BFDC3A002008B10620704708B56F
:10B9B000FEF7D8FF1F2886BF0A4B00F01F004FF08C
:10B9C000A04303EB80030020D3F8002722F4403289
:10B9D000C3F80027D3F8002742F40032C3F8002749
:10B9E00008BD00BF0003005010B50388102B07D01E
:10B9F000112B04D1254B18680138186030B110BDE7
:10BA0000224C216811B30131216010BD01220221B5
:10BA1000FFF7ACFF40B1072806D01D4B1B68002B79
:10BA2000EDD0BDE810401847072202210120FFF7A2
:10BA30009DFF08B10728F0D100210A220846FFF730
:10BA400095FF0028DBD00728D9D0E6E70122084679
:10BA5000FFF78CFF38B1072805D00D4B1B6803B1E9
:10BA600098472168CFE7072202210120FFF77EFFD8
:10BA700008B10728F1D1042202210020FFF776FF48
:10BA80000028EED00728ECD0E7E700BFF03A00200E
:10BA9000F43A002008B50020FFF786FF10B1062811
:10BAA00000D008BD0120FFF77FFF0028F9D006284D
:10BAB00008BF002008BD00BF184B10B5186031B199
:10BAC00001200C46FFF7E8FEF8B102232370144B67
:10BAD000186808B1002010BD01220221FFF746FFBF
:10BAE00008B10728F7D1072202210120FFF73EFF06
:10BAF00008B10728EFD100210A220846FFF736FFD8
:10BB00000028E7D00728E5D010BDFFF7C5FE10B12B
:10BB10000B232370DBE72070D9E700BFF43A002045
:10BB2000F03A002076DF704778DF70477ADF7047A1
:10BB30007CDF70478FDF704767DF704733DF704708
:10BB400041DF704770B5134B4A881B88124C9A42EC
:10BB500005460CD0114BE41AE40824042B886A88AB
:10BB60000F4944F00400BDE87040FCF70BBA0A88A6
:10BB700040F677239A42EDD1084A8B880949A41AE6
:10BB8000E408033B9BB224041A4644F00300FCF78C
:10BB9000F9F9E3E7C8300020B4A704008CA704003B
:10BBA00018500400FC4F0400FCF7E4BF30B5044615
:10BBB00087B008F0FFFB2288A2F11003462B72D851
:10BBC000DFE813F0A600C400710071007100E2000C
:10BBD0007100FB0099004700710071007100710055
:10BBE00071007100710083007100710071007100BB
:10BBF00071007100710071007100710071007100BD
:10BC000071007100710071007100710071007100AC
:10BC1000710071007100710071006A0071007100A3
:10BC2000710071007100710071007100710071008C
:10BC3000710071007100710071007100710071007C
:10BC4000710071007100710071007100710071006C
:10BC50006A005F4B5F4D617BA27AED1A637A0291B5
:10BC6000217BC2F3C002CDE90021ED082D0445F08F
:10BC70000305C3F38003227A57492846FBF7C0FE29
:10BC8000228856492846FCF761FA237A892B08D185
:10BC900053492846FCF738FBA0881321FFF742FFE1
:10BCA00070B907B030BD4A4B4A484E49C01AC00867
:10BCB000000440F0030007B0BDE83040FCF746BA8E
:10BCC00007B0BDE83040FCF755BF424D404BED1A80
:10BCD000ED082D04444945F00400FCF715FB002352
:10BCE000A088ADF8103004A9FFF724FF0028D8D0B1
:10BCF000FCF740FFD5E73748354B3C49C01AC00830
:10BD0000000440F0030007B0BDE83040FCF7FCBA87
:10BD10002F4B304D3649ED1AED082D0445F0030048
:10BD2000FCF7F2FA334B4FF6FF7207201A80FFF749
:10BD3000B9FD002845D1304BA1883048198003F067
:10BD4000BFFB0028C6D0FCF715FFC3E7204B214CF2
:10BD5000284D2B49E41AE408240444F00300FCF7BE
:10BD6000D3FA2888244A4FF6FF739842138098D05C
:10BD700007F0AAFC40BB234944F00400FCF7C4FAD6
:10BD80004FF6FF732B808CE704F10801062204A80C
:10BD900013F07CFA002304A88DF81630FBF7DAFBC9
:10BDA0000C4B194902460A481B1ADB081B0443F0D6
:10BDB0000300FCF7CBF907B030BD0648044B13492C
:10BDC0009CE7FCF7D7FEB6E7FCF7D4FED3E700BF4D
:10BDD0008CA70400B4A70400EC50040044510400F4
:10BDE0005C510400785104008C500400CC500400D5
:10BDF00080500400CA300020C83000204C51002080
:10BE00005450040064500400A0500400AC500400DE
:10BE10000BF056BF08B5037803B108BD054B3B21B5
:10BE20001888FFF77FFE0028F7D0BDE80840FCF730
:10BE3000A1BE00BFC83000204368EBB90378012BD6
:10BE40000ED0022B00D07047104A11498368891A1E
:10BE5000C9080904026941F003000E49FCF792B8D1
:10BE60000A4A0B498368891AC9080904026941F022
:10BE700003000949FCF786B80548044B0749C01A76
:10BE8000C008000440F00300FCF73EBA8CA7040091
:10BE9000B4A7040008520400D451040090510400D7
:10BEA00008B52B20FFF76EF870B10F4A0F491368E1
:10BEB00001331360D1F810350D4A13F4805F136815
:10BEC0000ED1013B136008BD0A4A084913680133CB
:10BED0001360D1F81035064A13F4805F1368F0D16F
:10BEE0000133136008BD00BFC43C002000030050B4
:10BEF000BC4C0020C03C002008B52220FFF742F8CF
:10BF0000094B0A4AD3F8103530B113F0020F136809
:10BF100006D1013B136008BD13F0020F1368F8D17E
:10BF20000133136008BD00BF00030050B84C00206F
:10BF3000072808B51CD00A280ED0042800D008BD58
:10BF4000154B13211888FFF7EDFD30F00803F6D0EC
:10BF5000BDE80840FCF70EBE0020FFF7A3FCB8B90F
:10BF6000FFF798FD88B9FFF7E9FD0028F0D108BD7B
:10BF7000094A12884FF6FF739A42E0D1074802F04F
:10BF8000DFFB30F00803E3D1D9E7FCF7F3FDEAE784
:10BF9000FCF7F0FDE4E700BFC8300020184D00209A
:10BFA00070B506788EB00EB10EB070BD114B124D4B
:10BFB0001249ED1AED082D04044645F00405284603
:10BFC000FCF7A2F9A28A21692846FBF719FCA58A89
:10BFD00021692A4601A814F081FA05F138036B445F
:10BFE000691C074A03F8346C89B201A8FCF730FEDB
:10BFF0000EB070BD8CA70400B4A70400405204002A
:10C00000E1D50200FCF7B6BD30B5044685B007F0B7
:10C010008DFC204608F0A6F9204607F045FE227860
:10C02000D31E0A2B07D8DFE803F03E28061B0606BE
:10C030000606060613003D4B3D483E49C01AC0089F
:10C04000000440F0030005B0BDE83040FCF77EB8C6
:10C050003948032102F028FB00285ED105B030BD2D
:10C06000324B33483549C01AC008000440F0030081
:10C0700005B0BDE83040FCF747B92C4B2C48304C9C
:10C080003049C01AC008000440F00300FCF73CF936
:10C090002D49208807F006FB00283BD14FF6FF739F
:10C0A000238005B030BD214B214D2849ED1AED0804
:10C0B0002D0445F003052846FCF726F9608803A9FE
:10C0C00007F0E6FA18BB9DF80C305B0712D41C4C45
:10C0D0001F492846FCF718F91B49208807F0E2FAA7
:10C0E00000BB20881321FFF71DFD0028B6D0FCF708
:10C0F00041FDB3E7608802F079FD0246207A63884B
:10C10000144900902846FBF75BFE05B030BDFCF7F4
:10C1100031FDD8E7FCF72EFDC0E705B0BDE83040A3
:10C12000FCF728BDFCF726FDDBE700BF8CA7040069
:10C13000B4A704003C530400184D00201C53040015
:10C14000C8300020F8520400CA30002074520400A5
:10C15000CC5204009452040008B580B103280DD1DC
:10C16000124B13481349C01AC008000440F00300E2
:10C17000FCF7CAF80220FFF795FB50B908BDFFF79E
:10C1800091FB50B9FFF786FC68B9FFF7D7FC002890
:10C19000F4D0BDE80840FCF7EDBCFCF7EBFCFFF782
:10C1A00079FC0028F1D0FCF7E5FCEEE78CA7040051
:10C1B000B4A7040054530400037803B170472DE979
:10C1C000F043012185B0044640680BF01DFD0028B6
:10C1D00066D1364B364D374E37493268ED1AED0889
:10C1E0002D0445F003052846FBF7B0FF636833498B
:10C1F000B3F900202846FBF7A9FF6268304BB2F97B
:10C20000002093ED0B7ADFED2F6A33682E4D2F4C13
:10C2100007EE902AB8EE477AF8EEE77A013367EE38
:10C22000877A336087EEA67A2B68012B84ED007A3B
:10C2300004D0022B2FD005B0BDE8F083244B254A53
:10C240001B68126824492548DFF8A080234F244E3C
:10C25000DFF89C90CDE90032224B21600022224978
:10C2600013F0EAFF1D4814F0CBF8ADF80E00B8F853
:10C2700000300DF10E023946304603F0B9FA0828B5
:10C2800007D0132803D829FA00F3DB070BD4FCF7F7
:10C2900071FC02232B60104B236005B0BDE8F083D6
:10C2A000FCF768FC95E71328E1D0F2E78CA70400BF
:10C2B000B4A70400AC3C002068530400E467040009
:10C2C000E04C00208096184BDC4C0020A43000206D
:10C2D000BC4C0020B84C00200000C8426C4C002030
:10C2E000103100200000594080530400C830002065
:10C2F0002100080008B50B490B4802F033FF28B9AC
:10C300000948F72102F046FF40B908BDFCF732FCAE
:10C310000548F72102F03EFF0028F6D0BDE80840AE
:10C32000FCF728BC45BB0200585100202DE9F04124
:10C33000AB4C237882B00A2B1ED8DFE813F06C00D8
:10C34000A800AA00FD001C0138010B007B011D00A4
:10C350001D002000A34BA44D1B68A869C01A12F051
:10C36000F1FEB0F57A7FC0F2AF81A04B1B68B3F548
:10C37000FA6F01D90A23237002B0BDE8F0819C4C0A
:10C380004FF0A0434FF400504FF400014FF400125F
:10C390004FF480464FF48075C4F80865C4F808056A
:10C3A000C3F80815C3F80825C4F80C55C4F8086587
:10C3B000C4F80C058F48C3F80815C3F80C254FF0D6
:10C3C000641202608C498D480223012203F082FE30
:10C3D0008B48C4F80855FCF723FF002840F0808103
:10C3E0008048884A8849804B002404601460874A4A
:10C3F0000C7001A886491C63C3E90644147013F04D
:10C40000A1FF844A022101A8FCF722FC824B1C7088
:10C4100002B0BDE8F081744A8048926902608048A9
:10C42000734B724D02604FF4804600224FF48070CF
:10C430002A604FF0A041C3F80C05C3F808654FF41B
:10C440000056C3F80C656B484FF40003C1F808357B
:10C450004FF40013C1F80C350260022366496748A7
:10C46000012203F037FE012323702B68142B83D99C
:10C470005C4A6C4B126863491A606B4B096819601F
:10C48000002202232A60237002B0BDE8F081574DDC
:10C49000EBE7564A65481368654900FB03F3B1EBC7
:10C4A000B30FFFF469AF1368B3F5FA6F3FF662AFED
:10C4B0004C4E5C4D33682868C01A12F043FE0928C0
:10C4C00040F33881DFF83C81574FD8F800303868A6
:10C4D000C01A12F037FE092828DC2378DFF814C1CF
:10C4E0004648032B424B4FF48071C3F80C154FF4B0
:10C4F0008041C3F808154FF0A0424FF40051C3F833
:10C500000C154FF40003C2F808354FF400133A49F4
:10C51000C2F80C3500F055814FF4C803CCF8003058
:10C520000122022303F0D6FD042323703268D8F8D9
:10C5300000302A603B601FE72C4A3C4813683C49A6
:10C5400000FB03F3B1EBB30FFFF416AF1368B3F5C1
:10C55000FA6F3FF60FAFDFF8AC80334FD8F80030FA
:10C560003868C01A12F0EEFD092840F30681D8F8A9
:10C5700000303B6000E71D4A2C4813682C4900FB43
:10C5800003F3B1EBB30FFFF4F7AE1368B3F5FA6F33
:10C590003FF6F0AE134E234D33682868C01A12F0F0
:10C5A000D1FD092840F3A28033682B60E4E61B49E3
:10C5B0000D4B1B4A0968126899611349DA6101231E
:10C5C0000B70084D094A0F4806230021237042F6DC
:10C5D000E0632B600360116002B0BDE8F08100BF32
:10C5E000154D0020BC4C0020E04C0020D84C002011
:10C5F00000030050A43C00204C5504009C30002057
:10C60000F0300020B84C0020C84C0020144D002011
:10C6100098530400E1D50200164D0020BC3C0020D8
:10C62000B83C0020A44C0020A04C0020CDCCCCCCA9
:10C63000CCCCCC0C684B1B68B3F5967F7FF69CAED8
:10C64000664C4FF0A0434FF400504FF400014FF4FC
:10C6500000124FF480464FF48075C4F80865C4F8A2
:10C660000805C3F80815C3F80825C4F80C55C4F824
:10C670000865C4F80C055A48C3F80815C3F80C251A
:10C680004FF064120260574957480223012203F019
:10C6900021FD5648C4F80855FCF7C2FD18BB5449A3
:10C6A000544B554A00240C7001A854491C70146363
:10C6B00013F048FE524A022101A8FCF7C9FA514A78
:10C6C000514B14601C7057E6504BE8691B68C01A48
:10C6D00012F038FDB0F57A7FBCBF0723237044E623
:10C6E000FCF748FA7CE6FCF745FAD8E73B4B3D49B6
:10C6F0003D484FF48072C3F80C254FF48042C3F8D4
:10C7000008254FF40052C3F80C254FF0A0434FF416
:10C710000002C3F808254FF40012C3F80C25304B73
:10C720004FF064121A600223012203F0D3FC0523A8
:10C73000237039E7294B2B492B484FF48072C3F8FB
:10C740000C254FF48042C3F808254FF40052C3F87B
:10C750000C254FF0A0434FF40002C3F808254FF416
:10C760000012C3F80C251E4B64221A60022301221A
:10C7700003F0B0FC03232370A4E6184B19491A48B0
:10C780004FF48072C3F80C254FF48042C3F808259B
:10C790004FF40052C3F80C254FF0A0434FF40002B1
:10C7A000C3F808254FF40012C3F80C250C4B4FF0CA
:10C7B00064121A600223012203F08CFC052323700B
:10C7C000D5E64FF06413CCF800300122022303F0C9
:10C7D00081FC05232370A9E6D84C002000030050FB
:10C7E000A43C00204C5504009C300020F030002078
:10C7F000C84C0020144D0020E04C0020945304004D
:10C80000E1D50200DC4C0020164D0020B84C002081
:10C8100070B5684C237882B0052B09D8DFE803F0A7
:10C8200003089742490A644A0021022311602370D9
:10C8300002B070BD604B1B681E2BF9D95F4C4FF0E6
:10C84000A0434FF400504FF400014FF400124FF496
:10C8500080464FF48075C4F80865C4F80805C3F82D
:10C860000815C3F80825C4F80C55C4F80865C4F8C1
:10C870000C055348C3F80815C3F80C254FF0641293
:10C880000260504950480223012203F023FC4F4824
:10C89000C4F80855FCF7C4FC002840F084804C4BD9
:10C8A0004C4946E0444B1B681E2BC1D9042323701E
:10C8B000BEE7494B494D1B68A869C01A12F042FCFB
:10C8C000092854DD3C4B1B68B3F57A7FB0D93B4C4B
:10C8D0004FF0A0434FF400504FF400014FF400120A
:10C8E0004FF480464FF48075C4F80865C4F8080515
:10C8F000C3F80815C3F80825C4F80C55C4F8086532
:10C90000C4F80C052E48C3F80815C3F80C254FF0E1
:10C91000641202602B492C480223012203F0DAFB47
:10C920002A48C4F80855FCF77BFC00283ED1284B68
:10C930002B49002401A81C7013F004FD294A022190
:10C9400001A8FCF785F9284B1C7002B070BD224B82
:10C95000224D1B68A869C01A12F0F4FB092814DDE7
:10C96000154B1B68B3F5FA6F7FF662AFAFE71F4B4D
:10C97000E8691B68C01A12F0E5FB0928A2DC0E4A20
:10C98000002105231160237052E7184BE8691B68EA
:10C99000C01A12F0D7FB0928E2DC074B0321002262
:10C9A00021701A6044E7FCF7E5F878E7FCF7E2F855
:10C9B000BDE700BF154D0020D84C002000030050FB
:10C9C000A43C00204C5504009C300020F030002096
:10C9D000C84C002094530400BC4C0020E04C0020C4
:10C9E00098530400E1D50200164D0020B84C0020F9
:10C9F0001A4A1378012B03D0022B15D063B170476C
:10CA0000174B18481B68184900FB03F3B1EBF30FF1
:10CA1000F5D30023137070471148144903600B6865
:10CA200043B9022313707047114B0020012110708D
:10CA30001970704710B40F4C0F482368002B14BFB7
:10CA400000234FF47A732360C0E906330B68012496
:10CA5000013B14700B605DF8044B7047154D0020CE
:10CA6000D84C0020295C8FC214AE4701D44C002062
:10CA7000164D0020B43C0020E04C0020F8B5754A6B
:10CA8000754E1368754D7649764C013313602868EE
:10CA9000B369C21A0B680860C01AB368316800FB3A
:10CAA00003F301FB0233236012F04CFB236803EB1A
:10CAB000D3735B105B42236015282368B5BF6422E3
:10CAC0003C226FF063016FF03B01934240F38B8097
:10CAD0002260654A65491068F3690F680860C21AE8
:10CAE0007369F668C01B00FB03F306FB0233604E5C
:10CAF000336012F027FB336803EBD3735B105B42A8
:10CB0000336015283368B5BF64223C226FF063019F
:10CB10006FF03B01934229DD564B32601B78002BAE
:10CB20002CD1554A1388C3B15449554BD1F804153B
:10CB300054481B68544F554E2D682468C91A038801
:10CB400047F82310524926F8135021F813400133B7
:10CB50009BB2B3F5FA7F03804AD84E4B1B78022B69
:10CB60004DD0032B53D0012B4DD0F8BD33688B42F1
:10CB7000404BB8BF31601B78002BD2D021684648AB
:10CB800036684AB24FF48073002AC0F80C3573B28D
:10CB900041DB642A4FF48041C0F80815A8BF642225
:10CBA0004FF40051002BC0F80C154FF0A04143DBAF
:10CBB0004FF40000C1F80805642B4FF40010A8BF23
:10CBC0006423C1F80C0535493548C2F16402C3F14C
:10CBD0006403D2B2DBB20A804B80012231490223C6
:10CBE00003F078FA9DE723688B42B8BF216070E7B5
:10CBF000002313800380274B1B78022BB1D1BDE8A3
:10CC0000F840FFF793BBBDE8F840FFF701BEBDE871
:10CC1000F840FFF7EDBE49424AB2642A4FF4804122
:10CC2000C0F80C15A8BF64224FF40051002BC0F8C7
:10CC300008154FF0A041BBDA764273B24FF4000002
:10CC4000C1F80C05642B4FF40010A8BF6423C1F891
:10CC50000805B8E7D84C0020E04C0020BC4C002070
:10CC6000B44C0020AC4C0020B84C0020B04C00204C
:10CC7000A84C0020C84C0020C83C002000B0004058
:10CC8000D04C0020CA3C00209C440020B44000202E
:10CC9000CC3C0020164D002000030050A43C002096
:10CCA0009C3000204C55040000B51D4B93E8070054
:10CCB00085B001AB03C31B491B481A700AF002FF81
:10CCC000F8B91A4B03220020C3F8F025C3F8F42565
:10CCD000C3F8F805D3F8182542F0807201A9C3F80B
:10CCE00018250AF043FFB8B9114801210AF08CFF5A
:10CCF00078B9104801210AF087FF28B905B05DF81E
:10CD000004FBFBF737FFDCE7FBF734FF05B05DF80A
:10CD100004FBFBF72FFFECE7FBF72CFFE4E700BF7A
:10CD200064550400B9C10200485504000070004079
:10CD3000B03C0020B23C002008B5064B06481968FC
:10CD4000002203F0ABFA00B908BDBDE80840FBF7CC
:10CD500011BF00BF983000204833002030B52A4C66
:10CD60002A49A36A2A485A1C83B0A26200230122DE
:10CD700003F08EFB60BB264C01E0FEF7E1FE20468F
:10CD800003F0F8FB03460028F7D14FF0A0454FF41D
:10CD90008032C5F808251D4900931B4A1C483423DE
:10CDA00003F0B4FA0446E0B94FF08073C5F80835D3
:10CDB000174C01E0FEF7C4FE204603F0DBFB002821
:10CDC000F8D14FF0A0434022C3F8082503B030BD8E
:10CDD0004FF0A0434FF40052C3F80825FBF7CAFEFA
:10CDE000C9E70C4B0C480D49C01AC008000440F0BC
:10CDF0000300FBF789FA4FF08073C5F80835204629
:10CE0000FBF7B8FED4E700BFE04C002000000F00A5
:10CE1000483300208CA70400B4A704009C530400EE
:10CE200070B50F4C0F48002504230126C4E90035D6
:10CE3000C4E9026300220123C4E904230023002281
:10CE4000C4E9062312F088F941F21853C4E9080531
:10CE5000C4E90A632563BDE87040FFF77FBF00BFE8
:10CE6000E04C0020C03000202DE9F04F2C2185B08F
:10CE7000054612F0A3F995F801900446002877D0F2
:10CE800000230370A81C12F067F90646601C12F01C
:10CE900063F90446DFF8C4B2DFF8C482DBF80000AF
:10CEA000964FDFF8C0A217F04DF80B46D8F80010E7
:10CEB00000913968019102469149924813F0BCF9FA
:10CEC0009AF80030002B4FD12B78413B332B4BD8B5
:10CED000DFE813F01B024A00F901F501EB01E40160
:10CEE0004A004A00E0014A004A004A004A004A005B
:10CEF0004A00DC014A004A00D10160024A004A00AF
:10CF00004A00260243029C014A004A004A004A00A5
:10CF10004A004A004A004A008A014A007C014A014C
:10CF200007014A00ED004A004A004A0034004A0066
:10CF30004A00CD00C200AF0061005300724B73493C
:10CF4000DC61734D734C9E61002201230A707248AC
:10CF50002B704FF4A4712370FCF706F9002840F001
:10CF6000D1816E4B00221A60664805B0BDE8F08F93
:10CF7000A81C12F0F1F806468CE7B9F16C0F664870
:10CF800000F00A83FCF74CF9002840F00E83614B57
:10CF900000221A70E8E7B9F16C0F614D614C00F0A6
:10CFA000F4822A68266033465F49564813F044F9F4
:10CFB0002B6821685D485EB24FF48072002EC0F885
:10CFC0000C254AB2C0F211823346642E4FF48046DB
:10CFD000C0F808654FF40056A8BF6423C0F80C657C
:10CFE000002AC0F21A824FF0A0414FF40000C1F8AD
:10CFF0000805642A4FF40010A8BF6422C1F80C058C
:10D000004B48C3F16403C2F16402D9B2D3B20180C8
:10D010004380012202234749474803F05BF82B680D
:10D0200022681343A0D1414B4FF48072C3F8082506
:10D030009AE7424B4249D3F80425324813F0FCF8F2
:10D04000404A002342F8043F0133B3F5FA7FF9D197
:10D050003D4B00221A8087E7344B4FF48072B9F1C0
:10D060006C0F0CBFC3F80C25C3F808257CE72749D3
:10D070002848254D4FF4FA6303FB06F6002204FB13
:10D0800003F3234C0A700121017021702248AE6124
:10D090004FF4A471EB61FCF767F8002840F0798247
:10D0A0002B6B1E4A0021013311602B635CE7274B79
:10D0B00027482849C01AC008000440F00300FBF7C5
:10D0C00023F9DBF8000016F03DFFD8F800403D687A
:10D0D00002460B46CDE9004509490A4813F0ACF871
:10D0E00042E7094A1C49D2E90204D2E90023CDE90A
:10D0F0000004044813F0A0F836E700BFB84C002045
:10D10000805304006C4C0020E04C0020154D0020A2
:10D11000164D0020C84C0020F0300020D84C0020D4
:10D12000C44C0020C04C0020C85304000003005031
:10D13000A43C00204C5504009C30002000B000406E
:10D14000A454040098440020CA3C00208CA704008A
:10D15000B4A70400B85304001C540400A4300020F9
:10D16000BC4C0020144D0020DFF86883B349D8F888
:10D170000020B34FB34DB44CDFF85C93D8E90130D5
:10D180000090B04813F058F8AE4813F039F90DF19B
:10D190000E06ADF80E003B8832462946204602F0C6
:10D1A00027FB082808D0132804D829FA00F3DA0747
:10D1B00000F11781FBF7DEFCD8E90430D8F80C2029
:10D1C0000090A2499F4813F037F8CDE6A049A14A44
:10D1D0000C6B886AA04B1268A0491B68CDE900045B
:10D1E000984813F029F8BFE6B9F16C0F40F0908130
:10D1F0009B4B9C49D3F804559B4C9C4A9C4825600A
:10D2000001230B70002103801160ADE6DFF8CCB282
:10D21000DFF8CCA2DFF8CC92894F8A4CDFF8B882D5
:10D220000DF10E0605E0FBF7A5FC924B9B453FF484
:10D230009BAE39F9021F3AF9023F5BF8042F0091C7
:10D2400020468D49804D12F0F7FF204613F0D8F8A4
:10D25000ADF80E003B8832462146284602F0C8FA57
:10D26000082828FA00F3E0D01328DCD8DB07DAD549
:10D270001328EFD0D9E7A6F16403B3F5617FC0F0BE
:10D28000C2807E496F4812F0D7FF6DE6704B1E607A
:10D29000DC6069E66E4B5E601C6165E67849694852
:10D2A00012F0CAFFFFF75AFD5EE6764B76496548F5
:10D2B00001221A6012F0C0FFFFF750FD54E6644BE4
:10D2C0009E605C6150E671495E4812F0B5FF70489F
:10D2D0005F4A70490023037002200870116B01201F
:10D2E000B1F57A7F8AF8000008BF13636A4808BF67
:10D2F0008AF8003000224FF4A471FBF735FF0028B4
:10D300003FF42FAEFBF736FC2BE6B9F16C0F504B18
:10D3100000F034816149DA6A4A4812F08DFF23E651
:10D320004B4C5F49474812F087FF00250126042334
:10D330005C48C4E90035C4E90263C4E90456C4E9A1
:10D34000065511F009FF41F21853C4E90956C4E922
:10D350000B352062FFF702FD06E65349394812F00B
:10D360006BFF524B524853490022C8F8002003F586
:10D37000FA643A6043E902220833A34240F8042FDA
:10D3800041F8042BF6D14C484C494D4B02600A60E1
:10D390001A60E9E5474A454B454902F57A70002491
:10D3A00042F8044B824243E9024441F8044F03F13E
:10D3B0000803F5D14349234812F03EFF424B1E605B
:10D3C0001A68002A40F090801A6840491D4812F0FF
:10D3D00033FF304B1A78032A7FF4C6AD01221A704E
:10D3E000C2E513283FF4D7AEE6E65B425BB24FF4EA
:10D3F0008046C0F80C65642B4FF40056A8BF642328
:10D40000C0F80865ECE5124B31490E481E62324601
:10D4100012F012FFFFF7A2FCA6E54FF0A0404A422F
:10D4200052B24FF40001C0F80C15642A4FF40011F9
:10D43000A8BF6422C0F80815E2E500BFF453040059
:10D44000C83000206C4C002010310020085404002B
:10D45000E04C0020AC4C0020A84C0020DC53040021
:10D4600000B00040C84C0020D04C0020D84C002018
:10D47000C83C0020684C00209854040078540400F4
:10D4800064540400DC4C002054540400EC540400A8
:10D49000154D0020164D0020F0300020C05404002F
:10D4A00034540400C030002044540400A44400203C
:10D4B000B0400020CC3C0020CC4C0020C43C0020DC
:10D4C000C03C0020CC540400D44C0020DC540400A8
:10D4D0008454040000000F0021000800984400203C
:10D4E000B2400020CA3C002031483249324A334B16
:10D4F0000C60012505700325157031481C70002251
:10D500004FF4A471FBF730FE00283FF42AADF9E692
:10D51000274B2C4C00251D704FF0A0434FF4804C3E
:10D520004FF400504FF400014FF400124FF4807696
:10D53000C4F808C5C4F80805C3F80815C3F80825D9
:10D54000C4F80C65C4F808C5C4F80C05C3F8081580
:10D55000C3F80C251C4B1D491D484FF064121A607E
:10D560000223012202F0B6FD1A4A134BC4F80865E3
:10D57000C8F8005095613D601D70F5E416491748E4
:10D58000DE62324612F058FEEEE42E603246266825
:10D5900009E5FBF7EFFA83E500224FF4A471FBF7EE
:10D5A000E3FD00283FF4DDACACE6FBF7E3FAEEE484
:10D5B000C84C0020CC4C0020164D0020154D0020FA
:10D5C000F030002000030050A43C00204C55040023
:10D5D0009C300020E04C0020B05404006C4C002033
:10D5E000F0B583B0FFF740FC044612F009FF0D4F81
:10D5F0000D4E0E4DADF806003B880DF1060221469A
:10D60000304602F0F5F8082825FA00F305D0132873
:10D6100001D8DB0703D4FBF7ADFA03B0F0BD132844
:10D62000EAD0FAE7C83000201031002021000800BD
:10D63000F0B54FF40041ADB00020F9F73BFF0028F2
:10D6400040F07882F9F726FFFBF73EFD002840F016
:10D650006E82CD490320FEF731F9002840F0648244
:10D6600001AC21460020FEF727FA002840F059823D
:10D670004FF0A045C54A9DF8046003234FF4800194
:10D68000C5F85837C2F80037C5F80C150121C2F8A3
:10D690000C15C2F82037C2F83837C2F83437C2F850
:10D6A0003C37C5F85C37C5F85437C5F86C37C5F852
:10D6B0001037C5F81437C5F80837C5F870374FF07C
:10D6C0008073C5F808354FF48033C5F80835402716
:10D6D0004FF48073C5F80875C2F80835FDF7D0FA25
:10D6E000002800F01482AA4BAA4ADB68ADF8043087
:10D6F000180C8DF8060021462B20FDF7CBFA0028E8
:10D7000040F00282A44A21462220FDF7C3FA0028F5
:10D7100040F0F78101212B20FDF7BCFB01212220E5
:10D72000FDF7B8FB994A00234FF0A041C2F830370B
:10D73000C2F804370C22C1F80C27984A07CA84E8BB
:10D74000070097481A46214602F046FB002840F0A1
:10D75000D581FCF723FE002840F0CD8102F076F958
:10D76000002840F0C581002321460120019302F0EA
:10D77000DFF9002840F0B981204602F0B5FA002810
:10D7800040F0AA81FFF7D8FA86490B68013300F010
:10D790007881854F3422384611F078FD834A844BD6
:10D7A000B9691160FA691A6082493A6A824812F0CE
:10D7B00043FD81498148032212F090FE7E49804852
:10D7C000032212F08BFE7F497F4B0B602220FEF775
:10D7D000B3F9002840F0868111237C488DF8003091
:10D7E00012F00EFE794982B26846FEF7A1F90028D0
:10D7F00040F075814FF4A070FEF796F9002840F0D4
:10D80000658108220021204611F056FE704A4FF033
:10D81000C8732046CDE90123FEF788F9002840F0BF
:10D820005281FEF767FD6B4B6B480193214601F077
:10D8300035FE002840F0448100210422684611F0A2
:10D840003BFE664B66480093694601F05DFF002889
:10D8500040F03381AC220021204611F02DFE01233F
:10D86000604A159202214022ADF850308DF8803088
:10D870005D4B8DF8041023922A93002240F201633D
:10D880005A4824922146ADF8063000F08BFE00285D
:10D8900040F010815548012100F080FE1C2200213B
:10D8A000204611F009FE00234FF42032CDE9013269
:10D8B0004FF47022039203228DF81020ADF812303D
:10D8C0004B4A8DF8143020464A4B0692079301F0DC
:10D8D00097F8002840F0EB8005F004FE002840F0A7
:10D8E000E38005220021204611F0E6FD019B424A1B
:10D8F00003F07C431A439DF80830019223F00303A0
:10D9000043F0030320468DF8083005F0A9FE0028F7
:10D9100040F0C780394805F087FE002840F0BE80FF
:10D92000374A0A211E20FBF76BF9002840F0B3802C
:10D93000344A35480121FBF7FFFB002840F0A8805E
:10D94000324A33480121FBF7F7FB002840F09D8065
:10D95000304800224FF40041FBF706FC002840F05D
:10D96000B880FFF7A1F92C482C4D12F01DFC2C4B70
:10D970002C49ED1AED082D0445F003052846FAF769
:10D98000C3FC022E74D14FE031BF020000030050EF
:10D9900064550400A1BE0200F9BE020074550400E3
:10D9A0009C30002000000F00E04C0020BC4C002008
:10D9B000B84C0020E4670400C0300020B9300020DB
:10D9C000AB300020F83A0020A8300020B030002012
:10D9D00010003C00A9BB02004C510020A1BF020076
:10D9E00010310020C430002059C10200184D002021
:10D9F00015BE020005C002000707100309C002009F
:10DA0000003B00207DCA02006055040011BE0200E8
:10DA10005C550400D0300020F8540400B4A7040082
:10DA20008CA704000C5504004A492846FAF76CFC00
:10DA300005F054FE10BB3B6B282B7ED8FBF770F92A
:10DA400004F018FA58B9F9F7B5FD0028F6D1FCF73B
:10DA5000BBFCFBF765F904F00DFA0028F3D0FBF7E7
:10DA600089F8F9F7A7FD0028E8D1FCF7ADFCF0E74D
:10DA70003948032100F018FE0028DCD0FBF77AF8C3
:10DA8000D9E7FFF7CDF9354F9DE6FBF773F85FE770
:10DA9000FBF770F854E7FBF76DF849E7FBF76AF816
:10DAA0003EE7FBF767F835E7FBF764F819E7FBF7A4
:10DAB00061F811E7FBF75EF8ECE6FBF75BF8C9E607
:10DAC000FBF758F8B8E6FBF755F8AAE6FBF752F86B
:10DAD00097E6FBF74FF844E7FBF74CF852E6FBF705
:10DAE00049F887E6FBF746F876E6FBF743F843E6A6
:10DAF000FBF740F837E6FBF73DF82FE6FBF73AF87F
:10DB000027E6FBF737F805E6FBF734F8FAE5FDF70B
:10DB100069F8C5F8087500283FF4E5ADFBF72AF869
:10DB2000E1E5FBF727F8A3E5FBF724F898E5FBF719
:10DB300021F88EE5FBF71EF884E54FF47A73084967
:10DB40003B63204612F0FEFB064A02212046FBF70B
:10DB50007FF873E738550400184D0020E04C002092
:10DB6000D0760400E1D502002DE9F04FDFF89C915A
:10DB700000EB400609EBC60683B0F76A012F80462A
:10DB80008B4692464FEA400507D0022F54D04FB340
:10DB90000027384603B0BDE8F08FB76A746AA74221
:10DBA00040F28580013F3F1B366A574528BF5746E4
:10DBB000321B974280F0868008F1010303EB430398
:10DBC00009EBC303594658683A4620443C4411F0D7
:10DBD0005DFB454409EBC5093846C9F8244003B04C
:10DBE000BDE8F08FB36A746AA3429CBF326A9B1887
:10DBF000013B1B1B9A45CCD82B1809EBC3031F6AAA
:10DC00003A1B924576D3461C06EB460609EBC60640
:10DC100001927068204411F039FB5444019A7068F5
:10DC2000E41B0BEB0201224611F030FB454409EBEB
:10DC3000C50557466C62ACE700F1010808EB4808DF
:10DC4000756A4FEAC8080027B36AAB4203F1FF3296
:10DC500022D9346A531B534509EB0802A4EB05048F
:10DC600028BF53469C42506828BF1C46284459464A
:10DC7000224611F00BFB336A25449D42AAEB040AAD
:10DC80002744A3440DD07562BAF1000F81D0B36A66
:10DC9000AB4203F1FF32DCD8346A2344013B5B1B07
:10DCA000D9E700257562BAF1000FCDD171E7366A68
:10DCB0003744013F3F1B574528BF5746321B974209
:10DCC000FFF47AAF08F1010A0AEB4A0A09EBCA0A23
:10DCD0005946DAF804000192204411F0D7FABE1B2D
:10DCE000019ADAF8040034440BEB0201224611F0E9
:10DCF000CDFA6EE7431C03EB430309EBC303524623
:10DD000058682044544411F0C1FA8FE78053002032
:10DD100010B5134A134C14481449C4E906204FF4B3
:10DD200000709FED0D7B206211480023C4E9122092
:10DD30001022E01DA3626362E362A3656365E3658D
:10DD400084ED047B226512F0FDFA0A49204612F0A8
:10DD5000F9FA2023A37110BD0200000002000000A8
:10DD60008055040080530020805100208C55040011
:10DD700070510020905504006DDF704779DF7047C7
:10DD80007DDF704764DF70472DE9F04F85B098461E
:10DD90000E9D0388BDF83C9016462A880192002B00
:10DDA00038D0002704468A46BB4602E022885A45FE
:10DDB00026DD616851F82B00039000220DF10B0164
:10DDC00003A80BF1010BFFF7DDFF20BB9DF80B2033
:10DDD000B242EBD12A880DF10B0103A8F7B1B718B5
:10DDE0004F4529DC4244FFF7CDFFA0B929889DF8B3
:10DDF0000B200A442A8022885A454FF00107D8DCBC
:10DE000047B12B88019A013B9B1A9BB2FF2B13D879
:10DE100008F80230002005B0BDE8F08F571C3244EE
:10DE200002324A45BFB207DC2F8008F807A02A88D3
:10DE3000013292B22A80D5E70C2005B0BDE8F08F00
:10DE40002DE9F04700231788138090F82D3086B015
:10DE5000144606460D46002B40F0CC80B278002ACE
:10DE600040F0F980F278A2B1D91CB94200F28B815E
:10DE70000221E954238801210B449BB22380E954F9
:10DE800023880B449BB22380EA5423880B449BB223
:10DE900023807268AAB192F90010DA1CBA4200F22B
:10DEA00072810222EA54238801339BB20A22238022
:10DEB000EA54238801339BB22380E9542388013339
:10DEC00023803389002B40F0E880338A002B40F018
:10DED000FE80338B002B40F09881336A002B45D0B5
:10DEE000B4F800E00EF10602BA4200F24C811A8842
:10DEF000052A40F284816FF4486802EB080189B278
:10DF00004FF27D30814240F27A815988052940F2F2
:10DF100076816FF4486C8C441FFA8CFC844540F287
:10DF20006E814FF6FF70824202D08A4200F2678112
:10DF3000052205F80E202288013292B21221228099
:10DF4000A9542288013292B222801988A9542A4405
:10DF5000090A51702288023292B222805B88AB5447
:10DF60002A441B0A5370238802332380736A002BD0
:10DF700031D09988B4F800C0881C0CF10202024428
:10DF8000BA4200F20081FE2800F2FD80033105F85C
:10DF90000C102288013292B2FF212280A9542288DB
:10DFA000013292B222801988A9542A44090A517078
:10DFB0002088023080B220809A8862B199680393E9
:10DFC000002900F01C81284411F060F9039B9A8815
:10DFD00023881344238096F82C30002B40F0918046
:10DFE0003378002B40F0D5804FF00008404606B053
:10DFF000BDE8F087082F40F2C68004A8FFF7BCFEFA
:10E0000080460028F2D123880822EA54238801336D
:10E010009BB21B222380EA542088013080B2062262
:10E0200020800DF11101284411F030F923889DF86A
:10E03000102006339BB2012A88BF0122238094BF9F
:10E0400005F80380EA54238801339BB22380B27819
:10E05000002A3FF407AF0433BB4200F2948004A8C7
:10E06000FFF78CFE80460028C0D123880322EA54A3
:10E07000238801339BB219222380EA542388BDF8F8
:10E08000102001339BB22380EA542B44120A5A70A9
:10E09000238802339BB22380E4E6022206F10809BA
:10E0A000CDE900472B4611464846FFF76DFE8046F6
:10E0B00000289BD1CDE9004748462B461022062177
:10E0C000FFF762FE804600283FF4FFAE8EE706F1C0
:10E0D0001009CDE900472B46022203214846FFF7ED
:10E0E00053FE8046002881D1CDE9004748462B46A3
:10E0F00010220721FFF748FE804600283FF4E9AED2
:10E1000074E7B16A00297AD04FF000094B464FF00E
:10E11000160A2CE02388E854238801339BB223801D
:10E1200005F803A0238801339BB2238031F8222015
:10E13000EA542B44120A5A702088023080B22080A0
:10E14000B8F80420284452B1D8F80810002956D055
:10E1500011F09CF8B8F8042023881344238096F823
:10E160002C205FFA89F39A427FF63AAFB16A03EB4B
:10E17000430201EB820809F10109B8F80430D81C08
:10E180000233FE2BC6D94FF00C08404606B0BDE85E
:10E19000F0873288012A32D02288901CB842F2D807
:10E1A000012B04D17378023313449F42EBD3023F17
:10E1B000BF1ABFB2284404A9ADF81070FFF7E0FD04
:10E1C000804600287FF412AF3378022B38D0717864
:10E1D000BDF8102091423CD3974241D31746092203
:10E1E000FE2FD0D82388791CE954238801339BB2B1
:10E1F0002380EA54238801331F442780F4E64FF03C
:10E200000708404606B0BDE8F08706F11809CDE9D9
:10E2100000472B46022214214846FFF7B5FD8046F1
:10E2200000287FF4E3AECDE9004748462B46102294
:10E230001521FFF7A9FD804600283FF44EAED5E634
:10E24000BDF81030BB4202D81F460922C8E7082299
:10E25000C6E7012BFBD18F4202D30F460822BFE74E
:10E260000822BFE700B301294FF000030FDD00EBE8
:10E27000030C9CF801C0944509D010F803C00CF1C0
:10E28000010C63449BB203F1010C6145EFDC8B424E
:10E2900009D2C25C3AB1013A92B222B102339BB2C6
:10E2A0001A44914201DA002070471844704700BFB9
:10E2B00072DF704773DF704774DF704770B50446D4
:10E2C00000F2264681700D4607220021304611F0EB
:10E2D000F3F8E38813B1A378012B77D0E379002B0F
:10E2E00071D194F82734002B7CD194F82834002B7A
:10E2F00078D194F82934002B74D194F82A34002B67
:10E3000070D194F82B34002B6CD194F82C34003B52
:10E3100018BF0123013D032D00F23D81DFE805F028
:10E320000206090CA279002A40F00C81E279002A49
:10E330005AD1237A002B6ED1637A002B59D1A37066
:10E34000002384F82F3404F13C05182200212846CC
:10E3500011F0B2F8E26A0123511E994284F83C3070
:10E360001DD9042A1BD094F8242084F85130EAB136
:10E37000A36A5A1E012A33D9042B31D00122A37873
:10E3800084F85220002184F85010042B00F2F98008
:10E39000DFE813F047005100AD00AF00E200D3B258
:10E3A00094F8242084F85130002AE1D1A37884F82D
:10E3B0005020042B00F2E580DFE813F033003D002D
:10E3C0008900D3005C00A378022B8AD1636B002BF9
:10E3D00000F0DE80012284F82D240820984780E791
:10E3E000DAB2CCE7012395E7002BA2D00223A37079
:10E3F000A6E7626B0423A370002AA1D06379002BE7
:10E400009ED094F82E34002B9AD10123A4F82F34F7
:10E410000720904797E7626B0323A370002AEDD192
:10E420008EE7002384F83130636B13B194F8310028
:10E430009847002070BD00230122C4E9106384F8CE
:10E440003120C4F820340222802384F83C20A4F830
:10E45000483000212A4604F15400FFF729FF002824
:10E46000E8D194F8301094F85400FFF723FF002807
:10E47000DAD070BDE169228C61640121A4F84820E2
:10E48000627984F83C10002A7ED094F82E24002A69
:10E490007AD194F83024002A76D00223B4F81414E8
:10E4A000D4F8100484F850300122FFF7DBFE08B1E5
:10E4B0000423037004F582662A46314604F15400B1
:10E4C000FFF7F6FEA378002858D1062252E0032376
:10E4D000022284F8312084F83C302269E368A4F8F1
:10E4E00048200022C4E91063C4F82024B1E70723C0
:10E4F000EEE7D4E90512A4F848200622616484F806
:10E500003C2062799AB394F82E2482BB94F830248C
:10E510006AB30223B4F81414D4F8100484F8503009
:10E520000122FFF79FFE08B10423037004F5826601
:10E530002A46314604F15400FFF7BAFEA378E8B941
:10E54000052217E094F82420002A7FF4EFAE002B78
:10E550003FF4EFAE0123F2E6E1696164228C06210B
:10E560008CE7D4E905126164A4F84820C9E704F5F2
:10E570008266032284F83120C4F82064002B3FF423
:10E5800053AFD4F8201465E704F582660422F1E75E
:10E5900084F82D34A5E60023A370D1E680F830106E
:10E5A000704700BF00297AD02DE9F04104460028C9
:10E5B00077D091F87A300D462BB191F8983013B19D
:10E5C0000720BDE8F0810027A77005F1780EBEE8AE
:10E5D0000F0004F1040CACE80F00BEE80F00ACE83B
:10E5E0000F009EE807008CE8070084F83070D5F82B
:10E5F000A4306363D5F8A830A3634FF6FF7804F521
:10E60000826639460722C4F82064A4F8248404F200
:10E61000264010F051FF23780BB984F8548094F809
:10E620002430002B0CBF1F23EE2304F15501C4F846
:10E630001014A4F8143404F214422846FFF700FC26
:10E640000028BED194F82430002B0CBF1F23EE23EA
:10E6500004F23121C4F81814A4F81C3404F21C424A
:10E6600005F13C00FFF7ECFB0028AAD1D4E9052313
:10E670000125A4F848304FF48073C4E91002014624
:10E6800084F83C5004F13C0204F15400A4F85030EA
:10E69000FFF70EFE002894D12570BDE8F0810E2012
:10E6A00070470E208DE700BF03780BB1FFF706BE61
:10E6B0000820704710B50388112B0C460BD0262B71
:10E6C00022D0102B00D010BDC37B012BFBD183883F
:10E6D000A1F8243410BD002381F82E348288B1F8CB
:10E6E00024349A42EFD10B79002BECD10B7813B381
:10E6F00001212046FFF7E2FD0028E4D0A36B002BA8
:10E70000E1D0BDE810401847037A013B012BDAD86D
:10E710000B7889787BB1094B0131A3FB012303F40A
:10E72000FE7202EB9303C91AC9B22046FFF7C6FD79
:10E730000028E3D110BD0820E0E700BFCDCCCCCC51
:10E7400038B5044690F85400FFF7B6FD00230122C7
:10E75000B4F81414D4F8100484F82E2484F8303457
:10E7600084F85030FFF77EFD08B10623037004F1F2
:10E770003C0204F5826104F15400FFF799FD05465F
:10E7800048B92378A17843B12046FFF797FD10B12F
:10E79000A36B03B19847284638BD0820F8E700BFAF
:10E7A00075DF704776DF70477ADF70477BDF704731
:10E7B00070B51D4D2B8884B2A34282B011D11B4E7F
:10E7C000297A327B91420ED3337C00222A72F3B92C
:10E7D000736933B100228DF80420ADF8064001A81A
:10E7E000984702B070BD05F10A011846FFF7D8FF3F
:10E7F00040B11128F5D0B369002BF2D002B0BDE8CA
:10E80000704018472B7A01332B7202B070BD3B2148
:10E810002046FFF7C7FF30F00803D9D0B369002BBB
:10E82000D6D09847D4E700BF1C54002000540020E5
:10E8300070B50288122A82B003466ED015D8102A0D
:10E8400030D0112A0FD16B4C828823889A420AD18A
:10E850006068FAF7E5FC18B1674B9B6903B198470C
:10E860004FF6FF73238002B070BD502AFBD1624D7A
:10E87000C188EA899142F6D1028A022AF3D15D4C1D
:10E88000828826889642EED1123000F0D9FA00280C
:10E8900000F09B80637A002B40F09E80D5E9013127
:10E8A00032466AE090F80FC08288BCF1010FDAD1DD
:10E8B000504C20884FF6FF7188427FD14F4D228007
:10E8C0000021217203CDC4F80A00C4F80E10588A42
:10E8D0006589B4F80CE0E189854260D886455ED34D
:10E8E00040F2F315A9429B8A94BF481A481B9842EC
:10E8F00055D82944994252D33F4D84F809C0EB8939
:10E90000002BB0D16B69002BADD001218DF8041024
:10E91000ADF8062001A89847A5E7364C82882188E3
:10E920009142A0D14089B4F80AC0B4F80CE0E5895E
:10E9300084451DD886451BD340F2F31C65459B8951
:10E9400094BF681BA5EB0C00984211D865449D420A
:10E950000ED3294B5B694FF480722281002B82D049
:10E9600001228DF80420ADF8061001A898477AE737
:10E97000214D002161726B68A968207A002808BFC8
:10E9800019466068FAF7F0FB00283FF46CAFAB69FA
:10E99000002B3FF468AF02B0BDE870401847164D39
:10E9A000EB8900216172002B7FF45DAF69686068BC
:10E9B000FAF7DAFB00283FF456AFE8E70E4B9B6905
:10E9C000002B3FF450AF0420E5E76068FAF728FC1D
:10E9D00000283FF448AFDAE76B6900222272002B6F
:10E9E0003FF441AF01228DF80420ADF8066001A884
:10E9F000984738E71C54002000540020F8530020AA
:10EA000070B3F8B586460768164E174D0446BEE843
:10EA10000F00B446ACE80F009EE8070035608CE8B4
:10EA20000700BFB13846FFF7BFFE90B923681868EA
:10EA3000596803C50D4B0E490E4A18464FF6FF7430
:10EA400040F8041F00211C80FAF776FB002818BF4D
:10EA50000320F8BD2846FFF7A9FE0028EAD0F8BD3C
:10EA60000E20704700540020F85300201C54002052
:10EA700030540020B1E702002DE9F04F0388B0F8D0
:10EA80000490103B99B007460A2B12D8DFE803F038
:10EA900028711111111111111178140046484946BD
:10EAA000FAF76EFE45484946FAF76AFEFB7B022BF1
:10EAB0007CD019B0BDE8F08F037A41483F2B4FEA74
:10EAC0001314494665D9FAF75BFE3E484946FAF702
:10EAD00057FE3D48494619B0BDE8F04FFAF750BE21
:10EAE0003A4A9368DB43009351686846FAF7DCFEC4
:10EAF000009B0193019B9BB34FF0000844462146C5
:10EB000001A8FAF763FE30B118AB03EB480308F134
:10EB1000010823F8284C0134142CF0D1CDF83480AE
:10EB20000DAD0FCD02AC0FC40FCD0FC495E807009B
:10EB300084E80700B8F1000F12D0254E0DF10A0B42
:10EB40004FF0000A3BF8025F1C4C20462946043473
:10EB5000FAF730FEB442F8D10AF1010AC245F1D108
:10EB6000B9F1130F9AD90420FAF704F819B0BDE8E7
:10EB7000F08F1148494619B0BDE8F04FFAF71ABEB8
:10EB8000037A002B95D1437A0D481B074946F2D5ED
:10EB9000A1E7FAF70FFE032C97D00A484946FAF787
:10EBA00009FE022C95D008484946E4E70948494641
:10EBB000FAF7E6FD7DE700BF5854002054540020CA
:10EBC00068540020645400206054002050540020F9
:10EBD000CC5400205C5400201328014601D90020A9
:10EBE00070470148FAF7F2BD54540020132801D9A8
:10EBF0000020704710B5044621460648FAF7E6FDA6
:10EC000008B9002010BD21460348FAF7DFFD0130A6
:10EC1000C0B210BD545400205C540020132801D908
:10EC20000020704710B5044621460648FAF7CEFD8D
:10EC300008B9002010BD21460348FAF7C7FD01308E
:10EC4000C0B210BD5454002058540020132801D9DC
:10EC50000020704710B5044621460648FAF7B6FD75
:10EC600008B9002010BD21460348BDE81040FAF75E
:10EC7000ADBD00BF5454002060540020132801D9BA
:10EC80000020704710B5044621460648FAF79EFD5D
:10EC900008B9002010BD21460348BDE81040FAF72E
:10ECA00095BD00BF5454002064540020132801D99E
:10ECB0000020704710B5044621460648FAF786FD45
:10ECC00008B9002010BD21460348BDE81040FAF7FE
:10ECD0007DBD00BF5454002068540020132801D982
:10ECE0001420704710B5044621460448FAF76EFD1B
:10ECF00008B1204610BD142010BD00BF54540020A0
:10ED000008B518210248FAF76BFDC0B208BD00BF74
:10ED10005054002070B50C4E044630460D46FAF7AC
:10ED200055FD08B1132C01D9002070BD2146301DBE
:10ED3000FAF74CFD0028F7D0E81D214606EB8000CD
:10ED4000BDE87040FAF742BD50540020F8B50F4FAF
:10ED5000044638460D461646FAF738FD08B1132C1E
:10ED600000D9F8BD2146381DFAF730FD0028F8D04B
:10ED7000E91D07EB810021461EB1BDE8F840FAF716
:10ED8000FFBCBDE8F840FAF715BD00BF50540020A5
:10ED9000F0B5154E83B004460F4601463046154681
:10EDA000FAF714FD18B90026304603B0F0BD06345A
:10EDB00006EB840673680193002FF4D0019B002BAF
:10EDC000F1D000263446214601A8FAF7FFFC03469D
:10EDD0002946A0B201340BB1B8470136142CF2D148
:10EDE000304603B0F0BD00BF505400201AB30023DA
:10EDF00070B5044615461360B8B10368ABB1C3885B
:10EE000013F003060FD10846FFF768FFC0B21428BD
:10EE10000FD0237983420AD9E288236800FB0233AA
:10EE20002B60304670BD072070BD0E2070BD0420E1
:10EE300070BD052070BD0E20704700BFAADF70476F
:10EE4000008800F001007047F0B58B7891B0012B7D
:10EE500038BF01230C468DF80E3005460B88ADF8FF
:10EE60000C30164600210322684610F025FB637C17
:10EE70000022013B8DF80020042B09D8DFE813F0B5
:10EE8000CF00D300D7000500DB0012238DF800303F
:10EE9000A37C0022013B8DF80120042B09D8DFE878
:10EEA00013F0CE00D200D6000500BA0012238DF870
:10EEB0000130237D217B013303F0030341EA430149
:10EEC000E37B41EAC301237C41EA03119DF8023050
:10EED00001F01F0123F01F0319438DF802101C22BB
:10EEE000002109A810F0E8FA637B13F0300F71D10C
:10EEF000637B8DF824301422A37B8DF8253000210C
:10EF000004A810F0D9FAA288A368ADF81C2003AABF
:10EF1000CDF814D004921BB10893E388ADF81830F3
:10EF2000A369002B34D001AF03220021384610F032
:10EF3000C3FAA2691188ADF82C1000238DF80430B3
:10EF40005388ADF82E3053680D970A93137B013B1D
:10EF5000042B2BD8DFE803F093979B27870012231D
:10EF60008DF80530917B137A013101F0030143EAFA
:10EF70004103917AD27A43EAC10343EA02139DF82E
:10EF8000062003F01F0322F01F0213438DF8063002
:10EF9000E36903B10C93334604AA09A92846FFF795
:10EFA0004DFF11B0F0BD12238DF80430537B0021CA
:10EFB000013B8DF80510042BD4D801A151F823F0A2
:10EFC0006FF0020077F002005FF002005FEF0200D6
:10EFD00057F0020002AF03220021384610F06CFA0D
:10EFE000E37C0022013B8DF80920042B07D8DFE8E1
:10EFF00003F0525E5A03560012238DF809309DF833
:10F000000A300E97012262F342038DF80A30112371
:10F010008DF808306CE722238DF8013049E7112381
:10F020008DF8003034E721238DF8003030E73123AC
:10F030008DF800302CE722238DF8003028E71123CB
:10F040008DF8013035E721238DF8013031E7312388
:10F050008DF801302DE722238DF8053082E731232A
:10F060008DF805307EE722238DF804309EE71123CA
:10F070008DF8053076E721238DF8053072E71123EE
:10F080008DF8043092E721238DF804308EE7312388
:10F090008DF804308AE711238DF80930AFE7222379
:10F0A0008DF80930ABE731238DF80930A7E721232C
:10F0B0008DF80930A3E700BF90DF7047A5DF7047E8
:10F0C000B5DF704770B5214B214CE41AE4080026E7
:10F0D00061F30F06240484B00A4661F31F46034619
:10F0E0001C49054644F00400F8F74CFF00236A462B
:10F0F00002A92846029603930093ADF80430FFF767
:10F10000DBFF064610B9304604B070BDFBF742FA8B
:10F1100044F00104034610492A462046F8F732FF1E
:10F12000BDF80020BDF8023052EA030103D00B49BC
:10F130002046F8F727FFBDF80420002AE3D0204638
:10F140000749F9F703F8304604B070BD8CA70400F6
:10F15000DCA7040098550400C855040014560400A8
:10F160005456040088B130B4FB220271084C01618E
:10F1700000234FF0F71541F6FB320560C0F806405A
:10F180004381828130BC184670470E20704700BF13
:10F19000F700170040B1A1F11703E02B02D801805E
:10F1A00000207047072070470E2070472DE9F0437C
:10F1B000868885B0002E78D10388242B05460C461E
:10F1C0001BD80F2B4ED9103B142B4BD8DFE813F074
:10F1D000A60065004A004A004A004A004A004A0068
:10F1E0004A004A004A004A004A004A004A004A00CF
:10F1F0004A004A004A00F200B9003A2B58D0552B79
:10F2000030D1934B934AC78893499D1AED082D043A
:10F2100045F004083B4632464046F8F7B3FEA67276
:10F220000096E3888D49172F3A4638BF17229A4235
:10F2300028BF1A4640462281F8F7C2FDE1883046D1
:10F24000FFF73EFF002840F0CC80E37A53B92369F2
:10F2500043B140F6772122890291ADF80C2002A932
:10F2600020469847A37A03B3E1880020FFF726FFE2
:10F270000346002841D0112817D0FBF78BF9744BB7
:10F280007749024673481B1ADB081B0443F0010050
:10F2900005B0BDE8F043F8F759BF7249C4F806104D
:10F2A000002241F6FB336281A38105B0BDE8F08303
:10F2B0006A89E388674966489A4228BF1A46401A15
:10F2C000172A4FEAD00038BF172200043346664998
:10F2D000228140F00400F8F755FE236953B1E27A29
:10F2E00042B140F6772122890291ADF80C2002A9A3
:10F2F0002046984700236381D7E7564A5448801A2E
:10F300004FF48071C0086181E2885849000440F0E0
:10F31000040005B0BDE8F043F8F734BE0979217365
:10F32000C37B012B66D0022B59D16288E2802389EE
:10F33000934262D3637B8B4294D20020FFF7C2FEDC
:10F3400090E7444B424D0689B0F80A908789B0F89F
:10F350000E80ED1AED082D0445F00405F2B20023ED
:10F360004A7328464249F8F70DFE42494A46284664
:10F37000F8F7ECFE404932462846F8F7E7FE3F49E9
:10F3800042462846F8F7E2FE3D493A462846F8F755
:10F39000DDFE2369002B3FF465AF627B8DF80C2006
:10F3A00000204DF67A218DF80D000291204602A929
:10F3B000984757E7274B26482E7A3249C01AC0088B
:10F3C000000440F0040033460022F8F7DBFD217B07
:10F3D000A888B14228BF3146FFF774FE42E7E288B1
:10F3E000A5E7FBF7D7F82849024645F00100F8F7F2
:10F3F000ADFE2AE72288E28099E71649144D6D1A7E
:10F40000ED082D0445F00406204930460023F8F7A6
:10F41000B9FDE1880020FFF751FE18B90123217BD7
:10F42000E37287E7112809D0FBF7B4F80C490246CC
:10F4300045F00100F8F78AFE217B7BE701231449A0
:10F44000A37200223046F8F781FE217B72E700BFED
:10F45000DCA704008CA70400B0570400EC5704009C
:10F4600040570400F70017007457040014590400B3
:10F470005C5804008C580400A0580400B4580400E0
:10F48000C4580400D45804002C580400AC5604009E
:10F49000EC560400B0DF704766DF704760B159B1C9
:10F4A0000378DE2B0AD009684160DE224FF6FF7335
:10F4B00002704380002070470E207047082070477C
:10F4C00038B10378DE2B02D141800020704708203C
:10F4D00070470E20704700BFF9B170B5054684B083
:10F4E00050B10B78DE2B0C4606D180884B889842B1
:10F4F00014D02B88012B01D004B070BD2E7A012EC0
:10F50000FAD16388A8889842F6D126720021FFF7C5
:10F51000C3FF00284DD12072EEE770470B7AEBB99C
:10F520002B88112B34D0512BE4D1AB79022BE3D1B2
:10F53000AA7B02F0FD0104292ED0052ADCD100228D
:10F540006946C1E901220092CA608DF80030FFF7D8
:10F55000A1FF0028D0D063689847CDE70021FFF7CE
:10F560009BFF034670B111280BD0636898472B8826
:10F57000112B09D0512BBDD1A88863888342D4D0E8
:10F58000BAE701232372F2E7AA8863889A42B3D1CB
:10F590004FF6FF736380AFE769460022C1E901229D
:10F5A0000092CA604FF4C0728DF80030ADF80420AC
:10F5B000CDE7112804D0636804B0BDE87040184757
:10F5C000267299E7A8DF7047ADDF7047AEDF70475E
:10F5D00062DF704700295AD070B504468AB038B14E
:10F5E0000388502B0D4653D0572B39D0102B01D008
:10F5F0000AB070BD81886869002601AA0196FFF7EC
:10F60000F5FB082231460DEB02000FF055FF0223F7
:10F610002989A088CDF80CD002AA0293FFF7D4FF65
:10F620000028E5D1AB69002BE2D00398FFF708FC76
:10F630000028DDD0019B0BB101221A701822002195
:10F6400004A80FF039FFA188019A02238DF8103029
:10F65000AB690595ADF81810079204A89847C7E75D
:10F660008188686902AAFFF7C1FB0028C0D1029B0C
:10F670001B78002BBCD0AB69002BB9D001461822F7
:10F6800004A80FF019FFA188029A0123DEE7704752
:10F690008188686902AAFFF7A9FB1822002104A843
:10F6A0000FF00AFFE3882989A288ADF81820994253
:10F6B000029A0595079210D0AA899A4298D1AB690F
:10F6C000002B95D0228AADF82420002112348DF829
:10F6D0001010089404A898478AE7268A022EEBD1D6
:10F6E000002A85D004F11200FFF7AAFB029B38B173
:10F6F00001221A70AB698DF81060002BADD177E74D
:10F7000003261870F6E700BFF0B5374B0D460446E8
:10F710000FCB8FB00DF1080C8CE80F00002C5FD0E0
:10F72000002D5DD02B68A36121466046FFF750FF96
:10F7300008B10FB0F0BD2246012012F8023B8DF84F
:10F74000063001A9ADF80400FFF73CFF0028F0D116
:10F750000146202206A80FF0AFFEBDF82430234F4B
:10F7600060880797224623F44F6323F00F0312F8B3
:10F770000C1B8DF81A1043F4406343F0010302257B
:10F7800040F2022606A9ADF82430ADF81850ADF8C5
:10F790002960FFF759FB0028CBD10146202206A89B
:10F7A0000FF08AFEBDF824306088079723F4875352
:10F7B00023F01F03224643F4805343F00103ADF8C6
:10F7C000243012F8043B8DF81A3006A90323ADF853
:10F7D00029608DF82B50ADF81830FFF735FBA8E7FE
:10F7E0000E200FB0F0BD00BF74590400F4000100FA
:10F7F00060B3F0B587B00E461746044601AA4069CB
:10F8000019461D46FFF7F2FAD8B94FF6FF739D422D
:10F8100019D0019BBBB11B78EBB13B88F42B17D8F7
:10F820000146102202A80FF047FEA388ADF8083069
:10F8300002A901232846CDE904768DF80A30FFF7A6
:10F84000C5FE07B0F0BD052007B0F0BD0E20704723
:10F85000072007B0F0BD0820F3E700BF10DF7047B6
:10F8600011DF704730B5394D394985B0012302A801
:10F870002B70FAF74DFE039B23B90FE0FAF752FE07
:10F88000039B5BB1D3E9003100209847034602A8EF
:10F89000002BF3D10024204605B030BD2D4902A82D
:10F8A000FAF736FE039B4BB1D3E9003100209847AD
:10F8B00002A8FAF737FE039B002BF5D1264B02A8CE
:10F8C0001A68019200238DF80830F9F7F1FC2349FA
:10F8D00001A8FFF7C3FF224AB0FA80F304465B0990
:10F8E0009DF808001370F9F709FD002CD3D11D4BCA
:10F8F0001D491C702C7091F81623EC2352091341FA
:10F90000DB071DD5194B9A68AAB94FF480030B6029
:10F91000104902A8FAF7FCFD039B002BBAD0D3E9EB
:10F9200000310120984702A8FAF7FCFD039B002B49
:10F93000F5D10024AFE71A6842F480021A60E7E7C5
:10F9400042F20200F9F716F9E2E700BFCC540020BA
:10F950009C59040090590400B0590400958B020092
:10F96000CE540020CD54002000E100E0203A0020D9
:10F9700070B5304D304982B0012368462B70FAF7DC
:10F98000C7FD019B23B90FE0FAF7CCFD019B5BB1EA
:10F99000D3E900310120984703466846002BF3D194
:10F9A0000024204602B070BD24496846FAF7B0FD35
:10F9B000019B4BB1D3E90031022098476846FAF722
:10F9C000B1FD019B002BF5D1002668468DF8006043
:10F9D000F9F76EFCFFF744FF194B04469DF8000051
:10F9E0001E70F9F78BFC002CDBD1164B2C709A683B
:10F9F000B2B11A6822F480021A6010496846FAF718
:10FA000087FD019B002BCBD0D3E900310320984721
:10FA10006846FAF787FD019B002BF5D10024C0E76B
:10FA2000094B4FF48002C3F88020BFF34F8FBFF320
:10FA30006F8FE2E7CC5400209C59040090590400D9
:10FA4000CE540020203A002000E100E0034B1B7858
:10FA50000BB9FFF707BF0820704700BFCE54002046
:10FA6000054B1B7833B1054B1B780BB1FFF780BFFB
:10FA7000FFF7F8BE08207047CC540020CE54002079
:10FA8000014B1878704700BFCE54002000B583B0FA
:10FA900008496846FAF73CFD019B43B1D3E90020D1
:10FAA00090476846FAF73EFD019B002BF6D103B064
:10FAB0005DF804FB8459040060DF704769DF70471C
:10FAC00061DF704730B5154DADF5017D4FF4FA7427
:10FAD0000DF1020103A8ADF80240FFF7F1FF88B96C
:10FAE000294601A8FAF714FD029B002BF0D0D3E9B8
:10FAF000003103A8984701A8FAF714FD029B002BD8
:10FB0000F5D1E5E7052802D10DF5017D30BD0DF5F4
:10FB1000017DBDE83040F9F72DB800BF345C04002A
:10FB2000024B1B780BB1FFF7CDBF7047CF540020BD
:10FB3000002900F0C48030B5624B0B6085B00546EB
:10FB40000C460C22002101A80FF0B6FC01238DF811
:10FB5000063022688DF80450142301A92020ADF846
:10FB60000830FFF7ABFF002853D10C22002101A879
:10FB70000FF0A2FC0123ADF805302268002301A993
:10FB800040208DF80730FFF799FF002840F089806A
:10FB90000C22002101A80FF08FFCF72322688DF8BA
:10FBA000045001A92320ADF80630FFF787FF002895
:10FBB00069D10C22002101A80FF07EFC01202268EF
:10FBC0008DF8040001A9FFF779FF00284DD10C2220
:10FBD000002101A80FF070FC4FF4B063226801937C
:10FBE00001A9A120FFF76AFF88BB0C22002101A810
:10FBF0000FF062FC9DF8043022686FF3000301A946
:10FC0000A0208DF80430FFF759FF80B9002005B01F
:10FC100030BDFAF7BFFC2C4B2C4902462C48181A71
:10FC2000C008000440F00100F8F790FA9DE7FAF7E9
:10FC3000B1FC254B2749024625481B1ADB081B044B
:10FC400043F00100F8F782FA002005B030BDFAF762
:10FC5000A1FC1D4B204902461D48181AC00800048B
:10FC600040F00100F8F772FABFE7FAF793FC164B81
:10FC70001A4902461648181AC008000440F001004C
:10FC8000F8F764FAA3E7FAF785FC0F4B144902462C
:10FC90000F48181AC008000440F00100F8F756FA9F
:10FCA00087E7FAF777FC084B0E4902460848181A0E
:10FCB000C008000440F00100F8F748FA68E70E2099
:10FCC000704700BF00300020FCA70400B4590400B6
:10FCD0008CA70400305B0400DC5A0400905A040036
:10FCE000485A0400FC590400F8B504460768FFF7B9
:10FCF000E3FE2368BB42054605D825BB1A4B01220B
:10FD00001A702846F8BD194B194E1A49F61AF6080A
:10FD1000360446F002063046F8F7F6FA236816492C
:10FD20003A463046F8F72EF94FF080532268D3F860
:10FD30000C3112499B0203F100539A1A3046F8F72E
:10FD400005FA002DDAD02846FAF724FC084B0C49B6
:10FD5000024606481B1ADB081B0443F00100F8F7B3
:10FD6000F5F92846F8BD00BFCF5400208CA7040049
:10FD7000FCA70400845B0400B45B0400E85B04009F
:10FD8000145C04004BDF704710B5124C84B001A81E
:10FD9000FFF7F8FFA8B9214602A8FAF7B9FB039BC1
:10FDA000002BF4D0D3E900310198984702A8FAF764
:10FDB000B9FB039B002BF5D101A8FFF7E3FF002857
:10FDC000E9D0052801D104B010BD04B0BDE8104051
:10FDD000F8F7D0BE4C5C0400F0B5BA4B047903EBE5
:10FDE000C40589B02D79002D40F0F98043F8342006
:10FDF00091F800E0BEF1FF0F4FEAC40C00F0AC80B8
:10FE00002EF080041EF0800F049440F020811F2CFF
:10FE100040F20381AC4E0EF01F040125A540C6F848
:10FE20000C55A94E04F5E074032546F8245091F8CA
:10FE300001E0BEF1FF0F40F0988091F802E04FF032
:10FE4000FF34BEF1FF0F059400F0AA802EF080046D
:10FE50001EF0800F069440F00D811F2C40F2CB80E5
:10FE6000994E0EF01F040125A540C6F80C55964E7C
:10FE700004F5E074032546F8245091F803E0BEF140
:10FE8000FF0F40F096804FF0FF3407940468049D04
:10FE9000C4F86055059DC4F86455069DC4F86855BE
:10FEA000079DC4F86C5504680125C4F80055046822
:10FEB0000D898E794F79C4F80C75C4F80465C4F8BF
:10FEC000085504684D89C4F8105505680024C5F824
:10FED00000420568C5F800430568C5F81C41D5F81F
:10FEE0001C510495049D0568C5F81041D5F81051C2
:10FEF0000395039D0568C5F81441D5F81451029582
:10FF0000029D0568C5F80441D5F804410194019C9F
:10FF1000E2B10268097942F30732002AC0F2868012
:10FF200002F16042490102F56142C9B282F8001350
:10FF3000026842F30732002A08DB644854090121B1
:10FF400002F01F0201FA02F240F824206344012269
:10FF500000201A7109B0F0BD91F801E04FF0FF34B4
:10FF6000BEF1FF0F04943FF468AF2EF080041EF042
:10FF7000800F059461D11F2C46D9534E0EF01F04FB
:10FF80000125A540C6F80C554F4E04F5E074032535
:10FF900046F8245091F802E0BEF1FF0F7FF456AF0F
:10FFA00091F803E04FF0FF34BEF1FF0F06943FF4E9
:10FFB0006AAF2EF080041EF0800F079451D11F2CE1
:10FFC00010D9414E0EF01F040125A540C6F80C556E
:10FFD0003D4E04F5E074032546F8245056E708200A
:10FFE00009B0F0BD01254FF0A046A540C6F80C555C
:10FFF0004FF0A046EDE701254FF0A046A540C6F81A
:020000023000CC
:100000000C554FF0A04633E701254FF0A046A54020
:10001000C6F80C554FF0A046B7E701254FF0A046B3
:10002000A540C6F80C554FF0A046FBE6284C02F060
:100030000F024901C9B2A1547AE71F2C24D9224EDC
:100040000EF01F040125A540C6F808559CE71F2C9B
:1000500028D91D4E0EF01F040125A540C6F80855ED
:10006000DFE61F2C25D801254FF0A046A540C6F895
:100070000855BDE71F2C0ED9134E0EF01F040125A5
:10008000A540C6F80855F2E601254FF0A046A54068
:10009000C6F80855BEE701254FF0A046A540C6F8B2
:1000A0000855AEE701254FF0A046A540C6F8085513
:1000B000B9E7054E0EF01F040125A540C6F8085506
:1000C00086E700BFD05400200003005000E100E0AC
:1000D00014ED00E070B5844690F804E000680C6808
:1000E000C0F820458C88C0F824458C68C0F82845A5
:1000F000CC68C0F82C45DCF800000C68C0F840451E
:100100008C88C0F844458C68C0F84845C968C0F878
:100110004C15DCF8000002F0010101EB5202C0F8BE
:100120001425DA0782B042D413F0020241D100292B
:10013000DCF8001008BF0824C1F8002218BF0C2406
:10014000D9B2264800EBCE0250F83E00517102258C
:100150001571D8B101F00402002A01F0080605BFAC
:100160002222AE463222A22017BFB22082254FF0B3
:10017000120E9225002E04BF7246284611F0100F71
:10018000DCF8001008BF0246C1F80023DCF80020AC
:100190000020C2F80401D2F8042101921B06019A42
:1001A00010D4DCF8003001221A5102B070BD1022C8
:1001B000BDE7DCF8002051B10821C2F800120C2480
:1001C000D9B2BEE7DCF80000204402B070BD0421C3
:1001D000C2F800120824D9B2B3E700BFD0540020FF
:1001E00000B52C4BD3F8102185B052B100212A4A1A
:1001F000C3F81011D3F810115379039103995907DB
:1002000041D4244BD3F8142152B10021224AC3F81F
:100210001411D3F81411537902911B0702992CD4AD
:100220001C4BD3F81C215AB11B4A0021C3F81C11E6
:100230005079D3F81C31019310F01000019B17D0B6
:10024000144BD3F8042182B1134A0021C3F80411DE
:10025000D3F804111368009101210098117123B1A2
:10026000032005B05DF804EB184705B05DF804FB0A
:100270001368002BE4D09847E2E71368002BCFD037
:1002800002209847CCE71368002BBAD0012098478A
:10029000B7E700BF00C00140D054002010B582B0C5
:1002A00040B10B46B9B103601B68114602B0BDE80E
:1002B000104018470F4B1048104A1149C01AC00887
:1002C0000E2400040F4B009440F00100F7F778FD76
:1002D0000E2002B010BD074B07480B4A0849C01A50
:1002E000C0080E240004074B009440F00100F7F70B
:1002F00067FDEDE78CA70400ECA70400685C040030
:10030000705C0400345E04009C5C04002DE9F04144
:1003100082B0002874D01546002A00F0818007685A
:10032000002F00F08C8073B34668D6F80480B3FBCE
:10033000F8F608FB1636002E35D111F0030F41D127
:10034000AD074ED1C568A94211D2454B4548464A32
:100350004649C01A1024C008A040454B009440F004
:100360000100F7F72DFD102002B0BDE8F08104690F
:1003700001F1FF3E9E44A645E7D8FC68A44602B0C2
:10038000BDE8F0416047364B36483A4A3749C01A13
:10039000C00809240004364B009440F00100F7F730
:1003A0000FFD0920E0E72E4B2E48334A2F49C01A93
:1003B000C008092400042E4B009440F00100F7F718
:1003C000FFFCEEE7264B27482C4A2849C01A102488
:1003D000C008A040264B009440F00100F7F7F0FC65
:1003E000C1E71F4B1F48264A2049C01A1024C008E5
:1003F000A0401F4B009440F00100F7F7E1FCB2E78A
:10040000174B18481F4A1949C01AC0080E24000487
:10041000174B009440F00100F7F7D2FC0E20A3E741
:100420000F4B1048184A1149C01AC0080E24000486
:100430000F4B009440F00100F7F7C2FCEEE7084BC9
:100440000848124A0949C01AC0080824000440F0AC
:100450000100074B0094F7F7B3FC204684E700BF88
:100460008CA70400ECA704006C5D0400705C040021
:10047000205E0400B85C0400045D0400305D0400EC
:10048000485D0400685C0400FC5C0400A45C04009B
:10049000F0B583B0002849D00568002D4FD02AB3AD
:1004A00046683668771E0F4231D1C768B94210D20C
:1004B000274B2848284A2949C01A1024C008A040C0
:1004C000274B009440F00100F7F77AFC102003B0AE
:1004D000F0BD046901F1FF3E06FB02EEA645E7D838
:1004E0002C69A44603B0BDE8F0406047184B19489A
:1004F0001C4AC01AC0081A4B09240004174900946A
:1005000040F00100F7F75CFC204603B0F0BD104B53
:100510001048154A1149C01A1024C008A040104BB9
:10052000009440F00100F7F74BFCCFE7084B094877
:100530000E4AC01AC0080A4B0E240004DEE7044B22
:1005400004480B4AC01AC008054B08240004D5E72C
:100550008CA70400ECA70400BC5D0400705C0400E0
:100560000C5E0400B85C0400945D0400685C040048
:10057000A45C040018B103680BB1DB69184770B5BF
:100580000B4B0C4C0C4E1B1BA6FB0326132B4FEAEC
:10059000161688BF002509D9236820460135143472
:1005A00013B1DB69984710B9B542F5D3002070BD8F
:1005B0007033002048330020CDCCCCCC29DF7047ED
:1005C00028DF70470846704700207047024B187AB2
:1005D000003818BF01207047E0540020034B187A00
:1005E0000122B0FA80F05A7440097047E0540020AC
:1005F00008B510461A460EF049FE002008BD00BF9F
:1006000008B51422002104480EF056FF0348F9F7FC
:1006100011F8002008BD00BFE0540020F454002071
:1006200010B50A4C0A4B43602046F9F76DF908B142
:10063000002010BDFFF724FA02462274054906483F
:100640001C238C22F8F7DEFF002010BDE0540020B0
:10065000785E040004550020F454002030B53C4C72
:10066000237A87B0002B3CD03A4D286802232372AE
:100670000379002B3FD0012B25D002689368C3B1CA
:100680000023CDE90233009304930323019383688D
:1006900005930379002B4DD0012B07D102238DF850
:1006A0000030C368416904911B0302939368684654
:1006B00098472949294800232372636007B0BDE8A1
:1006C0003040F9F74DB8D0E903201044FFF778FF28
:1006D00018B311282AD0286802689368002BCFD15C
:1006E000E7E71D491D481B4DF9F708F82860002869
:1006F000BCD160601CE0D0E90523D21A802A28BF53
:100700008022D0E903109208012A38BF012219443F
:100710001844FFF753FF0028DBD1237C43B901467F
:10072000022007B0BDE8304000F01AB80123237260
:1007300007B030BD01238DF800300369C168029312
:100740004369CDE90313684693689847B1E700BF52
:10075000E0540020DC540020D8540020F454002041
:10076000831E012B40D810B5344C237A86B0002B61
:1007700038D0022B2FD103283CD0314B00221B68EC
:10078000E2601A79002A4ED0012A24D1D3E904214B
:1007900001328A421A611ED10020207205E0284BE6
:1007A00000221B68E26022720D2019688A6872B10B
:1007B0000022CDE90222009204929A6801900592EB
:1007C0001A7932B3012A1BD08B68684698471D49B5
:1007D0001D48F8F7C5FF637C3BB906B0BDE8104083
:1007E000FFF73CBF06B010BD704706B0BDE8104033
:1007F000FFF736B9E3680133082BD0D8E360EAE7A6
:1008000002228DF80020DA685869049012030292DF
:10081000DAE701228DF800201A690292DA685B6932
:10082000CDE90323D0E7D3E90512881A802894BFC5
:100830001218803291429A61CDD1ADE7E054002088
:10084000DC540020D8540020F45400202DE9F0415D
:1008500082B007468846154801A916461D46F8F796
:100860000BFFE0B104461C2200210EF025FE089B80
:10087000A36000230D48276001A9C4F81080E6603A
:1008800065612371F8F72AFF0948F9F73DF810B9B7
:10089000084B5B7C3BB1002002B0BDE8F081042036
:1008A00002B0BDE8F081FFF7D9FEF4E7F454002070
:1008B000E4540020E05400202DE9F04182B00746C6
:1008C0000D46154801A916469846F8F7D5FED8B149
:1008D00004461C2200210EF0EFFD2D0B01230E48D3
:1008E000276001A9C4F80880E56066612371F8F704
:1008F000F5FE0A48F9F708F810B9094B5B7C3BB1E3
:10090000002002B0BDE8F081042002B0BDE8F08113
:10091000FFF7A4FEF4E700BFF4540020E4540020E5
:10092000E054002000F0FD03012B00D0704730B5EB
:100930003D4CA0F10100B0FA80F0237A002240097A
:1009400087B062742074002B50D0384D2868022381
:1009500023720379002B53D0012B0DD1D0E9032052
:100960001044FFF72DFE00282CD0112803D10123BD
:10097000237207B030BD2868026893687BB10023FA
:10098000CDE9023300930493032301938368059315
:1009900003790BB3012B0CD0936868469847244920
:1009A000244800232372636007B0BDE83040F8F7A5
:1009B000D7BE02238DF80030C368416904911B0340
:1009C0000293E9E7237C002BD3D10146022007B034
:1009D000BDE83040FFF7C4BE01238DF80030036945
:1009E000C16802934369CDE90313D5E71049114863
:1009F0000E4DF8F783FE28600028A8D16060B8E7A4
:100A0000D0E90523D21A802A28BF8022D0E903101A
:100A10009208012A38BF012219441844FFF7CEFD7D
:100A20000028A2D1CEE700BFE0540020DC54002013
:100A3000D8540020F4540020A0DF7047A1DF704795
:100A4000ADDF7047B3DF7047B4DF704730B583B0B8
:100A500004460422002168460EF02EFD0C4A12685E
:100A6000019242F6A623012501AA69462046ADF867
:100A700000308DF80250FFF7DFFF08B103B030BD42
:100A8000044B2A4619782046FEF760F903B030BDC2
:100A9000B06104009155002030B54FF6FF728BB065
:100AA00000239042CDE90033CDE902330493ADF841
:100AB000020028D0044600F0A7FD1128054652D0B8
:100AC00023D8002849D00B2823D12A4B2A482B4968
:100AD000C01AC008000440F00200102322468DF81E
:100AE0000030F7F733FBBDF8020000F0CBFF034600
:100AF0006846ADF8043002F0B9FC214B00221978A9
:100B00002046FEF723F90BB030BD43F202039842B2
:100B1000F3D02846F9F73EFD174B1A49024615480F
:100B2000181AC0080004234640F00100F7F72AFA1B
:100B3000002308222046CDE90533CDE908338DF89E
:100B40001420ADF81640079500F09CFF034605A859
:100B5000ADF8183002F08AFCCFE70F23BDF8020091
:100B60008DF80030C1E7064B012219782046FEF7C8
:100B7000EDF8C8E78CA704001CA80400845E0400FC
:100B800095550020045F040070B5012186B006462B
:100B90003848F8F767FEBFF35F8F08B106B070BD45
:100BA0000446304600F098FC112805465BD01ED85C
:100BB00080B30B2821D02846F9F7ECFC2E4B2F49A7
:100BC00002462F48181AC0080004334640F00100BE
:100BD000F7F7D8F900240823CDE90144CDE904440E
:100BE0008DF804303046ADF80660039532E0862873
:100BF00019D043F202039842DDD1224B002219782A
:100C00003046FEF7A3F8BFF35F8F1A4B00221A603D
:100C100006B070BD1B4B19780246304606B0BDE8E1
:100C20007040FEF793B8164B134817490194C01A49
:100C3000C008000440F0020007233246CDE9024418
:100C4000CDE904448DF80430ADF80660F7F77EFA7C
:100C5000BDF8060000F016FF034601A8ADF8083005
:100C600002F004FCC9E7074B012219783046FEF771
:100C70006DF8C8E7985500201CA80400905F040098
:100C80008CA7040096550020585F04002DE9F0471A
:100C90005A4F88B039780646FEF73CF810B108B0D4
:100CA000BDE8F0870446304600F01CFD11280546DB
:100CB0000CD8112823D8DFE800F089222222222232
:100CC00082224622222222222222221443F20203DC
:100CD000984206D043F20143984210D13046FFF7C4
:100CE000DBFE0122464B30461978FEF72FF83978A3
:100CF0002246304608B0BDE8F047FEF727B8284640
:100D0000F9F748FC3F4B404902464048C01AC0082A
:100D10000004334640F00100F7F734F90023CDE931
:100D20000333CDE90633304608238DF80C300595A2
:100D3000ADF80E6000F0A6FE034603A8ADF8103033
:100D400002F094FBCDE70DF10600FFF77BFEBDF846
:100D50000630012B33D94FF00008012502A94FF0CE
:100D6000020942F6021A0DE0BDF80880A8EB03085C
:100D7000B8FA88F84FEA5818BDF806300135ADB218
:100D8000AB421CD928460022CDE90391FFF75CFE57
:100D900042F6052398B902A9B8F1000FE4D0BDF8D6
:100DA00008305345E8D101AB294603AA30460493E5
:100DB000FFF746FE18B9BDF80430002B91D130463C
:100DC00000F060FE00F0BCFC00228BE70023112243
:100DD0003046CDE90333CDE905338DF80C20079378
:100DE000ADF80E6000F04EFE0124034603A8ADF8F6
:100DF000103002F03BFB224674E700BF9355002001
:100E0000945500208CA70400D05F04001CA80400A7
:100E100030B54FF6FF728BB000239042CDE900331E
:100E2000CDE902330493ADF8020028D0044600F067
:100E3000EBFB1128054652D023D8002849D00B28B7
:100E400023D12A4B2A482B49C01AC008000440F07D
:100E50000200102322468DF80030F7F777F9BDF82D
:100E6000020000F00FFE03466846ADF8043002F0C1
:100E7000FDFA214B002219782046FDF767FF0BB0E1
:100E800030BD43F202039842F3D02846F9F782FBC3
:100E9000174B1A4902461548181AC0080004234681
:100EA00040F00100F7F76EF8002308222046CDE954
:100EB0000533CDE908338DF81420ADF816400795B9
:100EC00000F0E0FD034605A8ADF8183002F0CEFAB8
:100ED000CFE70F23BDF802008DF80030C1E7064BC5
:100EE000012219782046FDF731FFC8E78CA70400DE
:100EF0001CA80400845E040095550020045F0400D3
:100F0000037803B1704730B5044683B04088FFF7DB
:100F1000C3FD6588284600F0CFFBA0B96488204651
:100F200000F0B0FD00236A46092101F02FFA0528E0
:100F300018D0104B104918780022FDF729FF0246FF
:100F400040B103B030BD0D4B012219782846FDF7A2
:100F5000FDFEE3E70A4B0B49187803B0BDE83040CB
:100F6000FDF716BF064B012219782046FDF7EEFE6D
:100F7000DFE700BF96550020890B03009455002041
:100F8000925500204D0A0300F0B50578092D83B075
:100F900009D0314C314920780022FDF7F9FE024694
:100FA00050B303B0F0BD477A0446002FF1D1067A62
:100FB000072E29D0082E45D0012EEAD180886A4616
:100FC000314601F0AFFD05460028E2D1019B1B78B8
:100FD000002BDED0A08800F01BFE4FF6FF73984276
:100FE000D7D01F4C32462178FDF7B0FE1D4920783E
:100FF0002A46FDF7CDFECCE71B4B1C49187803B001
:10100000BDE8F040FDF7C4BE8088134C00F000FE40
:101010004FF6FF7398420646BCD021780122FDF7B7
:1010200095FE304600F02EFD3B4629466A4601F00B
:10103000ADF90528AED10C4B012219783046FDF7E9
:1010400085FEA7E70A4B1A68012AA2D1BFF35F8F7A
:10105000014C1F609EE700BF96550020890B0300DE
:10106000945500208D0C0300925500204D0A03007A
:10107000985500202DE9F843FDF742FE234C244DFE
:101080002070FDF73DFE2870FDF73AFE214E224FFD
:101090003070FDF735FE3870FDF732FEDFF89080D6
:1010A000DFF8909088F80000FDF72AFE89F800002C
:1010B000FDF726FE2378194A182B107019D02B78CB
:1010C000182B16D03378182B13D03B78182B10D050
:1010D00098F80030182B0CD099F80030182B08D055
:1010E000182806D00E4B00201860BFF35F8FBDE8B4
:1010F000F8830C4B0C480D49C01AC008000440F09E
:101100000100F7F701F90320BDE8F88396550020A8
:1011100095550020945500209355002090550020AF
:10112000985500208CA704001CA80400106004003F
:10113000925500209155002070B503888588353B75
:1011400086B004461F2B66D8DFE813F020009D0010
:101150006500650065006500650065006500650067
:101160006500650065006500650065006500650057
:101170006500650065006500650065006500650047
:101180006500C5006500E40065007400844E2846D3
:101190003178FDF7BFFD00283DD000223178284688
:1011A000FDF7D4FDE288B2F5857F1ED0002A40F01D
:1011B000DC806289012A09D07A4B7B487B49181A66
:1011C000C008000440F00200F6F7C0FFA689012E17
:1011D00000F0D6807348744B7549C01AC0080004EB
:1011E000324640F00200F6F7B1FF724B0024197846
:1011F000714B22462846CDE90134FDF7A7FD6F4B20
:101200000293284600F03EFC002201A901F03EF9BD
:10121000002840F084806A4C6A4B6B4918780022A1
:10122000FDF7B6FD69492078002206B0BDE87040A0
:10123000FDF7AEBD002612232846CDE90166CDE9B3
:1012400003668DF804300596ADF8065000F01AFCE0
:10125000ADF8080000F074FA5D4B594C197832462D
:101260002846FDF773FD217832462846FDF76EFDCE
:10127000BDF8060000F006FC034601A8ADF80830F2
:1012800002F0F4F8C8E7534E28463178FDF742FDE6
:101290000028C0D0002231782846FDF757FDE288AB
:1012A000002A4AD1E389012B52D03F4A3D484049A8
:1012B000801AC00800041A4640F00200F6F746FF04
:1012C0003C493D4B097800222846CDE90132FDF723
:1012D0003DFD3A4B94E7037B012B9CD1827A012A96
:1012E00099D1018942F60213994294D13A4C284689
:1012F0002178FDF72BFD002238492078FDF748FDC5
:101300000246002887D12B4B354918782C4CFDF725
:101310003FFD81E72846FFF7BFFB294C7CE7F9F743
:1013200039F9204B2F4902461F481B1ADB081B04C2
:1013300043F00200F6F70AFF6DE71B4B19482A49F4
:10134000C01AC008000440F00200F6F7FFFEB7E73D
:101350001849247C184B09782846CDE90132FDF75D
:10136000F5FC002CB5D0214B4AE70F4B0D481E4928
:10137000C01AC008000440F00200F6F7E7FE34E7A8
:10138000E18900222846FFF759FB00287FF42DAFA2
:10139000104B0B4C197832462846FDF7D7FC3BE73B
:1013A000915500201CA804008CA704001C610400B7
:1013B0005861040092550020010009009461040066
:1013C0009455002095550020110E03008D0C03004C
:1013D000935500209055002096550020890B03005E
:1013E0004D0A030080600400E0600400986104007E
:1013F000AFDF7047B1DF7047B2DF7047B3DF7047D0
:10140000F0B5264B264D93E803002B8889B04FF6A4
:10141000FF7701AEBB4286E8030007D137E028889A
:1014200001F0BAF8B8420346288030D00022314695
:10143000184601F02BF804460028F0D00023CDE92F
:101440000333CDE90533079311282B88ADF810300D
:101450001DD086281DD0F9F79DF812492B88024629
:101460001148081AC008000440F001000F49F6F7BF
:1014700089FD0823BDF810008DF80C30059400F0AC
:10148000C7FB034603A8ADF80E3002F003F809B01D
:10149000F0BD072218468DF80C20F0E7A463040085
:1014A0009E55002024A804008CA70400B461040009
:1014B000044A12884FF6FF739A4200D17047FFF733
:1014C0009FBF00BF9E550020024B4FF6FF721A804F
:1014D000002070479E5500202DE9F04F85B007464B
:1014E00000F0D0FA4FF6FF73984277D0424B434A50
:1014F000A3EB02094FEAD90901254FEA094906463B
:1015000049EA05094FF003086B4608212A46304690
:1015100001F00CFB01460323384621BBDDF804B083
:10152000DA460BF104024AF8068B5146FFF764FFD6
:101530000446F8B10C2836D005284FF00801304693
:1015400008BF002401F0E8FB00284AD0F9F722F890
:101550002B49034632464846F6F714FD0321084658
:1015600005B0BDE8F08F072908BF0C21084605B07B
:10157000BDE8F08F02AA0821304601F0D3FAD0B9B5
:101580000399BBF804308A889A4216D10631504636
:101590000DF04AFE88B90821304601F0BDFB002855
:1015A000D4D10B21DBE70821304601F0B5FBD0B9DF
:1015B0000135ADB2A8E7052806D1082132463046EC
:1015C00001F00AFC0146CAE7F8F7E4FF0D490246BC
:1015D0003B464846F6F7D6FC0321C0E743F202013A
:1015E000BDE72146BBE7F8F7D5FF0549034632467C
:1015F0004846F6F7C7FCDBE724A804008CA70400E4
:10160000446204000C6204002DE9F04182B00646F9
:1016100000F038FA4FF6FF73984230D100270324C8
:101620003D464FF0010823463A4629463046FFF72B
:10163000E1FE042811D0082817D00B2805D0B8F1F6
:10164000000F0ED002B0BDE8F08114F002040ED1FC
:101650008DB127463D4603240AE01120B8F1000F62
:10166000F0D10B2002B0BDE8F0810020E7E70124B3
:101670004FF00008D7E76FB103242F46F8E76A461A
:10168000082101F04FFA0028C8D1019DAF882C68CD
:101690000635C6E7054B06480649C01AC0080004CF
:1016A000324640F00100F6F751FDDAE78CA704005E
:1016B00024A80400C462040000B585B00DF107033E
:1016C000039300F0DFF902AA012101F02BFA20B9FF
:1016D000039B187805B05DF804FB002005B05DF8A9
:1016E00004FB00BF70B5124E04463046FFF786FE7D
:1016F00078B9318843F203054FF6FF722046FFF7B1
:1017000077FEA84200D070BD3188013189B23180A6
:10171000F2E7F8F73FFF074B0749024607481B1A55
:10172000DB081B0443F00100F6F710FD032070BD39
:101730009C55002024A804003C6304008CA70400EE
:1017400000B5084B844693E8030083B06B4683E8FA
:10175000030000221946604600F098FE03B05DF8D1
:1017600004FB00BFAC63040046DF70470388102B06
:101770002CD170B500F1040CBCE80F009EB00DF147
:101780001C0EAEE80F00BCE80F00AEE80F009CE8AE
:1017900007009DF8203003F0FE03062B8EE80700BB
:1017A00015D1BDF81C306749BDF82440089803EBFB
:1017B00083035B00CA18D4804FF6FF74CC529DF8A7
:1017C00026301372C2F802001EB070BD704700F0E0
:1017D00025FE9DF82030032B4FEA530240F29680FD
:1017E000022ADED105AE0DF1060532462946072054
:1017F00000F01CFE0028D4D09DF82030069C03F099
:10180000FE03042BF1D103220DF1210102A80DF0FA
:101810003DFD032209A904A80DF038FD237C8DF8B5
:101820004830E37B8DF84930A37B8DF84A30637BE9
:101830008DF84B30237B8DF84C30E37A8DF84D30AA
:10184000A37A8DF84E30637A8DF84F30237A8DF875
:101850005030E3798DF85130A3798DF852306379A7
:101860008DF8533023798DF85430E3788DF8553066
:10187000A3788DF8563063788DF857300D2200210B
:1018800016A80DF019FEBDF810305BBAADF8663041
:1018900012A89DF812308DF86530FFF765FFBDF88E
:1018A00076309DF875208DF80E205BBA032203A9CF
:1018B00002A8ADF80C300DF0B7FC002895D1BDF8AA
:1018C0001C202048BDF8061002EB82035B00C41800
:1018D000C152BDF824300898E3804FF6FF73C4F876
:1018E000020099429DF8260020723FF46DAF00235C
:1018F00012A8ADF84A20ADF84C108DF8483001F030
:10190000DDFD12A8FFF7FCFA1EB070BD05AE0DF1AB
:10191000060532462946072000F088FD00283FF4DE
:1019200040AF06999DF820304A7C5340012BF0D8F7
:10193000062212310DF121000DF076FC0028E8D1CD
:10194000BDE700BFA055002070B5102204460D462B
:10195000013001310DF068FC00285FD16378F3B9E4
:10196000A378E3B9E378D3B92379C3B96379B3B979
:10197000A379A3B9E37993B9237A83B9637A73B965
:10198000A37A63B9E37A53B9237B43B9637B33B951
:10199000A37B23B9E37B13B9267C002E3FD06B7861
:1019A000002B4DD1AB78002B4AD1EB78002B47D1DF
:1019B0002B79002B44D16B79002B41D1AB79002BD3
:1019C0003ED1EB79002B3BD12B7A002B38D16B7AAF
:1019D000002B35D1AB7A002B32D1EB7A83BB2B7B3A
:1019E00073BB6B7B63BBAB7B53BBEB7B43BB2E7C83
:1019F000637C6A7C003E82EA030218BF0126012A4A
:101A000012D9002003F0FC03042B05D06B7C03F0FB
:101A1000FC03042B18BF0646304670BD0026637CCD
:101A20006A7C5A40012AECD8062205F1120104F121
:101A300012000DF0F9FBB0FA80F0637C4009E1E799
:101A40000126ECE730B585B005460C4600F0E6FC13
:101A500003E0BDF80630A3420BD102AA0DF1060146
:101A6000072000F0E3FC0028F3D14FF6FF7005B02B
:101A700030BD03992846FFF767FF0028EDD0BDF879
:101A80000600F4E713280DD810B50446FDF7A4F8B6
:101A900028B1064B04EB840433F8140010BD4FF654
:101AA000FF7010BD4FF6FF70704700BFA0550020BB
:101AB000132816D838B504460D46FDF78DF868B1E1
:101AC000094B04EB840403EB44030020D3F8022009
:101AD000D9881B7AA9802A60AB7138BD43F2020015
:101AE00038BD43F202007047A055002008B50288B7
:101AF0007AB983786BB9C3785BB903794BB9437909
:101B00003BB983792BB9C3791BB9037A0BB9437AF3
:101B100013B10B88934201D0002008BD0822023186
:101B200002300DF081FBB0FA80F0400908BD00BF23
:101B300030B585B0044600F071FCA51C02AA0DF179
:101B40000601072000F072FC002855D02388039975
:101B5000002B34D1A278002A52D1E378002B44D153
:101B60002279002A41D16279002A3ED1A279002A45
:101B70003BD1E279002A38D1227A002A35D1627A23
:101B8000002A32D123795BB9627952B9A07938B988
:101B9000E379002B39D1227A1AB9637A002BCDD0A0
:101BA00000234A8D9A42C9D108222C3128460DF0D3
:101BB0003BFB0028C2D1BDF8060005B030BDB1F82E
:101BC00046209A42EDD10822483128460DF02CFBE0
:101BD0000028F0D023880399002BE2D1A278002AB4
:101BE000DFD1E378002BCDD0DAE7B1F84620002A28
:101BF000E9D0002BC6D0D3E74FF6FF7005B030BD5B
:101C0000B1F84620002ACCD1DDE70346C9E700BF82
:101C10004FF6FF7398422DE9F04118D000240E4F83
:101C20000646254603E0642C05F101050FD037F880
:101C30001430B34204F10504F5D11FFA85F840468B
:101C4000FCF7CAFF0028EED04046BDE8F0814FF611
:101C5000FF784046BDE8F081A0550020132804D845
:101C6000024B00EB800023F810107047A0550020B5
:101C7000F8B54FF6FF73984225D00024144F06465E
:101C8000254603E0642C05F1010516D037F8143021
:101C9000B34204F10504F5D1A8B2FCF79DFF00287A
:101CA000F0D0304600F064FE30B905EB85054FF604
:101CB000FF7327F815300020F8BD304600F058FEBD
:101CC0000028F8D0F8BDBDE8F84000F051BE00BFD4
:101CD000A055002076DF704780DF704781DF7047B6
:101CE00084DF7047F0B5274B83B093F881334027EA
:101CF00001971BB11124204603B0F0BD224A234DA9
:101D0000234E24493370AD1AED08234A2D0445F0C3
:101D100004001370F6F7F8FA204B214A21492248B3
:101D200005F0FEFF044698B920491C4801AA06F0B8
:101D30005DF80446E0B91D4A1A483B46114606F0D4
:101D40007FF8044668B901232046337003B0F0BD24
:101D50000246174945F00100F6F7F8F9204603B0AE
:101D6000F0BD0246134945F00100F6F7EFF9C2E76E
:101D70000246114945F00100F6F7E8F9204603B0A4
:101D8000F0BD00BF945600208CA70400E4A7040017
:101D90001C640020C463040093560020185A0020DD
:101DA000985D0020F0770400D0600020CC67002010
:101DB000DC6304004C6404001464040038B54FF480
:101DC0006172002115480DF077FB06F0C7F8054653
:101DD000B0B9134B134C1449E41AE408240444F03A
:101DE00004042046F6F790FA20461049F6F78CFADC
:101DF0000F4B104A1D701570BDE83840FFF772BFD9
:101E0000074B08480C49C01AC00800042A4640F095
:101E10000100F6F79BF9284638BD00BF9456002014
:101E20008CA70400E4A70400AC640400C4640400AC
:101E30001C6400201D6400208464040010B5084B5D
:101E40001C780CB1074810BD074B08480849C01A58
:101E5000C008000440F00100F6F756FA204610BD15
:101E60001C640020CC6700208CA70400E4A70400B9
:101E7000E06404002B4B1B78002B50D12DE9F0417E
:101E8000294B2A4E2A4CF61AF60894F88033360469
:101E900046F0020884B046F003063BB3254B1B789E
:101EA0002025039563B394F881334BB103AA0092C4
:101EB000214B22492248224606F000F8074618B373
:101EC00020494046F6F720FA1B48202106F0FCF88E
:101ED00080B91D4900223046F6F738F9164900202E
:101EE000FFF7FCFE0023C4F8803300B9002004B0E3
:101EF000BDE8F0810023C4F8803304B0BDE8F08170
:101F0000C4F880330320F2E70B4A10482B461146F1
:101F100005F096FF0028DCD0C4F88073E7E70320C3
:101F2000704700BF1D6400208CA70400E4A70400D4
:101F3000945600201C640020AC670020985D0020AF
:101F4000206400202465040058650400F077040034
:101F5000F0B503888588113B91B00446082B0CD856
:101F6000DFE803F00D0B0B0B180B222D0500FFF71C
:101F7000B9FE10B1584B01221A7011B0F0BD4FF4E8
:101F8000617305FB03F3554A03F560730021D150DB
:101F900011B0F0BD514B4FF4617202FB05330122C9
:101FA00083F8832311B0F0BD037A012BE5D14B4AAE
:101FB0004FF4617101FB052282F88233DDE7484B63
:101FC000484E4949F61AF608360446F00400F6F77A
:101FD0009BF9237BDB073FD4A7684448202239467E
:101FE0000DF022F90446D8B941493C4F46F00200B1
:101FF000F6F78AF94FF4617303FB057393F88223B4
:1020000083F88143002A5CD193F8831300293FD1E0
:102010004FF4617303FB0577012387F88033ACE746
:102020003448402339466A4605F00AFF0446002832
:1020300040D12A4F2F484FF461716A4601FB057168
:10204000402305F0A9FE70BB01244FF4617303FB2C
:10205000057383F88143DBE7274B284F1B78002B60
:10206000274B1A6808BF002712B12846904702463E
:1020700039462846FFF734FE0028ADD002462149F4
:1020800046F00100F6F762F8134B01221A70A3E73D
:102090001321284683F88323FFF71CFE30F0080342
:1020A0007FF468AF69E70246174946F00100F6F78A
:1020B0004DF8CAE70246154946F00100F6F746F822
:1020C00058E722462146284683F88243FFF704FE5C
:1020D00000287FF44FAF50E71D6400209456002085
:1020E0008CA70400E4A70400CC500400CC670020B7
:1020F000C4650400F0770400935600206C5600205D
:102100006856002090650400F06504004C640400EB
:102110002DE9F041DFF8C4808AB00021082268462A
:1021200088F800100DF0C8F94FF6FF7000F048FF76
:102130004FF6FF76B04220D0044648F2096707E028
:1021400000F0E6FE204600F03BFFB042044614D00B
:10215000A4F58045ADB26A4602A9284605F0A8FA62
:102160000346BB422046EBD0284605F04BF948F227
:1021700007639842054624D010B90AB0BDE8F08143
:10218000134A14481449801AC008000423462A46FA
:1021900040F00100F5F7F6FE0023CDE90533CDE967
:1021A000083308224FF6FF7305A88DF81420ADF808
:1021B00018400795ADF8163000F07EFA0AB0BDE879
:1021C000F081012388F800300AB0BDE8F08100BF3B
:1021D0008CA7040044A804003C6604001468002096
:1021E00010B58389017886B003F5804300229BB245
:1021F0000429CDE90122CDE903220592ADF808308A
:1022000041D02CD84A1E022A37D843F6FE72934298
:10221000C38953D8D0E90120A1F10301B1FA81F1BA
:1022200049098DF80C308DF80D100490002A4BD11F
:102230009DF8143043F0010309228DF81430274C27
:102240008DF804204FF6FF7301A8ADF8063000F0BA
:1022500033FA2378ABB1FFF75BFF06B010BD052959
:102260000BD143683BBB14224FF0FF3301A88DF81C
:102270000420CDF8063000F01FFA184C2378002B0C
:10228000E9D106B010BD43F6FE729342F5D8C2897B
:10229000002AF2D14268D2B10C238DF804300392A7
:1022A0000E4C01224FF6FF7301A82270ADF80630E4
:1022B00000F002FAE2E703931522D5E703F5804424
:1022C000A4B29442A6D9D8E705920A22B7E70B2216
:1022D00018468DF8042000F01BFEE1E7146800208A
:1022E00030B5254889B004F0FDFC38BB04F012FD80
:1022F0000546002831D100F0CFFD0822294603A869
:102300000DF0DAF80CE004F059FE019B9C8804F50E
:10231000804405A8A4B204F07DFE204600F0C4FD70
:1023200005A903AA4CF2070005F04EF9034601A9DE
:1023300005A8002BE7D0284609B030BD0F4B104947
:1023400002461048C01AC008000440F00100F5F72A
:10235000FDFE0325284609B030BD084B09480A494F
:10236000C01AC00800042A4640F00100F5F7EEFE4E
:102370008625284609B030BDE12103008CA7040062
:102380008866040044A80400CC660400F0B5FF2869
:1023900087B008D81E460B1F052B04460D4617466E
:1023A00005D9012903D00724204607B0F0BD082233
:1023B000002101A80DF080F8A4F58040A5F580412A
:1023C00080B289B201AB03AA05F08AF8F8B901A975
:1023D00003A804F0F3FD0446C8B9019BBD705B88F7
:1023E0003B808EB13268786802999D00AA4228BF6E
:1023F0002A4616460CF04AFFB5420CD803A804F052
:1024000009FE204607B0F0BD029B7B60F6E705247D
:10241000204607B0F0BD0C24C6E700BF02480822E2
:1024200000210DF049B800BF0C68002070B5031FF3
:10243000052B86B004460E46154604D9012802D065
:10244000012006B070BDA4F580400F4A80B203A9F8
:1024500005F0BAF810B1002006B070BD01A903A8BC
:1024600004F0ACFD0028F6D1019BAC705A882A809C
:10247000029A6A609B8803F5804303A8338004F0C6
:10248000C9FD0120DDE700BF0C680020F0B5FF2882
:1024900089B03FD891F802C0BCF1070F0546164637
:1024A00008D0BCF1090F35D840F2723323FA0CF38F
:1024B000DB072FD54B680393ACF5804CA5F580471F
:1024C0000B8804931FFA8CF4BFB2082200216846DF
:1024D000ADF80870ADF80A400CF0EEFF21466B46EF
:1024E000384605AA04F0FCFF02A948BB05A804F081
:1024F0009FFE044654B3A4F50643023B0B2B0DD8B4
:102500000B2B0BD8DFE803F0290A0A0A2D1A0A0A56
:102510000A0A0A1A0724204609B0F0BD124B1348D4
:102520001349C01AC008000422462B4640F001009F
:10253000F5F728FD0324204609B0F0BD1124EAE791
:1025400005A804F091FD0446002CD4D1002EE2D061
:10255000314605A805F020F9DDE71024204609B032
:10256000F0BD8624D7E700BF8CA7040044A8040070
:102570000C6704004FF6FF7000F096BCFF2806D8E9
:1025800008B500F0B1FCFFF7C3FD002008BD07202F
:10259000704700BF00F0D0BC00F0D8BC00F010BD08
:1025A00010B582B08278417A044600233C48CDE9D8
:1025B00000338DF8022001F0DFFF002864D0237A79
:1025C000A2788DF8022003EB83039B00013A01906F
:1025D000ADF80030072A08D8DFE802F00407070743
:1025E00007043C230123ADF800302246694632F847
:1025F000040BFFF74BFF112820D005D800283ED050
:1026000007282BD102B010BD862827D1A37A254AEE
:1026100023F0030343F001030121A372117002B000
:1026200010BD8388224609339B0832F8040BADF8AD
:1026300000306946FFF72AFF1128DED1A37A194A34
:1026400023F0030343F002030121A3721170002061
:1026500002B010BD1423ADF80030C6E7F7F79AFFBB
:1026600011492388024611480C1AE4082404104931
:1026700044F00100F5F786FC032002B010BDA37AF8
:1026800023F00303A372E2E7084B0748627A094983
:10269000C01AC008000440F00100F5F757FDEBE751
:1026A000906900205C6900203CA804008CA704000D
:1026B000B8670400786704002DE9F043754DC368DE
:1026C0006A68934287B0044600F0CB802A6993423F
:1026D00000F0DB80EA69934200F0D980AA6A934255
:1026E00008BF032700F0BE8003780A2B04D0002720
:1026F000142B50D0092B7DD0204600F051FD2046F0
:1027000002F0A0FE644E2046FEF7D2FE2046FEF701
:102710003BFC3378BBB100245E4F34704FF00109AD
:1027200004EB440305EB830338469B7A99074FEA91
:1027300044080BD4DA0701D586F800900134042C44
:1027400007F10C07ECD107B0BDE8F08386F80090E4
:10275000FFF726FF0028F1D0A0444FEA88084FF683
:10276000FF7235F80830ADF806208628ADF808303D
:1027700063D107238DF8043001A800F011FD01A8F2
:1027800002F060FE01A8FEF793FE01A8FEF7FCFB35
:1027900007B0BDE8F083204600F002FD204602F0BD
:1027A00051FE3D4E2046FEF783FE2046FEF7ECFB31
:1027B0003378002BC7D00024DFF8D890347001277D
:1027C00004EB440305EB830348469B7A13F0020FA6
:1027D0004FEA440809F10C0901D1DB0704D5377031
:1027E000FFF7DEFE0028B7D10134042CE8D107B092
:1027F000BDE8F083667A002E7FF47EAF002F3FF4B1
:102800007BAF3B7A5BB1DFF8A080797A3144C9B203
:10281000404601F0C9FE3B7A01369E42F5D34FF6A1
:10282000FF733B80BB70BB7A00227A6023F0030306
:102830004FF47F423A81BB725EE708238DF8043083
:102840000390164CF7F7A6FE154935F80830641AC0
:10285000E40824040246134944F00100F5F792FB12
:102860008AE70027237807EB47070A2B05EB870742
:102870007FF43EAF627A002A7FF43EAFBB7A064E09
:102880007A6043F00203BB7245E70127EAE70227BB
:10289000E8E700BF606900205C6900203CA80400F4
:1028A0008CA70400E86704009069002010B5294C4B
:1028B000A07D94F8223094F80AC020F00300A0759F
:1028C00082B094F82E0023F003034FF6FF7200212C
:1028D00084F822302CF0030C502384F80AC02280A4
:1028E0004FF47F4CA2706160A281A27321612283A8
:1028F000A276E16120F00300019304230093164BBC
:10290000A28484F82620A16284F82E00134914487A
:10291000A4F808C04FF4A072A4F814C0A4F820C012
:10292000A4F82CC001F0C0FD034610B9184602B04F
:1029300010BDF7F72FFE0B4B0B4902460B481B1A35
:10294000DB081B0443F00100F5F700FC03231846E5
:1029500002B010BD60690020186800201C680020CB
:10296000906900203CA80400486804008CA704007B
:102970002DE9F84F634D2B888342824617D0AB89EF
:10298000834200F0BA802B8B834200F0B880AB8C7E
:10299000834208BF03260BD05046FFF7EFFD0346E6
:1029A00010B1072840F08A801846BDE8F88F00264D
:1029B0002A88554F06EB460305EB8303524598786A
:1029C0004FF6FF784FF000092FD0AB89534500F048
:1029D0008B802B8B534500F08D80AB8C534500F0E2
:1029E0008680032E06F10103D6D003EB430235F8AF
:1029F0002220524510D0022E06F10203CCD003EB68
:102A0000430235F82220524506D0002EC4D1AB8CAB
:102A10005345C1D1032600E01E462A8806EB460333
:102A200005EB830352459878CFD1364C0023A2782A
:102A3000824220D0032B03F10101D2D001EB4102ED
:102A400035F8222052454BD0022B03F10202C8D0A8
:102A500002EB420135F82110514543D0002BC0D183
:102A6000AB8C5345BDD1032303EB430405EB840436
:102A7000A2788242DED1A27A9207DBD1D4F804B0E8
:102A8000BBF1000FD6D1237A53B1617A594438464D
:102A9000C9B201F089FD237A0BF1010B9B45F4D3F8
:102AA000A37AA4F800804FF47F4223F0030384F854
:102AB0000280C4F804902281A37292E7F7F76AFDBE
:102AC000124C134A1349A41AE4082404034652463C
:102AD00044F00100F5F756FA03231846BDE8F88FD5
:102AE0000B46C1E71346BFE70B4C01239FE70B4C96
:102AF00003239CE70A4C022399E7012658E70226A4
:102B000056E700BF60690020906900203CA80400DF
:102B10008CA70400686804006C69002084690020A8
:102B2000786900200023FFF731BC00BF002B00F0C4
:102B30008A802DE9F0411F46CB1F012B0D4649D855
:102B4000531E032B164645D86E4AB2F800E0704576
:102B500000F0B2809389834200F0B280138B8342ED
:102B600000F0AC80938C834208BF032313D04FF650
:102B7000FF739E4569D09189994200F0C080118B06
:102B8000994200F0BA80918C994208BF03235DD02E
:102B9000112020E0234603EB430402EB840494F865
:102BA00002C0AC4519D0032B03F10104DFD004EBC4
:102BB000440132F821108142ECD0022B03F10204CF
:102BC000D5D004EB440132F821108142E2D0002B31
:102BD000C8D0CCE70720BDE8F081A17A8907E2D10F
:102BE00061680029DFD1237AB34229D1617AFF29B4
:102BF00015D04FF000084448267201F0BDFC0028B3
:102C000060D006EB86031B010333C3F38D03BD7055
:102C100078603B80B8F1000F0CD10020DBE7314633
:102C2000394801F057FCFF280146607257D04FF039
:102C30000108E0E7082DF0D19B00063B8380ECE71C
:102C40000F20BDE8F0810E207047002303EB430402
:102C500002EB84044FF6FF7CA178FF2921D0032BDF
:102C600003F1010194D001EB410432F824406445A2
:102C700020D0022B03F102018AD001EB410432F88B
:102C80002440644516D0002B82D1938C63457FF499
:102C90007FAF032303EB430402EB8404A178FF29F5
:102CA000DDD1A17A8907DAD161680029D7D12080E6
:102CB000A5709BE70B46EDE700236CE702236AE76C
:102CC000012368E7114B1248627A1249C01AC00802
:102CD000000440F00100F5F739FA03207BE7A37AFE
:102CE000A1704FF6FF72002023F0030322804FF4FF
:102CF0007F4260602281A3724AE70223A6E7012394
:102D0000A4E700BF60690020906900208CA7040040
:102D10003CA80400BC680400F8B52D4D2B88834204
:102D20004FD0AB8983424ED02B8B83424DD0AB8C9E
:102D3000834208BF032303D005263046F8BD13465F
:102D400003EB430405EB8404A2788A4216D0032BDC
:102D500003F10102F0D002EB420435F82440844232
:102D6000EDD0022B03F10202E6D002EB420435F86B
:102D700024408442E3D0002BD9D0DDE7A27A920729
:102D8000E5D16668002EE2D1237A5BB1114F35465A
:102D9000617A29443846C9B201F006FC237A01352C
:102DA0009D42F5D3A37A4FF6FF72002123F003036F
:102DB0002280A2704FF47F4261602281A37230466C
:102DC000F8BD0023BCE70123BAE70223B8E700BF40
:102DD0006069002090690020CB1F012B53D870B58B
:102DE000044610460D461646FFF7D4FB80B1294A2B
:102DF0001388A3420ED09389A34246D0138BA342DB
:102E000045D0938CA34208BF032304D0052070BD96
:102E1000072070BD002303EB430C02EB8C0090F8FD
:102E200002C0AC4521D0032B03F10100EED000EB32
:102E3000400132F82110A14223D0022B03F10200FD
:102E4000E4D000EB400132F82110A14219D0002B50
:102E5000DCD1938CA342D9D1032303EB430002EBD3
:102E6000800090F802C0AC45DDD1817A8907DAD1C3
:102E700041680029D7D106808570BDE87040FFF712
:102E80008FBB0346E9E7072070470123C3E702230E
:102E9000C1E700BF606900200248402200210CF019
:102EA0000BBB00BFA06900204FF6FF73984210B51E
:102EB0000DD0FF28044602D94FF6FF7010BD094817
:102EC0002146F6F769FC0028F6D1204610BD0548DA
:102ED0004FF48071F6F784FC80B2B0F5807FEBD0C0
:102EE00010BD00BFA069002008B54FF6FF739842DF
:102EF00002D0FF28014601D9002008BD0348F6F79B
:102F00004BFC0028F8D1012008BD00BFC06900209B
:102F1000FF2800D9704710B5044621460448F6F74B
:102F200049FC21460348BDE81040F6F743BC00BF0A
:102F3000A0690020C0690020FF28014601D90020B7
:102F400070470148F6F742BCA06900204FF6FF73B6
:102F5000984270B52DD0013084B2FF2C25D8164D83
:102F600003E09CB2B4F5807F1FD021462846F6F7D7
:102F70002DFC631C0028F4D0104E21463046F6F795
:102F800025FCA0B10134A4B2B4F5807F0DD00A4D68
:102F900003E00134B4F5807F07D021462846F6F7D8
:102FA00015FC0028F5D0A4B2E7E74FF6FF742046E1
:102FB00070BD0024D3E700BFA0690020C0690020D5
:102FC00038B54FF6FF73984216D0013084B2FF2C0B
:102FD0000ED80A4D03E09CB2B4F5807F08D021469C
:102FE0002846F6F7F3FB631C0028F4D0204638BDD2
:102FF0004FF6FF74204638BD0024EAE7C069002080
:10300000284B1B7803B970472DE9F0410388868867
:10301000102B86B0044614D0234B30461978FBF7AA
:1030200079FE58B92046FEF7A1FB204602F076FA59
:10303000204606B0BDE8F041FEF77EB806B0BDE818
:10304000F08100251422294601A8DFF864808DF85C
:1030500003500CF031FA01228DF804204FF6FF7274
:10306000ADF8082098F80030ADF8066004F10802C9
:1030700003920DF1030204924BB10C4F57F8043B3D
:1030800001A8984798F8003001359D42F6DB064BC1
:103090009DF8032019783046FBF758FE9DF8030091
:1030A000BFE700BFFE69002034310020E469002042
:1030B000E06900202DE9F04F834687B04FF6FF709E
:1030C000CDE900238A46FFF767FA0423039302AB96
:1030D0000026059304AA03AB062104460296049633
:1030E000FFF754F9072851D04FF6FF780546C1463F
:1030F0004FF0FF370AE0052D15D1FFF74DFA03AB6E
:1031000004AA06210446FFF741F905462046002D92
:10311000F1D1029BB34224BFA1461E46BB423CBF35
:10312000A0461F46E9E74FF6FF739C4219D1A1451F
:103130002AD0A0450CBF05200020BBF1000F01D014
:10314000ABF80090BAF1000F01D0CAF80060009B04
:103150000BB1A3F80080019B03B11F6007B0BDE86D
:10316000F08F2846F7F716FA0A4D0B4B0B49ED1A6C
:10317000ED082D040246234645F00100F4F702FF56
:10318000032007B0BDE8F08F0520D6E7052007B083
:10319000BDE8F08F0CA804008CA70400446904006B
:1031A0002DE9F043044687B08088FEF731FD23788F
:1031B0006080093B032B08D8DFE803F04E3D17027F
:1031C000974B1A78002A40F0DA80964E33784BB14C
:1031D000954F002557F8043B204698473378013532
:1031E0009D42F7DB07B0BDE8F0838D4D2B78002BB7
:1031F0007BD18E4D2B78002BE7D08D4EA288338863
:103200009A42E2D18B4B1B78002B00F0EC804FF000
:103210000108894F864800231A463946FFF74AFFBE
:10322000052800F0E380B0FA80F35B092B70B8F159
:10323000000FD7D0C9E7637A002BC6D17F490A684F
:10324000002AC2D0E0688242BFD17B480B6002688E
:10325000E360013A0260B8E7667A2EBB774A1368EA
:103260001BB1E1688B4200F0B880704D2B78002BC9
:10327000ABD06F4EA28833889A42A6D1237A062B10
:10328000A3D16C4B1F786FB1DFF8AC8100231A46D5
:1032900041463046FFF70EFF052800F0AE80B0FA39
:1032A00080F77F092F7090E7012E8ED15F4D2B782C
:1032B000002B8AD05E4FA2883B889A4285D1237A20
:1032C000062B82D15B4B1B786BB1DFF86C8100233E
:1032D0001A4641463846FFF7EDFE052800F0958076
:1032E000B0FA80F35B092B706FE74FF6FF70FFF7C2
:1032F00053F94FF6FF73984206467FF47AAFFFF713
:103300004DF9B0427FF475AF00270DF10408142287
:1033100039464046434E2F700CF0CEF80D238DF801
:1033200004304FF0FF33CDF806303378ABB1DFF81F
:10333000F8903D464F4657F8043B2046984733786F
:1033400001359D42F7DB43B1002559F8043B404667
:103350009847337801359D42F7DB344D2B78002BAD
:103360003FF440AF324EA28833889A427FF43AAF9E
:10337000304B1B78002B51D04FF0000849E7002557
:103380000DF104081422294640461D700CF094F8F3
:103390000E23244E8DF804304FF0FF33CDF8063065
:1033A000A36803933378002B3FF41CAF1E4FB9463C
:1033B00059F8043B20469847337801359D42F7DBA6
:1033C000002B3FF40FAF002457F8043B40469847CA
:1033D000337801349C42F7DB04E7154BA188166073
:1033E0001980E660F1E600232B70EEE64FF6FF73DE
:1033F000338000233B60012318E74FF6FF733380CF
:103400000023C8F800302F70DFE64FF6FF72334616
:103410003A800022C8F800202B70D6E62B70E1E637
:10342000FC690020E0690020E4690020FD690020BB
:10343000F0690020FE690020F4690020F86900208E
:1034400078B1F8B5074F3B7853B1074E05460024D5
:1034500056F8043B284698473B7801349C42F7DBFA
:10346000F8BD7047E0690020E4690020F8B5074F17
:103470003B7853B1064D0646002455F8043B3046D0
:1034800098473B7801349C42F7DBF8BDE0690020A7
:10349000E4690020F8B5074F3B7853B1064D064666
:1034A000002455F8043B304698473B7801349C4251
:1034B000F7DBF8BDE0690020E4690020F8B5074FAC
:1034C0003B7853B1064D0646002455F8043B304680
:1034D00098473B7801349C42F7DBF8BDE069002057
:1034E000E469002010B5FEF7FBFE28BBFFF7DEF90C
:1034F000002841D101F0C6FF78BB01F01DF900287A
:1035000049D1FDF7B7FD002854D1FDF7DDFF044692
:1035100000285ED1364A3749374B38480C704FF691
:10352000FF7CA2F800C001221A700460FBF7E8FBE0
:10353000334B1870204610BDF7F72CF8314C324948
:10354000324A641AE40824040346314944F0010075
:10355000F4F718FD0324204610BDF7F71BF8294C9B
:1035600029492A4A641AE40824040346294944F0F4
:103570000100F4F707FDEDE7F7F70CF8214C2249BD
:10358000224A641AE40824040346234944F0010053
:10359000F4F7F8FCDEE7F6F7FDFF1A4C1A491B4A70
:1035A000641AE408240403461C4944F00100F4F7BB
:1035B000E9FCCFE7F6F7EEFF124C1349134A641A01
:1035C000E40824040346164944F00100F4F7DAFC49
:1035D000C0E7F6F7DFFF0B4C0B490C4A641AE4080E
:1035E000240403460F4944F00100F4F7CBFCB1E793
:1035F000F0690020FD690020FE690020F8690020C4
:10360000343100200CA804008CA704002C6B0400AB
:103610008C690400E4690400B8690400106A0400BD
:103620003C6A0400686A04000A4B1B786BB10A4AC2
:103630001378022B0BD810B4084C591C44F8230003
:10364000117000205DF8044B70470820704704207B
:10365000704700BFFE690020E0690020E469002097
:10366000034B1B780BB101F077BF0820704700BFF8
:10367000FE69002008B5054B1B782BB101F0A8FFAF
:10368000082808BF112008BD082008BDFE690020D9
:10369000034B1B780BB101F03BBE0820704700BF05
:1036A000FE690020074B1B783BB110B50C4631B1C9
:1036B000FEF7E8F92080002010BD082070470E209A
:1036C00010BD00BFFE690020034B1B780BB1FEF755
:1036D000CFBA0820704700BFFE690020F0B52A4E1F
:1036E000337889B08BB3294F01234FF6FF703B70BD
:1036F000FEF752FF4FF6FF75A842044628D03378F4
:1037000020465BB1FEF7B4FA034620463BB9FEF70C
:1037100043FFA8420446F2D1002014E008231846D3
:10372000F6F738FF1A491B4A009403461A48A1EBE2
:10373000000C4FEADC0C4FEA0C4C4CF0010017492E
:10374000F4F73EFB032009B0F0BD082009B0F0BD3E
:103750000024134E3C701422214603A80BF0ACFE4B
:103760000D2233788DF80C204FF0FF32CDF80E206B
:10377000002BD1D00B4D55F8043B03A89847337864
:1037800001349C42F7DBC7E7FE690020FC6900209A
:103790000CA804001C6B04008CA70400946A0400AD
:1037A000E0690020E469002010B4054C24781CB1C5
:1037B0005DF8044BFFF77EBC08205DF8044B7047B2
:1037C000FE6900202DE9F0434C4B1A7889B0002A9D
:1037D00047D04B4A4B4F064692E803003C7801AD78
:1037E00085E8030034B3484F3C68ACBB474BDFF877
:1037F00034811B88B342D8F800303CD05A1C35D0F5
:103800000133414AC8F8003029463046FEF73EFEF3
:10381000034610B3D8F80020013AC8F80020112858
:103820004FF000023A6017D0862801D0072855D102
:103830001C4612E0DFF8EC90DFF8D08023462246E9
:1038400049464046FFF736FC05283ED000280CBF0D
:10385000012300233B70C6D01124204609B0BDE8E7
:10386000F0830824204609B0BDE8F08313242046E5
:1038700009B0BDE8F083002BC2D01422214603A872
:103880000BF01AFE092330468DF80C30FEF7C0F914
:103890009DF81C301E4FADF80E0064F300038DF848
:1038A0001C303B78ADF810600622ADF81420069469
:1038B000002BD2D0174E254656F8043B03A8984754
:1038C0003B7801359D42F7DBC7E701233B704FF69C
:1038D000FF73C9F80040A8F8003084E7F6F75AFEF5
:1038E0000D4C0E4B0E49E41AE408240402463346FC
:1038F00044F00100F4F746FB0324AEE7FE69002024
:10390000446B0400FD690020F8690020F069002084
:10391000E0690020E46900200CA804008CA70400E2
:10392000DC6A0400F469002076DF7047F0B50278A5
:1039300085B00446152A00F27481DFE812F0160003
:10394000160016005200790016001600C100930000
:10395000A300CD00E900F6001601220116000801BF
:10396000160016001600160032010AB105B0F0BDAF
:10397000658803A92846FFF78BFE43F202029042B6
:1039800000D058BB9DF80C1011F00201EED1284672
:10399000FFF770FE04460028E8D01128E6D00D2875
:1039A00000F021810B2800F00C8143F202039842C1
:1039B00000F01581F6F7EEFDA0490246A0482B461F
:1039C0000D1AED082D0445F001009E49F4F7DAFACE
:1039D000204605B0BDE8F040F5F7CCB8F5F7CAF8D9
:1039E000D0E74088954D964EFBF700F9964B9749E6
:1039F00053F82020207A964B53F820300093A81BD0
:103A0000C0080004638840F00300F4F7D9F9237874
:103A1000002BADD0082BA9D1A81BC008000440F092
:103A200001008C49F4F770FCA06800289ED0D0E714
:103A30004088824D824EFBF7D9F8834B864953F874
:103A40002020207A824B53F820300093A81B6389F2
:103A50000193C0080004638840F00300F4F7C4F841
:103A60002378D5E7754D764E8068F6F793FDAB1B4E
:103A7000DB081B040246794943F00100F4F766FBBA
:103A80002378C5E7237C617A6C4D6D4E744A13F040
:103A9000010F744B53F8213073490093734B18BFD7
:103AA0000B460193A81B237A714952F82330A28850
:103AB000C008000440F00300F4F796F82378A7E765
:103AC0005E4D5F4E6B49A81BC008000440F0020029
:103AD000F4F71AFC23789BE7007A6149627A614B1C
:103AE00051F82060A588206953F82270F6F752FD3E
:103AF00033462A46524E514D0190A81BC00800047F
:103B00005D49009740F00200F4F76EF823787FE7F4
:103B10004A4D4B4E82885949A81BC008000440F00A
:103B20000100F4F713FB237872E78068A788434D00
:103B3000434EF6F72FFD0346A81BC008000450496A
:103B40003A4640F00100F4F71DFA237860E73B4D58
:103B50003B4E838862884B49A81BC008000440F094
:103B60000200F4F70FFA237852E7344D344E4649F9
:103B7000A81BC008000440F00300F4F7C5FB23783D
:103B800046E72E4D2E4E8068F6F704FDAB1BDB0892
:103B90001B0402463D4943F00100F4F7D7FA2378AD
:103BA00036E7264D264E8068F6F7F4FCAB1BDB08A3
:103BB0001B040246364943F00200F4F7C7FA2378A3
:103BC00026E71E481E4B3349C01AC00800042A4687
:103BD00040F0020005B0BDE8F040F4F7B7BA17486E
:103BE000174B2D49F0E7164B144C2C49E41AE40806
:103BF000240444F0020420462A46F4F7A7FA1321CD
:103C00002846FFF791FE00283FF4B0AEF6F7C2FC5D
:103C1000234902462B46204605B0BDE8F040F4F7A4
:103C2000B1B9064D064E1F49A81BC008000440F05C
:103C30000200F4F78BFA2378EAE600BF2CA8040010
:103C40008CA70400346F0400A47104004C6B0400C2
:103C500098710400706F04008C6B0400F86B040012
:103C60007071040068710400807A0400246C040000
:103C7000306C0400E06B0400746C0400C06C040041
:103C8000E86C0400506D0400186D04002C6D0400F5
:103C90008C6D0400886E0400E86E0400DC6D040086
:103CA000506E0400BC6D04002DE9F041037886B02D
:103CB0000446152B0FD8DFE803F07C0E0EAF0E0E76
:103CC0000E110E0B0E0B0E0E0E0E0E0E0E0E2D64A2
:103CD000AE4B01221A7006B0BDE8F081AC4D2B78D6
:103CE000002BF8D1AB4BAC4CA84EAC49E41AE4081D
:103CF000240444F003084046F4F706FB3378002B15
:103D000000F0E08203F0B8FB002840F0AD82012310
:103D10002B70E0E79E4AA24EA24D34680023137038
:103D20009A4A13701A1B02F0070204F0070358BFE7
:103D300053424FF6FF7235F81370974200F0B2808D
:103D4000384625F81320FFF73DFD862800F09280C5
:103D5000132800F2B182DFE810F0A500AF02AF0235
:103D6000AF02AF02AF02A500A500AF02AF02AF02E3
:103D7000AF02AF02AF02AF02AF02AF028D00AF02DF
:103D8000A5008368824948F20D62002093420870C2
:103D900002D0B3F5064F9ED10023072201A8CDE93A
:103DA0000133CDE9033305938DF80420FFF77CFF41
:103DB00091E78088FFF706FD86283ED0132800F2A1
:103DC000588201A353F820F0D73C0300734203004C
:103DD0007342030073420300734203007342030003
:103DE000D73C0300D73C0300734203007342030037
:103DF00073420300734203007342030073420300E3
:103E00007342030073420300734203003B3E03000E
:103E100073420300D73C0300037A012B3FF65BAFEC
:103E200000238288059301A8CDE90133CDE903334E
:103E3000ADF80820FFF738FF4DE7594859490268A7
:103E4000A48821F81240531C594201F0070103F0E5
:103E500007034FF0000258BF4B4201920360072353
:103E600001A8CDE90222CDE904228DF80430FFF744
:103E70001BFF30E7336825F8137001335A4202F014
:103E8000070203F0070358BF534233600023CDE914
:103E90000133CDE90333059301A807238DF80430DE
:103EA000FFF702FF631C5A4202F0070203F0070308
:103EB00058BF53424FF6FF7235F81370974237D010
:103EC000384625F81320FFF77DFC862818D01328E4
:103ED00000F2E681DFE810F02C00E401E401E401E7
:103EE000E401E4012C002C00E401E401E401E4011C
:103EF000E401E401E401E401E4011400E4012C0024
:103F0000336825F8137001335A4202F0070203F0B8
:103F1000070358BF534233600023CDE90133CDE995
:103F20000333059301A807238DF80430FFF7BCFE87
:103F3000A31C5A4202F0070203F0070358BF534282
:103F40004FF6FF7235F81370974245D0384625F882
:103F50001320FFF737FC862826D0132800F2A6810D
:103F6000DFE810F03A00A401A401A401A401A40117
:103F70003A003A00A401A401A401A401A401A401EF
:103F8000A401A401A4012200A4013A0035310020BB
:103F9000FF6900208CA704002CA804007C6F04009B
:103FA000006A002038310020336825F8137001338F
:103FB0005A4202F0070203F0070358BF534233602E
:103FC0000023CDE90133CDE90333059301A807238D
:103FD0008DF80430FFF768FEE31C5A4202F0070236
:103FE00003F0070358BF53424FF6FF7235F81370C2
:103FF000974237D0384625F81320FFF7E3FB862891
:1040000018D0132800F24F81DFE810F02C004D018A
:104010004D014D014D014D012C002C004D014D0174
:104020004D014D014D014D014D014D014D0114005A
:104030004D012C00336825F8137001335A4202F009
:10404000070203F0070358BF534233600023CDE952
:104050000133CDE90333059301A807238DF804301C
:10406000FFF722FE231D5A4202F0070203F0070366
:1040700058BF53424FF6FF7235F81370974237D04E
:10408000384625F81320FFF79DFB862818D0132803
:1040900000F21581DFE810F02C0013011301130169
:1040A000130113012C002C00130113011301130140
:1040B00013011301130113011301140013012C0048
:1040C000336825F8137001335A4202F0070203F0F7
:1040D000070358BF534233600023CDE90133CDE9D4
:1040E0000333059301A807238DF80430FFF7DCFDA7
:1040F000631D5A4202F0070203F0070358BF534200
:104100004FF6FF7235F8137097422DD0384625F8D8
:104110001320FFF757FB86280ED0132800F2BD802E
:10412000DFE800F022BBBBBBBBBB2222BBBBBBBBDF
:10413000BBBBBBBBBB0ABB22336825F81370013382
:104140005A4202F0070203F0070358BF534233609C
:104150000023CDE90133CDE90333059301A80723FB
:104160008DF80430FFF7A0FDA31D5A4202F00702AC
:1041700003F0070358BF53424FF6FF7235F8137030
:1041800097422DD0384625F81320FFF71BFB8628D1
:104190000ED0132800F28D80DFE800F0228B8B8B8D
:1041A0008B8B22228B8B8B8B8B8B8B8B8B0A8B221B
:1041B000336825F8137001335A4202F0070203F006
:1041C000070358BF534233600023CDE90133CDE9E3
:1041D0000333059301A807238DF80430FFF764FD2E
:1041E000E31D5A4202F0070203F0070358BF53428F
:1041F0004FF6FF7235F8134094423FF46CAD204601
:1042000025F81320FFF7DEFA862837D0132830D898
:1042100001A353F820F000BFD73C03007342030012
:1042200073420300734203007342030073420300AE
:10423000D73C0300D73C03007342030073420300E2
:10424000734203007342030073420300734203008E
:104250007342030073420300734203007D42030074
:1042600073420300D73C030048F2076290423FF4D8
:1042700032AD06B0BDE8F041F4F77CBC3268531CA7
:10428000594201F0070103F0070325F8124058BF17
:104290004B42002201923360E1E5F4F76BFC63E7E7
:1042A000F4F768FC44E6F4F765FCDBE6F4F762FC3F
:1042B00092E6F4F75FFC93E7F4F75CFCF2E5F4F7C1
:1042C00059FC15E701A803F071FA38BBBDF80A30B4
:1042D000002B14BF0123002333707FF413AD0023A0
:1042E00001AA19461846FFF75FFA074638B1052FAD
:1042F00026D0062F1ED03846F4F73CFCEBE4BDF880
:10430000042015494046F3F721FFBDF80400FFF7EC
:10431000DBF90746D0B901233370F3E4F4F72AFC44
:10432000BDF80A30002B14BF0123002333707FF443
:10433000D2ACD4E7094944F00200F3F7E5FFCAE440
:10434000074944F00100F3F7DFFFC4E4F4F712FC7F
:1043500001233370CBE700BF986F0400E46F0400C3
:10436000C46F04000378042B00D0704710B50E4BC7
:104370000E4904460E486288C01AC008000440F086
:104380000200F3F7E3FE60881321FFF7CDFA30F067
:10439000080207D043F20202904203D0BDE8104069
:1043A000F4F7E8BB10BD00BF8CA704002470040024
:1043B0002CA804000388102B00D0704730B58588E6
:1043C00083B001A92846FFF763F943F20202904245
:1043D00000D048BB9DF8041011F0020122D12846FC
:1043E000FFF748F90446E8B111281BD00D282CD05E
:1043F0000B2847D043F20203984218D0F6F7CAF8C8
:104400002249024622482B460D1AED082D0445F09C
:1044100001002049F3F7B6FD204603B0BDE8304067
:10442000F4F7A8BB03B030BDF4F7A4FBD2E71748FC
:10443000174B1949C01AC00800042A4640F0020070
:1044400003B0BDE83040F3F781BE114B0F4C134968
:10445000E41AE408240444F0020420462A46F3F750
:1044600075FE13212846FFF75FFA0028DAD0F6F729
:1044700091F80B4902462B46204603B0BDE8304078
:10448000F3F780BD0148024B0649D3E72CA804008E
:104490008CA70400346F0400E86E0400DC6D040097
:1044A000506E0400886E040030B4DDE9024570B13E
:1044B00069B163B105FB04FC944508D83CB135B142
:1044C000C0E90013C0E90245002030BC7047072056
:1044D00030BC70472DE9F041002848D003680646FB
:1044E000002B44D04068002841D0B368002B3ED058
:1044F00000240F46FF2521460DE0FF2D08BF25466D
:10450000631B0133BB4233D0B3680134E4B29C4235
:1045100021462CD27068F5F73FF9BFF35F8F002872
:10452000EBD0FF2D01D1FF25EEE7A542FBD204F130
:10453000FF38A8EB0508336855FA88F8002BF2D04D
:10454000706850B1BFF35F8F2946F5F73FF938B96E
:10455000A845E8D033680135F0E7A845FBD1E2E78C
:104560007068BFF35F8F2946F5F724F9F0E7FF2560
:104570002846BDE8F08100BFA0B138B50368044605
:1045800073B1406860B1FF290D4609D0BFF35F8F5A
:10459000F5F71CF920B1E368206803FB050038BD7E
:1045A000002038BD0020704748B138B50368044684
:1045B00023B1406810B1FF290D4601D138BD7047C5
:1045C000BFF35F8FF5F702F90028F7D06068BFF3FB
:1045D0005F8F2946BDE83840F5F7ECB87EDF7047BD
:1045E0007FDF704786DF704710B504464088FDF7CF
:1045F00049FAA0802046BDE8104000F0DBBE00BFB5
:104600002DE9F047464E86B00F46317804461546F0
:10461000FAF780FB10B906B0BDE8F087414B2046A1
:104620001978FAF777FB0246B0B33F4B204619786A
:10463000FAF770FBC0F1020904F5807080B207211F
:10464000FEF76AFB5FFA89F9824608B1052841D175
:104650000DF10408002201923178C8E90122C8E96D
:104660000322042320468DF804308DF80C90ADF819
:104670000E70ADF806408DF81050FAF767FBBDF8E4
:104680000600FDF7FFF903464046ADF8083000F09C
:1046900091FE06B0BDE8F0870190042331780390C5
:1046A00004902046029205928DF80430ADF80E7009
:1046B000ADF806408DF81050FAF748FBBDF806003B
:1046C000FDF7E0F9ADF8080001A800F073FE06B0B0
:1046D000BDE8F087F5F75EFF144B15490246154813
:1046E000C01AC0080004234640F00100F3F74AFC5A
:1046F0000023CDE90133CDE9043320460823CDF86A
:104700000CA0ADF806408DF80430FDF7BBF90DF1B3
:104710000408ADF80800404600F04CFE9AE700BFE0
:104720004B3100204A310020493100208CA7040081
:10473000B071040054A80400F8B51D4C2378182B60
:1047400032D01C4D2B78182B2AD01B4E3378182BC7
:1047500022D01A4F387818281AD02378182B0BD06B
:104760002B78182B08D03378182B05D0182803D0B5
:10477000BDE8F84001F0C6B9114B12481249C01A01
:10478000C008000440F00100F3F7BEFD0320F8BDAF
:10479000FAF7B6FA3870E0E7FAF7B2FA3070D8E70D
:1047A000FAF7AEFA2870D0E7FAF7AAFA2070C8E74D
:1047B0004B3100204A31002049310020483100208F
:1047C0008CA7040054A80400106004002DE9F041F7
:1047D00090B00E4617460546FAF708FA202204461E
:1047E00000210DEB02000AF067FE012C5AD0002CCC
:1047F00046D0284601F0DAFB002847D1002E75D0BC
:104800002846FDF73FF94FF6FF73984270D0337892
:10481000DB0779D503AB05F5807080B20122072153
:10482000FEF784F9112803462CD0002871D10146E7
:10483000502204980AF040FE049B1C700499514BCE
:104840000F9301F13403089301F118030C932846E8
:104850004B1C11310B970D93FDF72AF900284DD011
:10486000F5F798FE484C494B4949E41AE4082404FA
:1048700002462B4644F00200F3F784FB082301E0D4
:1048800043F20203184610B0BDE8F08189210026EA
:1048900008AB32462846FFF7A3FE0346184610B081
:1048A000BDE8F081DFF8F080284698F8001000227B
:1048B000FAF74CFA284601F079FBA8B916B3284656
:1048C000FDF7E0F84FF6FF73984211D098F800100A
:1048D0002846FAF71FFA60B33378D9079AD4294BE0
:1048E0000B970F930021D3E78921D1E78521CEE7EC
:1048F0003378DB078ED4234B0B970F93012C06D113
:104900000021C5E78521C3E71E4B0B970F930021BC
:10491000BDE7F5F73FFE1C4C1C4B1E49E41AE408AA
:10492000240402462B4644F00100F3F72BFB03233B
:10493000A8E703AB01461422184601930AF0BCFD18
:10494000052228468DF80C20ADF80E50FDF79AF898
:10495000019BADF81000184600F02CFD98F80010EF
:104960002846FAF7D7F9019B38B93378DA07C9D462
:10497000044B0B970F9385218AE73278D007AED589
:1049800049E700BF046A002054A804008CA7040073
:10499000807204001C7204004831002038B50546BE
:1049A0000C46FAF723F9012802D043F2020038BD81
:1049B0003CB121462846FFF711FE042808BF11200C
:1049C00038BD204638BD00BF2DE9F04F0388113BAC
:1049D0008BB00446092B25D8DFE803F04D24055C95
:1049E00024242424A9278088FAF700F90128054601
:1049F00000F07F8105AD34F8040F00230622043453
:104A00000593C5E90133C5E903338DF81420ADF8EA
:104A100016000794FDF736F803462846ADF818301F
:104A200000F0C8FC0BB0BDE8F08FCC4B8088197843
:104A3000FAF770F905460028F4D1A088FAF706F9CC
:104A40000246002800F0A081C54BA08819782A46AC
:104A5000FAF77CF9A088ADF8160003238DF814301E
:104A6000ADF81C50FDF70EF8034605A8ADF8183058
:104A700000F0A0FCD6E7037A80883D2B41F23D018F
:104A80004FF0000218BF4FF488510BB0BDE8F04F53
:104A9000FFF7B6BD00F110094846FDF749F84FF69B
:104AA000FF7306469E428346A08800F0BA803146D6
:104AB000FDF7D4F8DFF8A882A78898F80010012243
:104AC0003846FAF743F9A54B002219783846FAF729
:104AD0003DF9A44B002219783846FAF737F905ADAD
:104AE000002305933846C5E90133C5E903330223A2
:104AF000ADF816708DF81430FCF7C4FFADF818004F
:104B0000284600F057FC03AA07213046FEF70AF8B2
:104B1000002840F03781A37ED80740F13381049FFD
:104B200097F84430D90740F125813437A9E0067A57
:104B3000002E40F0D1808A4B87881978324638465B
:104B4000FAF704F9637A5B0740F1948107F58079FD
:104B50001FFA89F903AB012207214846FDF7E6FF5A
:104B60008046002840F029813846FCF78BFF4FF63D
:104B7000FF7398420646054600F0AC8105AD4846F5
:104B800032460721FEF728F98146002800F090817F
:104B9000862800F07981F5F7FDFC734B7349009688
:104BA00002467348C01AC00800044FF0000A40F0E3
:104BB00001003B46F3F704F9CDF814A00823C5E93A
:104BC00001AAC5E903AA38468DF81430CDF81C9027
:104BD000ADF81670FCF756FFADF81800284600F047
:104BE000E9FB637AA0888DF81DA013F0040F0CBFB9
:104BF000022301238DF81C3003238DF81430ADF807
:104C00001600FCF73FFF03462846ADF8183000F0C9
:104C1000D1FBB8F1000F3FF405AF3046FDF728F89F
:104C200000E7FCF72FFFDFF83881B4F804A098F80C
:104C30000010064601225046FAF788F8474B00223A
:104C400019785046FAF782F8464B05AD19780022DC
:104C500000275046FAF77AF805970223C5E901774D
:104C6000C5E9037750468DF81430ADF816A0FCF76F
:104C700009FFADF81800284600F09CFB5E457FF464
:104C800042AF0023A0881A463946FFF7ABFC08283C
:104C9000814600F0E480002840F0C380A37EDA075C
:104CA0007FF5C0AE002F7FF4BDAE04230597A0882A
:104CB00098F80010C5E90177C5E903773A468DF801
:104CC000143041F20603ADF81600ADF81E30FAF7C5
:104CD0003DF8BDF816009DE6427A808802F0030296
:104CE0003146FFF78DFCA0880BB0BDE8F04F00F017
:104CF00013BFA7881A4B267A197802463846FAF766
:104D000025F806F00106154BC6F102061978F6B231
:104D10002A463846FAF71AF8124BA6F10102B2FAFF
:104D200082F2197852093846FAF710F80023CDE9D3
:104D30000533CDE907330993384602238DF8143043
:104D4000ADF816708DF81C60FCF79CFE05AD0346AF
:104D50002846ADF8183000F02DFB4CE64A31002013
:104D60004B310020493100208CA70400407404001E
:104D700054A80400494607F14600FCF7B7FE002896
:104D80007FF4D3AE00277CE7944B05921978A08876
:104D9000ADF8160004238DF8143041F20603CDE976
:104DA0000722ADF81E300123069209928DF82030BB
:104DB000F9F7CCFFBDF8160054E6F5F7EBFB884B8E
:104DC000884902468848C01AC008000440F0010023
:104DD0003B46F3F7D7F808233846CDE90566CDE919
:104DE00008668DF81430CDF81C80ADF81670FCF70D
:104DF00049FE05AD03462846ADF8183000F0DAFA52
:104E0000637AA088ADF8160013F0040F0CBF0223DC
:104E1000012303228DF814208DF81C308DF81D60BD
:104E2000F8E5F5F7B7FB6E49009602466E48A38891
:104E3000401AC008000440F001006C49F2F7C0FFBE
:104E40000023A08805930822C5E90133C5E903338F
:104E50008DF81420ADF81600CDF81C90DAE5604B03
:104E600061486349C01AC008000440F00200F3F72B
:104E70004BFAD7E5A088ADF81600032202238DF87F
:104E80001420ADF81C30EDE5002305930722C5E999
:104E90000133C5E9033338468DF81420ADF8167098
:104EA000FCF7F0FD03462846ADF8183000F082FA12
:104EB000637AA088ADF8160013F0040F0CBF02222D
:104EC0000122032101238DF814108DF81C208DF888
:104ED0001D309FE501460498FCF7B4FDA842064644
:104EE00082460FD0DFF8108101463846FCF7B6FE47
:104EF00098F800103846F9F70DFF80B105AD4FF076
:104F000000083CE6FDF736FB5045064637D0014623
:104F10003846FCF7A3FE4FF0010805AD2FE605ADBE
:104F20000146142228460AF0C7FA052338468DF8B0
:104F30001430ADF81670FCF7A5FDADF81800284642
:104F400000F038FA98F800103846F9F7E3FE034607
:104F50000028D4D1627AA188ADF8161012F0040F9F
:104F60004FF003040CBF0222012228468DF81440A2
:104F70008DF81C208DF81D30FFF736FB52E5184BDD
:104F800019481C49C01AC008000440F00100F3F79A
:104F9000BBF905AD0823CDE9058828468DF8143006
:104FA00004230793CDE90888ADF81670FFF71CFBC2
:104FB000637AA288ADF8162013F0040F4FF00301B6
:104FC0000CBF0223012328468DF814108DF81C30E5
:104FD0008DF81D80FFF708FB24E500BF4B31002052
:104FE0008CA70400B073040054A8040040730400AC
:104FF000D07204000C7404004831002070B50546DE
:105000008AB011293FD8DFE801F03C3E3E3E3E3EEB
:105010003E3E3C3E3E3E3E093E3E3E3C314B3248EB
:105020003249C01AC008000440F0020016462A4661
:10503000F3F78CF800232846CDE90533CDE9073393
:105040000993FCF71FFD0423ADF81650ADF81800C6
:105050008DF8143005AC0FCC6D460FC523682B605E
:10506000002E3CD0337803F00103C3F10203DBB21E
:1050700041F2011268468DF80830ADF80A20FEF7BB
:10508000DFF90AB070BD08460C46F5F783FA164BF7
:10509000174902461348181AC00800042B4640F06E
:1050A0000100F2F76FFF00232846CDE90533CDE973
:1050B00007330993FCF7E6FC0823ADF81650ADF86A
:1050C00018008DF8143005AD0FCD6E460FC62B6855
:1050D000336068460294FEF7B3F90AB070BD02234C
:1050E000C6E700BF8CA704004CA80400AC74040001
:1050F000647504002DE9F041254B8EB00026CDE902
:105100000A66CDE90C661B68099309AC054688461A
:1051100094E8070001AF87E8070009962846A660D3
:10512000FCF7B0FC0623ADF82800ADF826508DF84A
:1051300024300FCC0DF1100CACE80F002368CCF834
:10514000003004A8CDF818800797FEF779F9FCF72E
:1051500075FE019902462846FFF738FB0D4BA0F17A
:105160001102B2FA82F21978044652092846F9F778
:10517000EDFD094B324619782846F9F7E7FD019A0B
:1051800021462846FFF73AFF0EB0BDE8F08100BF88
:10519000486A00204C3100204F3100200021FFF7E9
:1051A000A9BF00BF2DE9F04306468FB017469846C9
:1051B0000C46002968D1424B0A91CDE90C111B68BD
:1051C000099309AD0B9195E807000DF1040989E8F1
:1051D000070030460994FCF755FC0623ADF828007B
:1051E000ADF826608DF82430AC46BCE80F0004AD65
:1051F0000FC5DCF80030CDF81C9004A82B60FEF73A
:105200001FF9304BDDF804901B78002B3FD0494646
:105210003A463046FFF7C2FB2B4B1128197805465A
:105220003BD000223046F9F791FD0D2D1BD842F6F8
:105230000113EB40DB071AD42846F5F7ABF9234BF3
:10524000234902462348C01AC008000440F0010068
:105250003346F2F797FE0324B8F1000F0BD1204636
:105260000FB0BDE8F08343F202039D42E4D12C4627
:10527000B8F1000FF3D030464A462946FFF7BEFE8C
:1052800020460FB0BDE8F0834FF00009BFE79DF85E
:105290000D30002BBBD10524E1E701223046F9F7A0
:1052A00055FD0D4B224619783046F9F74FFD0B4B53
:1052B0003A4619783046F9F749FD0024CCE700BF9B
:1052C000486A0020446A00204F3100208CA7040067
:1052D000D07504004CA804004D3100204E31002050
:1052E00070B5094B19780446F9F714FD074B0546CC
:1052F00019782046F9F70EFD2A460146012320467B
:10530000BDE87040FFF74EBF4E3100204D31002008
:1053100000294DD0F0B583B006460C46F9F77EFC67
:10532000054678B33046FCF7ADFBA5F102054FF614
:10533000FF73C31AB5FA85F518BF01236D0945EA55
:10534000C305237823F009031D4325700746304623
:10535000F9F77CFC237860F3410323703046F9F7BA
:105360008DFC237860F3820323703046F9F79EFCAE
:10537000054658B101252378002065F304132370F6
:1053800003B0F0BD43F2020003B0F0BD3046F9F7C0
:105390005DFC0028EFD06A4607213846FDF7C2FBC6
:1053A0000028E8D1019B93F84430DB07E3D5E1E71F
:1053B0000E20704770B50378062B82B0044615D0D6
:1053C000132B0DD11E4B1A68BAB14088F9F73EFC79
:1053D0000546A0B90246608801232946FFF7E2FE90
:1053E000204602B0BDE87040FEF72AB881684088C8
:1053F00002B0BDE87040FFF77DBE0125EBE7237AE0
:105400006088C3F34006C3F30002B60046EAC20652
:10541000C3F3800346EA031601A9E0238DF80430A4
:10542000FFF776FF06F01C069DF80430F6B218B9B7
:105430009E4314BF012500252A460025CBE700BF67
:10544000486A002008B503780C2B02D8082B02D834
:1054500008BD142BFCD1074B074918780022F9F737
:1054600097FC064B064918780022BDE80840F9F77A
:105470008FBC00BF4C3100209D5103004F310020F4
:10548000E152030038B5FCF799FC044678B91C4D8D
:105490002B78182B0DD01B4D2B78182B10D01A4DB4
:1054A0002B78182B13D0194D2B78182B16D020469B
:1054B00038BDF9F725FC2870124D2B78182BEED14A
:1054C000F9F71EFC2870104D2B78182BEBD1F9F74B
:1054D00017FC28700D4D2B78182BE8D1F9F710FC2C
:1054E00018282870E3D10A4B0A480B49C01AC00893
:1054F000000440F00100F2F707FF0324D7E700BFE4
:105500004F3100204E3100204D3100204C31002021
:105510008CA704004CA804001060040010B50446D9
:10552000FFF752FA2046FCF713FD074B074918789E
:105530000022F9F72DFC064B06491878BDE810400B
:105540000022F9F725BC00BF4C3100209D5103001B
:105550004F310020E1520300034640B3027802F0CD
:10556000820180292CD0C2F30211042928D802F02C
:10557000F201322924D041788078814220D806294E
:105580001ED910281CD8D978480719D4187910F0DA
:10559000040F15D10143080712D4D0070ED58A078E
:1055A0000ED0084A186810601B791371134606481C
:1055B000064A036001211170002070478907F0D06E
:1055C000072070474C6A0020486A0020446A002087
:1055D0002DE9F0413D4B8EB00025CDE90A55CDE9CE
:1055E0000C551B68099309AC06460F4694E8070062
:1055F0000DF1040888E8070009953046A560FCF71E
:1056000041FA0623ADF82800ADF826608DF8243065
:105610000FCC0DF1100CACE80F002368CCF8003073
:1056200004A8CDF81C80FDF70BFF294B01991B78CE
:105630001BB99DF80D30002B42D03A463046FFF79B
:10564000ADF91128234B044624D0197800223046A6
:10565000F9F77CFB0D2C18D842F60113E340DB0769
:105660000FD42046F4F796FF1B4C1C4B1C49E41A40
:10567000E40824040246334644F00100F2F782FCB9
:10568000032420460EB0BDE8F08143F202039C42A1
:10569000E7D1F6E7197830460122F9F757FB114BAD
:1056A000304619780022F9F751FB0F4B3046197834
:1056B0003A46F9F74BFB002420460EB0BDE8F081D6
:1056C000052420460EB0BDE8F08100BF486A0020E6
:1056D000446A00204F3100204CA804008CA704002D
:1056E000D07504004D3100204E31002010B4BE4B67
:1056F000997C0246002940F0B0804FF0FF3093F8CB
:105700002610A9B193F82510002900F05681196AD6
:105710008A42C0F06B8193F82410002483F825405E
:10572000002900F0BD81B0F5A02F28BF4FF4A020C4
:1057300093F83A10A9B193F83910002900F02781A5
:10574000596B8A42C0F05B8193F83810002483F8CB
:105750003940002900F0A781B0F5A02F28BF4FF4F1
:10576000A02093F84E10A9B193F84D10002900F035
:10577000F880996C8A42C0F04B8193F84C10002459
:1057800083F84D40002900F08881B0F5A02F28BF94
:105790004FF4A02093F86210A9B193F8611000298A
:1057A00000F0C980D96D8A42C0F03B8193F8601047
:1057B000002483F86140002900F06C81B0F5A02F2F
:1057C00028BF4FF4A02093F87610A9B193F8751074
:1057D000002900F09980196F8A42C0F02B8193F85C
:1057E0007410002483F87540002900F04D81B0F555
:1057F000A02F28BF4FF4A02093F88A10A9B193F8E6
:105800008910002966D0D3F884108A42C0F01B8129
:1058100093F88810002483F88940002900F037812C
:10582000B0F5A02F28BF4FF4A02093F89E1089B1A7
:1058300093F89D1091B3D3F89810914200F20D8126
:1058400093F89C20002183F89D10002A40F01681D7
:1058500083F89E205DF8044B7047597C61B1D8688D
:105860008242C0F00881197C00205874002900F0A1
:10587000B9804FF4A02042E7197C002900F0B280E3
:1058800098681044B0F5A02F986004D30139A0F5B2
:10589000A02019749860C0F5A02030E793F89C1000
:1058A000002900F0E380D3F894402244B2F5A02F01
:1058B000C3F8942006D30139A2F5A02283F89C10E6
:1058C000C3F89420C2F5A022904228BF10465DF88C
:1058D000044B704793F88840002C00F0BB80D3F84D
:1058E00080101144B1F5A02FC3F8801006D3013CFD
:1058F000A1F5A02183F88840C3F88010C1F5A0214C
:10590000884228BF084690E793F87440002C00F0C6
:105910009780D96E1144B1F5A02FD96605D3013C0B
:10592000A1F5A02183F87440D966C1F5A021884271
:1059300028BF084660E793F86040002C77D0996D47
:105940001144B1F5A02F996505D3013CA1F5A02123
:1059500083F860409965C1F5A021884228BF0846B8
:1059600031E793F84C40002C58D0596C1144B1F5F4
:10597000A02F596405D3013CA1F5A02183F84C4028
:105980005964C1F5A021884228BF084602E793F870
:105990003840002C39D0196B1144B1F5A02F196390
:1059A00005D3013CA1F5A02183F838401963C1F566
:1059B000A021884228BF0846D3E693F82440DCB1F2
:1059C000D9691144B1F5A02FD96105D3013CA1F5E6
:1059D000A02183F82440D961C1F5A021884228BFC5
:1059E0000846A5E6997488E6586A0020891A884214
:1059F000196228BF08469BE683F8264098E6891A74
:105A00008842596328BF0846ABE683F83A40A8E6C7
:105A1000891A8842996428BF0846BBE683F84E403D
:105A2000B8E6891A8842D96528BF0846CBE683F8CC
:105A30006240C8E6891A8842196728BF0846DBE633
:105A400083F87640D8E6891A8842C3F8841028BFC4
:105A50000846EAE683F88A40E7E6891AC3F8981010
:105A6000884228BF08465DF8044B704783F89E10B3
:105A70005DF8044B7047801AD86040E6B0F5A02F5F
:105A800028BF4FF4A020E5E683F87610B4E683F84B
:105A90008A10CAE683F8621095E683F84E1079E61C
:105AA00083F8261044E683F83A105AE610B5FFF75B
:105AB0001DFE0446F3F7F6FB0D4B1860631C00D186
:105AC00010BD0C4822462146F3F74EFB0028F7D0C4
:105AD000F4F760FD084B0949024609481B1ADB0828
:105AE0001B04BDE8104043F00200F2F72FBB00BFDB
:105AF000546A00205031002014A8040038760400B5
:105B00008CA70400024A03480021F3F715BB00BF2D
:105B1000AD5A0300A07604002DE9F04182B0694639
:105B20000446FBF7C5FF002840F08F80C648F3F716
:105B300077FB0546002866D1C44CF3F7B3FB216818
:105B4000F3F7ACFBFFF7D2FD0746F3F7ABFB2060A2
:105B5000BF4CA67C002E40F08980012694F82630A8
:105B6000002B40F0DE80012594F83A30002B40F005
:105B7000AA80022594F84E30002B40F0DD810325E9
:105B800094F86230002B40F0A981042594F8763017
:105B9000002B40F07581052594F88A30002B40F0E9
:105BA000EE80062594F89E30002B40F0F381002E05
:105BB00046D0072505EB850504EB8504B7F5003FC6
:105BC0004FF00702694620464FEA850528BF4FF48B
:105BD000003709F05BFB00234FF40032C4E90232C6
:105BE000237410359B4B40F201125A5396483A46A3
:105BF0003946F3F7B9FA98B1F4F7CCFC964B9749CC
:105C00000246974805E0F4F7C5FC934B95490246D8
:105C100093481B1ADB081B0443F00200F2F796FAC4
:105C200002B0BDE8F0815EB1082DC3D18A488C4B2B
:105C30008D49C01AC008000440F00200F2F764FB6E
:105C40007B1CD3D102B0BDE8F081F4F7A3FC824DF8
:105C5000834B8649ED1AED082D040246234645F094
:105C60000200F2F78FF902B0BDE8F0810622611C54
:105C70000DF1010009F0D8FA002840F08E81237C54
:105C80004FF47A6101FA03F2B2F57A4F03DA013385
:105C9000DBB201FA03F2002623744FF4FA704FF4DA
:105CA00000433146C2FB0301A66000234FF47A7221
:105CB0000EF078FC012387424FF00805E06028BF12
:105CC000074663744AE76A4906220DF1010009F0AC
:105CD000ABFA00287FF44EAF94F838304FF47A6175
:105CE00001FA03F2B2F57A4F03DA0133DBB201FABB
:105CF00003F2002684F838304FF4FA704FF4004372
:105D00003146C2FB0301266300234FF47A720EF082
:105D100049FC01238742606328BF074684F8393075
:105D200028E7544906220DF1010009F07DFA002808
:105D30007FF41AAF94F824304FF47A6101FA03F239
:105D4000B2F57A4F03DA0133DBB201FA03F200262F
:105D500084F824304FF4FA704FF400433146C2FB0C
:105D60000301E66100234FF47A720EF01BFC01235D
:105D70008742206228BF074684F82530F4E60DF1FB
:105D800001083D490622404609F04EFA00287FF4FA
:105D900009AF94F888304FF47A6101FA03F2B2F552
:105DA0007A4F03DA0133DBB201FA03F2002684F8FA
:105DB00088304FF4FA704FF400433146C2FB0301C0
:105DC000C4F880604FF47A7200230EF0EBFB94F875
:105DD0009E30C4F8840087424FF0010228BF074676
:105DE00084F88920002B3FF42BAF2449404606223B
:105DF00009F01AFA00287FF416AF94F89C304FF49B
:105E00007A6101FA03F2B2F57A4F03DA0133DBB2B9
:105E100001FA03F2002184F89C304FF4FA704FF439
:105E20000043C4F89410C2FB030100234FF47A72BC
:105E30000EF0B8FB01238742C4F8980028BF07463C
:105E400084F89D30FCE600BF50310020546A0020E9
:105E5000586A0020596A002014A80400387604000B
:105E60008CA7040058760400787604008072040041
:105E7000816A00206D6A0020D16A0020E56A002056
:105E8000474906220DF1010009F0CEF900287FF400
:105E900083AE94F874304FF47A6101FA03F2B2F5EC
:105EA0007A4F03DA0133DBB201FA03F2002684F8F9
:105EB00074304FF4FA704FF400433146C2FB0301D3
:105EC000E66600234FF47A720EF06CFB01238742E2
:105ED000206728BF074684F875305DE63149062201
:105EE0000DF1010009F0A0F900287FF44FAE94F8FD
:105EF00060304FF47A6101FA03F2B2F57A4F03DAB7
:105F00000133DBB201FA03F2002684F860304FF46B
:105F1000FA704FF400433146C2FB0301A66500232B
:105F20004FF47A720EF03EFB01238742E06528BFF2
:105F3000074684F8613029E61B4906220DF101006D
:105F400009F072F900287FF41BAE94F84C304FF43E
:105F50007A6101FA03F2B2F57A4F03DA0133DBB268
:105F600001FA03F2002684F84C304FF4FA704FF433
:105F700000433146C2FB0301666400234FF47A728A
:105F80000EF010FB01238742A06428BF074684F867
:105F90004D30F5E50DF1010827E70825DEE500BFE6
:105FA000BD6A0020A96A0020956A002010B582B061
:105FB00069460446FBF77CFD002840F09B80574C67
:105FC000A37CEBB994F826304BBB94F83A30002B05
:105FD00035D194F84E30002B41D194F86230002B2B
:105FE0004DD194F87630002B59D194F88A30002B9B
:105FF00064D194F89E30002B6FD1002002B010BD08
:106000000622611C0DF1010009F00EF90028D9D11A
:10601000637C002B7FD194F82630002BD5D04049EB
:1060200006220DF1010009F0FFF80028CDD194F807
:106030002530002B6FD194F83A30002BC9D0394964
:1060400006220DF1010009F0EFF80028C1D194F803
:106050003930002B5FD194F84E30002BBDD032493F
:1060600006220DF1010009F0DFF80028B5D194F8FF
:106070004D30002B4FD194F86230002BB1D02B491A
:1060800006220DF1010009F0CFF80028A9D194F8FB
:106090006130002B3FD194F87630002BA5D02449F5
:1060A00006220DF1010009F0BFF800289DD194F8F7
:1060B000753083BB94F88A30002B9AD01D49062294
:1060C0000DF1010009F0B0F8002892D194F8893060
:1060D0000BBB94F89E30002B8FD0174906220DF190
:1060E000010009F0A1F8002887D194F89D30002B19
:1060F00083D010E0F4F74EFA104B114902461148D4
:10610000A3EB000C4FEADC0C4FEA0C4C23464CF09E
:106110000200F1F737FF012070E700BF586A002046
:106120006D6A0020816A0020956A0020A96A00201B
:10613000BD6A0020D16A0020E56A002014A804008E
:10614000807204008CA70400022300F5805C30B547
:1061500008300B80002A45D00368013323D0B0F803
:1061600002E00EF1030300EB83039C4545D38488D2
:106170004FF6FF739C423BD00388002B38D08368D6
:106180005C1C35D0204C25689D4202D22360B0F8BB
:1061900002E00B88033373440B804388033300EB26
:1061A00083008445D8D830BD4388DA1C00EB8202D6
:1061B000944524D38288144DA24209D002883AB172
:1061C0008268541C04D02C6894423CBF2A604388E7
:1061D0000A88033213440B804388033300EB8300A7
:1061E0008445E0D9036801334FF6FF74DCD130BD3C
:1061F00001231370B0F802E0CBE7012313704FF4D2
:1062000080630B8030BD00BF306C00202DE9F04171
:10621000436888461BB13D4AD468A34237D2002464
:106220003B4FA8F800404FF6FF767B6803F5805C93
:10623000083363450CD30134A4B2052CA8F8004000
:1062400007F11407F1D100201FE09445F3D913465C
:106250001A680132EFD05A88033203EB8202944568
:10626000E9D3B3F804E0B645EFD01D88002DECD09B
:106270009D68691CE9D001688D4201D01346D8E7BA
:10628000244A4360138903810120BDE8F08112692B
:106290009342C4D813F00302C1D11E4C058924894E
:1062A000A542BCD105689C68A542B8D1184844688D
:1062B000A34203D904F58054A3421DD382699342BB
:1062C00003D902F5805293421AD3C26A934203D98A
:1062D00002F58052934215D3026C934203D902F522
:1062E0008052934210D3426D9342ACD902F5805252
:1062F000934238BF0422A6D2A8F800200120C4E7A8
:106300000122F9E70222F7E70322F5E75C330020D8
:10631000306B0020186B00202DE9F04FDFF854831C
:10632000DFF854A3DFF854938BB00446D8F800503C
:10633000002D00F0BA802A78531E052B00F25A82F5
:10634000DFE803F03E212103034B002C40F0CF8017
:106350002B79012B00F07C82022B00F07382002B42
:1063600000F05882CDE907440594099405AE48F23F
:106370000E6406942B78023B042B48D8DFE803F028
:10638000758169624400B5F814B0002C40F0958026
:10639000AD4EA97D0BEB8B0306EB83034FEA8B0716
:1063A00018895C6804EB8004062900F29184DFE818
:1063B00011F035019F018A01B2012A01C301670171
:1063C000002C40F01E822B79032B00F2B780DFE80F
:1063D00013F0E700F600D9009700002C40F087800A
:1063E0009A4AD37B002B00F0B4801378D473013B1E
:1063F000062B00F2FF81DFE813F00003AD02DD01A0
:10640000CD01FD01EF02BB0105238DF81430904C46
:1064100004F1100554F8043B304603B19847A542F7
:10642000F8D1514600244846C8F80040F3F798F9DF
:1064300088480121F3F75CFA00287FF477AF0BB0AE
:10644000BDE8F08F04238DF81430EB88ADF82030D0
:10645000DDE703238DF81430EB88ADF820302B896D
:10646000ADF82230EB680793D1E701238DF81430A3
:106470002B89ADF82030AB88ADF82230EB6807935C
:10648000C5E702238DF814302B89ADF82030AB8896
:10649000ADF82230EB680793AB7DA3F10603B3FAA6
:1064A00083F35B098DF82430B1E751464846F3F792
:1064B00025F90546C8F800003DE7AB7D624E022B8A
:1064C00008D90BEB8B0206EB8202EB8811890333B0
:1064D0000B4413814FEA8B0707EB0B02EB8806EBAB
:1064E0008202C3F57F435189FD330B44538100235E
:1064F00005AE0593C6E9023333614FF4064438E72D
:10650000524B514E5B88544C03EB830306EB8302E2
:1065100000202871216806F823000090536823604A
:10652000A388138102235160A3804C4A4C4808235E
:10653000F9F7ECFE002882D0D8F80050494A05AEA1
:10654000002305935360C6E90233336148F20D64BA
:106550000FE73E4B1B78072B3FF649AF01A252F8DD
:1065600023F000BF9B6A0300EF630300EF630300A7
:10657000236B0300F56A03006B6703006B6703007E
:106580007B6B0300344A36481168002302242B71C8
:1065900094800122F9F77CFF00283FF450AFCBE74D
:1065A0002D4B314A19682E4801232B71002300938B
:1065B0000823F9F7ABFE00283FF441AFBCE7224EB9
:1065C0003378022B00F00383337D022B00F03A83F3
:1065D00096F82830022B00F0FB8296F83C30022B14
:1065E00000F02E8396F85030022B00F02D8300230C
:1065F00005AE1C4A0593C6E90233012111703361CF
:1066000053600024B5E61948AB69036018490023BC
:106610004360FFF7FBFD002800F0FE820223AB750C
:106620000023009304230E482146EA18F9F76EFE72
:1066300000283FF404AFAB7DD8F80020022B48F2CD
:106640000D6429D91FE000BF306B0020186B0020BB
:10665000346C0020486C0020286B0020BC760400BD
:106660005C3300204C6C0020C4760400046B0020D6
:10667000006B0020146B0020106B0020946B002036
:106680002A4641F61D5407EB0B0106EB8101EB880E
:106690000889033303440B815F44EB8806EB8707CB
:1066A0001546C3F57F437A89FD3313447B8105AEDC
:1066B000002341F61D520593944208BF1C46C6E9CB
:1066C0000233336155E62B699848002B0CBF012338
:1066D0000323AB750023009304F10801042305F1A3
:1066E0000C02F9F713FE0028A5D10BB0BDE8F08F1E
:1066F000032A14BF06230523AB75002300938B48A0
:10670000211D042305F10802F9F700FE002892D1AB
:106710000BB0BDE8F08FEB882A690120A875002036
:10672000009004F10C0181489B00F9F7EFFD00286F
:1067300081D10BB0BDE8F08F7D4B7E4A59687E4B0E
:106740007A481C880623AB75002300930423F9F7CD
:10675000DDFD00287FF46FAF04EB840406EB8403B7
:1067600001221A740BB0BDE8F08F744A072313702E
:10677000724A6E48002300935360714B714A196846
:106780000823F9F7C3FD0446002C3FF458AED8F8AF
:1067900000508CE7694B6C4E5B8803EB830306EB80
:1067A0008302D368C3B9516860480122F9F770FECB
:1067B0000446E9E7614B62485A6884885388016857
:1067C000033300209BB201EB840100909B005748EB
:1067D000F9F79CFD0446D7E7584A5448052313703F
:1067E000574B02229A80196801220023F9F750FEC4
:1067F0000446C9E705AE00230593C6E902333361B9
:10680000B5E505AE514A002305935360C6E902334E
:10681000336172E602232B71CDE9064405AEEB68C5
:1068200005930DF112013046FFF7F0FC002840F00F
:10683000A98148F2096400230593C6E90133C6E93A
:10684000033396E5CDE907440594099405AED8E6EF
:106850003E4B1B78002B00F0B181DFF8F4B0BBF8A1
:106860000470042F11D8384E07EB870306EB83031F
:10687000A646A4461A78B2B10137BAB2042AABF8D8
:10688000047003F11403F5D964463148082200214D
:1068900005AE08F011FE00230593D8F800503361CF
:1068A000C6E9023365E55A68DBF8001002F580504E
:1068B000002900F080814A88033201EB8201814285
:1068C00030D202930A6801322BD04A88033201EB9E
:1068D0008202904225D38C8803944FF6FF739C422A
:1068E0001CD00C88D4B18C68013417D0EA88039C82
:1068F000029BCBF80010A242DDD1002300930D4A89
:106900000A480423F9F702FD002840F0738107EBE1
:10691000870706EB87060123337490E5904200F267
:106920008481029BCBF800E0A6E700BF5C33002027
:10693000046B0020B8760400006B0020186B002068
:10694000286B0020C4760400306B00204C6C0020C3
:10695000F86A0020A94BAA4E58885C6800EB8003B7
:1069600006EB83035968830001F58055002C40F045
:10697000ED8001F10802AA4280F0EF801468013432
:106980004FF6FF7700F0E9805488033402EB84046B
:10699000AC4200F2E280B2F804C0BC4500F047818E
:1069A0001788002F00F043819768013700F03F817E
:1069B000924D94486A600021538800918488016850
:1069C0009148033301EB84019BB203242C709B009C
:1069D000F9F79CFC0446D7E6884B894E5A88930009
:1069E000134406EB8303894A5968874800230093C0
:1069F0000823F9F78BFC0446C6E6804B9B7A4BB123
:106A00007F4E7E4AF0680023937218B9337C002BC6
:106A100040F05681794BDB7A53B1794E774A0023A7
:106A2000D372336A23B996F82430002B40F04D819D
:106A3000724B1B7B53B1724E704A00231373736BFE
:106A400023B996F83830002B40F03C816B4B5B7BD0
:106A500053B16B4E694A00235373B36C23B996F854
:106A60004C30002B40F02B81644B9B7B53B1644E28
:106A7000624A00239373F36D23B996F86030002BBC
:106A800040F0E4805D4A05AE002305931370C6E92B
:106A90000233538053603361B3E5594E574C33781A
:106AA000317D96F83C00B3FA83F300225B09B1FA1A
:106AB00081F149096280E27363F3070261F30F22F7
:106AC00096F82810B1FA81F14909B0FA80F061F323
:106AD0001742400996F8501060F31F62C4F80A206C
:106AE000B1FA81F25209A273228901322281012274
:106AF000227084E7414D424E6A88424902EB82038C
:106B000006EB830308685C68586088881881022057
:106B10000C6088800021197406232B7002FA00F3A0
:106B20005EE7364F364E7888364A7C6800EB800345
:106B300006EB830365885968938803332B4493805D
:106B400002233B7001F5805500FA03F3628803329B
:106B500004EB8202AA42FFF411AF034406EB830365
:106B6000DB68002B7FF438AE244C274804222270C7
:106B70000122F9F78DFC044606E6204A0123137032
:106B8000937A3CE70699224A8B88EB800B882B810D
:106B90001D4800940423BDF81240F9F7B7FB002804
:106BA00049D1174B04EB840403EB840301221A74CC
:106BB0000BB0BDE8F08F02F1080180E621461548D0
:106BC000082208F079FC48F2016405AE63E6002370
:106BD00003EB830306EB83020B485168002206F89F
:106BE000232000920823094AF9F790FB00283FF47C
:106BF00026ACA1E448F20D64E7E700BF186B002063
:106C0000306B0020286B00205C330020BC76040031
:106C1000B8760400F86A0020CDE9070005900990D5
:106C200005AE48F20964FFF7A4BB11464AE6AC4240
:106C300093D22246A2E6D8F8005048F20D64FAE555
:106C40000323C5E70123C3E70423C1E70420034668
:106C5000214A538000EB800306EB83035268596896
:106C6000830001F580543AB35588033502EB850261
:106C700094427FF672AF156801354FF6FF773FF407
:106C80006CAF5588033502EB8505AC42FFF465AF68
:106C9000B2F804C0BC4505D017881FB1976801370A
:106CA0007FF486AEAC427FF658AF2A464FF6FF77A8
:106CB00015680135E5D150E701F10802D8E7032056
:106CC0000346C5E702200346C2E701200346BFE7AB
:106CD0002A4648F20E64D6E4186B00204068FFF79D
:106CE0001BBB00BF094A116804290BD038B5084CFA
:106CF000156803460121104644F82530F2F7ECFDF3
:106D0000002038BD48F20B60704700BF446C002083
:106D1000346C00202DE9F04F9B4F89B03A78002366
:106D2000CDE90333CDE90533079352B1974C04F114
:106D3000100554F8043B03A803B19847A542F8D1C5
:106D400005E0381D02F0FF09F2F7DEFD20B1002654
:106D5000304609B0BDE8F08FD9F8F83F5C1C00F070
:106D600083804FF0805211695269DFF84C82884964
:106D7000C8F810300022A3F5C0434046C8F80C30D4
:106D8000F9F78CFA06460028E2D11C238149824893
:106D9000DFF818A28C22F2F735FC0623344635467C
:106DA0009B461EE043687D4A934200F08A80013290
:106DB000934267D1B9F1000F40F09980784B79493F
:106DC000186000220193FFF7BFF9019B9B88022BFB
:106DD00014BF082304231E4304F58054B4F5C04FA8
:106DE0001DD0D8F80C30E018E35849D06E4A9342D1
:106DF000D8D0013346D005EB85030AEB830204F5B6
:106E000080540BF1FF3B01355060B4F5C04F4FF09B
:106E100003020AF823201FFA8BFBADB2E1D15B46D7
:106E2000012B40F2AB80F6B2062E72D003D816F0DA
:106E3000FD0F00F0A38002A95748F2F71DFC1C22A9
:106E40000446002108F038FB002C00F08E8001235E
:106E5000013E23700A2E71D8DFE806F06E706E7066
:106E6000817081707E847E004FF010234FF080523D
:106E70005B6911695269581C08BF02FB01F374E792
:106E80005A1C55D1021D00F580511368013302F1DF
:106E90000402B0D18A42F8D1414B1A68002A67D067
:106EA0004249434A05EB850C01EB8C0355800222D5
:106EB000013501F82C205860ADB21A8146F0010668
:106EC0008AE705EB85030AEB83029900506001F124
:106ED000100208314FF0000C5244514401350AF8B9
:106EE00023C046F00206FFF72FF9ADB274E7DFF8D2
:106EF000BCC02B4B05EB850E0CEB8E0202210CF86F
:106F00002E1011812A494D80196851600135ADB2AA
:106F100055E71E4C012200233A7004F110057B60F6
:106F200054F8043B03A803B19847AC42F8D10EE7EC
:106F30001D4A9342A6D05EE70023237102A916489A
:106F4000F2F7CCFB1B480121F2F7BAFC00287FF4D2
:106F5000FEAEFFF7E1F9FAE603232371EEE7012322
:106F60002371EBE702232371E8E748F20766EFE6B7
:106F7000022218609A804FF001099FE700233B70BE
:106F800048F20A667B60E3E64C6C0020346C00201B
:106F9000585E0400A46B0020946B0020FE011EF1DB
:106FA000286B00202C6B0020DEC0ADDE306B002093
:106FB000186B0020486C00205C33002028B370B5AB
:106FC0000D4682B0E9B10DF106010446FFF71EF946
:106FD00018B948F2096002B070BDBDF806300C481F
:106FE000666803EB830300EB83000121F2F774FC76
:106FF0002E60636801220C3300206B60A27202B025
:1070000070BD48F2046002B070BD48F20460704781
:107010003C6B002010B310B582B00DF106010446A0
:10702000FFF7F4F8B0B1BDF806300E4A03EB830366
:1070300002EB8303DA684AB1A27A3AB1DA68002136
:10704000013A0846DA60A17202B010BD48F205604C
:1070500002B010BD48F2096002B010BD48F20460F1
:10706000704700BF306B00202DE9F0476A4B1B785A
:1070700082B0002B5FD00C46002968D00A884FF6FA
:10708000FF739A4251D04B88002B4ED04D6815F0BB
:10709000030556D1B1F8089009F1030292B240F20B
:1070A000FE339A4256D85D4B1978074639B959894B
:1070B00018890844104480B2B0F5806F4DD9197D0D
:1070C00041B9D98B988B0844104480B2B0F5806FD9
:1070D00040F2858093F8281039B9598E188E0844EB
:1070E000104480B2B0F5806F7DD993F83C1049B957
:1070F000B3F84610B3F844000844104480B2B0F529
:10710000806F74D993F8501049B9B3F85A10B3F896
:1071100058000844104480B2B0F5806F6BD948F233
:107120000665284602B0BDE8F08748F203652846A8
:1071300002B0BDE8F08748F20165284602B0BDE81C
:10714000F08748F20265284602B0BDE8F08748F2B1
:107150000465ECE748F20865E9E7A846AA460AEBA9
:107160008A0A03EB8A0A0A442D48AAF80A2001A9D0
:10717000F2F782FA1C220646002108F09DF9002E43
:107180003DD0A6F8148002234FF0000886F8168040
:1071900033706368336101212248F2F79DFBF06090
:1071A0002388338163881E48B38001A9A6F806901E
:1071B000A6F80A80F2F792FA47B1C7F80480F2689D
:1071C000194B3A601B8987F80A803B8117480121D7
:1071D000F2F776FB0028AAD1FFF79EF8A7E74FF059
:1071E0000108C246BBE74FF00208C246B7E74FF0BE
:1071F0000308C246B3E74FF00408C246AFE7BAF847
:107200000A30C9F57F4909F1FD099944AAF80A90A5
:1072100048F207658BE700BF4C6C0020306B002004
:10722000946B0020306C0020186B0020486C00200C
:107230002DE9F04782B0002854D06C4B1B78002B0E
:107240006AD00C4600294DD00A884FF6FF739A4247
:107250005CD04B88002B59D04E6816F0030661D1E4
:10726000B1F8089009F1030292B240F2FE339A425B
:107270005BD85F4B1978054639B959891889084494
:10728000104480B2B0F5806F52D9197D41B9D98BC5
:10729000988B0844104480B2B0F5806F40F28D8026
:1072A00093F8281041B9598E188E0844104480B2C2
:1072B000B0F5806F40F2858093F83C1049B9B3F87F
:1072C0004610B3F844000844104480B2B0F5806F13
:1072D0007BD993F8501059B148F20666304602B097
:1072E000BDE8F08748F20466304602B0BDE8F0879A
:1072F000B3F85A10B3F858000844104480B2B0F5FF
:10730000806FE9D84FF00408C24613E048F20366E4
:10731000304602B0BDE8F08748F20166304602B060
:10732000BDE8F08748F20266D8E748F20866D5E77C
:10733000B046B2460AEB8A0A03EB8A0A0A442D4891
:10734000AAF80A2001A9F2F797F91C2207460021A2
:1073500008F0B2F8002F3CD0A7F8148003234FF0B8
:10736000000887F816803B7063683B610121224862
:10737000F2F7B2FAF86023883B816388BB8004236C
:10738000A7F80690BB752B68BB6101A91948A7F83F
:107390000A80F2F7A3F9C5F80480FA68174B2A604F
:1073A0001B89174885F80A802B810121F2F788FA9A
:1073B000002893D1FEF7B0FF90E74FF00108C246D6
:1073C000B8E74FF00208C246B4E74FF00308C246E0
:1073D000B0E7BAF80A30C9F57F4909F1FD099944C7
:1073E000AAF80A9048F2076678E700BF4C6C0020C4
:1073F000306B0020946B0020306C0020186B002054
:10740000486C0020194B1B780BB370B54FF6FF7317
:10741000984282B0044621D001A91548F2F72CF910
:107420001C220546002108F047F89DB101260523DE
:1074300001A90F482B702E71EC80F2F74FF90D481F
:107440003146F2F73DFA68B1002002B070BD48F253
:107450000160704748F2076002B070BD48F20360F7
:1074600002B070BDFEF758FFEEE700BF4C6C002085
:10747000946B0020486C0020154B1B78F3B110B5BD
:1074800082B001A91348F2F7F7F81C220446002144
:1074900008F012F8C4B1062323700E4801A9F2F7D0
:1074A0001DF90D4B1A780AB10122DA730B4801213C
:1074B000F2F706FA28B1002002B010BD48F20160D0
:1074C0007047FEF729FFF6E748F2076002B010BDEB
:1074D0004C6C0020946B0020186B0020486C00203E
:1074E0002DE9F043354C2478002C5FD0002A61D080
:1074F000002B5FD0B3F804C0BCF1040F15D8304C9A
:107500000CEB8C0504EB850E4FF6FF7700269EF8FA
:1075100000406CB10CF1010C1FFA8CFCBCF1050FA2
:10752000A3F804C00EF1140EF1D148F209602BE06B
:10753000DEF804501C6805F580585CBB05F10804B2
:1075400044452DD2256801352AD0B4F8029009F1BE
:10755000030904EB8909C14522D8A588BD4221D081
:107560002588FDB1A56801351CD01C60A588854221
:107570000CD125888D4209D1A16811601968114B81
:1075800051601B8913810020BDE8F083DEF80450B0
:1075900005F580586588033504EB85044445D1D34F
:1075A0001E60B7E7C145FBD24C46CBE748F201600D
:1075B000BDE8F08348F20460BDE8F0834C6C002025
:1075C000306B0020186B0020364B1B78002B55D0F9
:1075D000002960D0002A5ED0B2F804C0BCF1040FCC
:1075E0005CD82DE9F041304C0CEB8C0304EB830E9E
:1075F00000279EF8003073B10CF1010C1FFA8CFCCF
:10760000BCF1050FA2F804C00EF1140EF1D148F23E
:107610000960BDE8F081DEF80450136805F5805478
:10762000DBB905F108039C421DD81760E4E75E88CA
:10763000033603EB8606B442F7D39D88454519D03F
:107640001D88BDB19D68013514D013601C8884422B
:1076500017D0DEF8044004F580545D88033503EB51
:1076600085039C42E1D91D6801354FF6FF78DED1D4
:107670001760C1E7B442D8D93346F4E748F2016055
:1076800070479B680B601268084B4A601B890B812E
:107690000020BDE8F08148F20460704748F20960BC
:1076A000704700BF4C6C0020306B0020186B00202E
:1076B000364B1B78002B55D0002960D0002A5ED0B5
:1076C000B2F804C0BCF1040F5CD82DE9F041304C95
:1076D0000CEB8C0304EB830E00279EF8003073B193
:1076E0000CF1010C1FFA8CFCBCF1050FA2F804C0D0
:1076F0000EF1140EF1D148F20960BDE8F081DEF818
:107700000450136805F58054DBB905F108039C4269
:107710001DD81760E4E75E88033603EB8606B442A3
:10772000F7D39D88454519D01D88BDB19D680135A9
:1077300014D013609C88844217D0DEF8044004F50E
:1077400080545D88033503EB85039C42E1D91D68B5
:1077500001354FF6FF78DED11760C1E7B442D8D9C2
:107760003346F4E748F2016070479B680B6012688B
:10777000084B4A601B890B810020BDE8F08148F26C
:107780000460704748F20960704700BF4C6C0020ED
:10779000306B0020186B002020B119B103680B601A
:1077A0000020704748F20460704700BF2DE9F84F91
:1077B000554B1B78002B00F09E800446002800F0FB
:1077C0009E801222002107F077FE06232380618825
:1077D0002289B4F80AE0A5894C4FDFF838814C4B78
:1077E0004FF0000CB3F80A9018894844D3F804907D
:1077F00080B2B9F1000F67D0D9F80060BE4263D102
:10780000D9F80490C144B9F1010F5DD8404E0CEB9A
:107810008C0906EB89098644D9F80C90494489B251
:107820006180B3F80A90C0F5806080B24A44A842F3
:107830001FFA8EFE92B22281A4F80AE084BFA081D2
:107840000546586800F1080900F5805AD9F800008B
:1078500001302FD0B9F80200033009EB80008245D7
:1078600039D3B9F804004FF6FF76B0420FD0B9F81B
:10787000000060B1D9F80800013008D0A0880130BC
:10788000A080B9F80200033009EB800910E0B4F8D9
:1078900006B0E0890BF1010BA4F806B0B9F802B00C
:1078A00003305844E081B9F80200033009EB800945
:1078B000CA45CBD80CF1010CBCF1050F03F1140340
:1078C00090D10020BDE8F88FB4F8009009F1FF399D
:1078D000A4F800909AE7AAEB0900B4F8069009F121
:1078E0000109A4F80690B4F80E9009EBA000E0811D
:1078F00001202074DEE748F20160BDE8F88F48F20D
:107900000460BDE8F88F00BF4C6C0020DEC0ADDE27
:10791000306B002002FEE10E2DE9F041674B684F0D
:10792000D3F8042188B012B30021C3F80411D3F8AE
:10793000040197F82E2000900098002A3BD1786827
:10794000F968069038898DF81420ADF81C000029DC
:1079500000F0A080388B7960012178833881FA604B
:1079600019603B6805A89847002387F82F3097F8DF
:107970002E3023BB514BD3F810216AB10022C3F83B
:107980001021D3F81031039302218DF814103B68B5
:1079900003993A7405A89847484BD3F814415CB34F
:1079A0000022C3F81421D3F814310593059B3A74CF
:1079B00008B0BDE8F08197F82F30002B4DD13F4B38
:1079C000D3F80021002AD5D00020C3F80001D3F855
:1079D000001101917A8B019997F82D108A424BD8AA
:1079E0005BD0364B0022C3F80421D3F80421029265
:1079F000012202995A60BDE77E69002ED8D04FF06F
:107A000000480125B6FA86F101F146039B0003F117
:107A1000804202F5E042A3F58C73D2F800E083F0D7
:107A2000040028FA01F1C0F3800CDB0805A826EA5F
:107A30000106BEF1000F0BD01460126804928DF89D
:107A400018303A688DF814508DF819C0049B90478F
:107A5000002ED7D108B0BDE8F081FB6878683A897C
:107A60008DF814100690ADF81C209BB13A8B7A83E8
:107A70007B603A81F96074E73889521A92B280B219
:107A80007A83801A7A6802EB4002C3F82C26C3F886
:107A90003016A6E700233B7463E7F96841B17883A9
:107AA000012087F82F00C3F82C16C3F8302698E77A
:107AB000012387F82F30798393E700BF00700040DF
:107AC000546C002030B4264A92F82C4084B0002C2C
:107AD00042D1244B05781160C3F8F0554178C3F8C2
:107AE000F415C17882F82E1001256FF0004114744E
:107AF00082F82C5082F82D40546182F82F40C3F850
:107B00000813C3F80441D3F8041103910399C3F88F
:107B10000041D3F8001102910299C3F81441817811
:107B2000D3F81401019001980F484901C9B280F8B7
:107B300007138021016092F82E200221C3F804135C
:107B40003AB9084B01220020C3F8002504B030BC2C
:107B50007047C3F80453F4E7082004B030BC704702
:107B6000546C00200070004000E100E010B5244B90
:107B70001C7C002C42D100F10C0203EB420424795E
:107B800024B993F82D40013483F82D401D4BB1F8F2
:107B9000074023F812404B788A7891F804E01B01E3
:107BA000120202F4E06203F0300313430A7802F099
:107BB00003021343CA7812034FEA001C02F48052F6
:107BC0004FEA0E40134300F4E020034348790005D8
:107BD00000F48010034388790CF1804C00060CF50A
:107BE000E04C00F080700343CCF81835CB79097A6B
:107BF000CCF81415CCF81035002010BD112010BDA4
:107C0000546C0020586C002070B42B4A2B4B12246B
:107C1000C2F8084393F810C0BCF1020F83B048D0FB
:107C20001C7C012C22D00224C2F8044393F82E506D
:107C30005860012400261C74DE60198175B9C2F8F1
:107C40002C06C2F83016C2F80051D2F80031019368
:107C5000019B1460002003B070BC704793F82D4066
:107C6000C2F82C065983C2F83046F3E7DC6834B119
:107C70000223C2F80433112003B070BC704793F89C
:107C80002E40D860198324B10B4B0222C3F8042381
:107C9000E0E7D2F80031002BFBD00023C2F800311E
:107CA000D2F800310093009BC2F82C06C2F83016BF
:107CB000EAE7C2F80443DEE700700040546C00209D
:107CC000084A137C012BD9B201D00820704792F8E2
:107CD0002E301BB1044B002019607047024B00206E
:107CE00059607047546C00200070004030B1036848
:107CF00048F240508B4208BF0020704748F21050B5
:107D0000704700BF48B119B10B68934202D30A60B3
:107D10000020704748F21450704748F213507047E3
:107D200059B3B0B5144600AF1AB31D460023C2E9DB
:107D30000031F5B1C5E90031134B0A7953F822300F
:107D4000F3B148B12A462146984718B90F4A104B5B
:107D500022602B60BD46B0BD0E4931F81220002ACA
:107D6000F0D007326946D208A1EBC20295466846B8
:107D7000E8E748F21350BD46B0BD48F210507047D6
:107D800048F20350E6E700BF587704007652464DAC
:107D90007052464D3C77040008B310B50C46C1B193
:107DA00011460022C4E90020827979B19A420AD1B1
:107DB0000C4B027953F8223073B12046984708B92A
:107DC000094B236010BD48F2115010BD48F210500D
:107DD00010BD48F2135010BD48F2035010BD48F2D8
:107DE00010507047087704007052464DB8B130B457
:107DF000114B04689C420ED143689C79A9B11AB119
:107E00001568AC420ED814600C4A1B7952F8233026
:107E100073B130BC184748F2405030BC704748F24C
:107E20001050704748F21450F7E748F21350F4E747
:107E300048F20350F1E700BF7052464DD47604007B
:107E40002DE9F04F154668B346793BB381B392B341
:107E50009E4223D805EB0608184644468F19B946BA
:107E600001396A1EA646CEF1010CAEF10203A4440C
:107E70005B1B11F801AF19F801BD02F801BF9C4569
:107E80000EF801ADEFD9801BB04239464546344467
:107E900001D3B044E2E708B9BDE8F08F48F21150D1
:107EA000BDE8F08F002BF9D011B122B11E46D1E709
:107EB00048F21050F0E748F21350EDE72DE9F8438F
:107EC0000C4600AF80462149204615461E46FFF766
:107ED0000DFF10B1BD46BDE8F8831D492846FFF7E8
:107EE00005FF0028F6D1D4F804906B68994504D0BA
:107EF00048F24150BD46BDE8F88399F80520396A3B
:107F00003046FFF7FFFE0028E4D199F80430114A0B
:107F100052F82390B9F1000F15D0B8F1000F05D039
:107F200033462A4621464046C847D3E70A4A32F834
:107F30001330002BF4D007336A46DB08A2EBC303EF
:107F40009D46E846ECE748F20350C3E77652464DBB
:107F50007052464DA47704008C770400F8B50B4DA1
:107F60000B4E0C4FAD1B0123ED083B700AD00024D3
:107F700001E0A54206D056F8343001349847002875
:107F8000F7D0F8BD02233B700020F8BD8CA7040099
:107F900084A70400846C0020064B1A78022A06D0BD
:107FA0001878A0F10100B0FA80F040097047012074
:107FB000704700BF846C002070B56A46194B9A4226
:107FC00011D304460D46FFF7E7FF40B3164E336862
:107FD00023B1164A164B12689A421ED004B97DB1DD
:107FE00048F2175070BD134B13481449C01AC0080B
:107FF000000440F00100F0F787F948F2195070BD15
:108000000F481049306000F0B9FB0028EAD1074959
:10801000336807480C4A08601A60002070BD4FF4AE
:10802000054070BD00E003205485002050850020ED
:108030006572E54B8CA70400B4A70400D477040054
:1080400068840020886C00206169614D10B50C4681
:108050006946154B99420DD302B10CB31349144B29
:108060000968994203D190B148F2175010BD48F207
:10807000025010BD0F4B10481049C01AC008000430
:1080800040F00100F0F740F948F2195010BD0C4BD8
:108090000C49186813462246BDE8104000F086BC23
:1080A00048F2105010BD00BF00E0032050850020B2
:1080B0006572E54B8CA70400B4A70400D4770400D4
:1080C00054850020886C002040B370B50D4611B374
:1080D000144A154B12689A4202D048F2025070BD01
:1080E000124E044601230A463068214600F0AEFBDA
:1080F00048F271539842F2D1002211461046FFF720
:10810000A5FF0028EBD130682A4621460123BDE8AF
:10811000704000F09BBB48F2145070BD48F2135001
:10812000704700BF508500206572E54B54850020E4
:1081300058B370B50D4621B3164A174B12689A42D0
:1081400003D048F20253184670BD144E04460A4646
:1081500000233068214600F079FB48F271529042CA
:108160000346F0D1002211461046FFF76FFF034689
:108170000028E8D130682A462146BDE8704000F06A
:1081800065BB48F21453184670BD48F213531846A5
:10819000704700BF508500206572E54B5485002074
:1081A0000D4B984215D00AD8A8B10C4948F242525A
:1081B00048F2165388420CBF1046184670470849CB
:1081C00048F2425248F2165388420CBF10461846F5
:1081D000704748F202507047080CF0008408F00025
:1081E0002023F0002DE9F047037AA4B023B1002446
:1081F000204624B0BDE8F0874568DFF8B490044617
:10820000A8680F4602F024FF04F10C060423AA79A3
:108210008DF80830314682460DF1090007F036F836
:1082200001214846F1F71EFB8046BFF35F8F78BB04
:10823000AA7902A9CDE9006750460132012302F074
:108240000DFBBFF35F8F174BC9F80080984225D014
:1082500012D8D0B1144A48F2425448F21653904210
:1082600018BF1C46AA790DF10901304607F00EF837
:10827000204624B0BDE8F0870C4A48F2425448F248
:108280001653904218BF1C46ECE701232372AEE759
:1082900048F20454204624B0BDE8F08748F2025466
:1082A000E0E700BF080CF0008408F0002023F00095
:1082B000588500202DE9F0434B68234F85B0814657
:1082C00098688846164602F0C3FE012105463846E6
:1082D000F1F7C8FABFF35F8F70BB06F10C01CDE96F
:1082E000019000910446194908F108032A464846BE
:1082F00002F0FEFBBFF35F8F154B3C6001229842FA
:1083000032721ED00CD840B1124948F2425248F2A3
:10831000165388420CBF1046184605B0BDE8F083DE
:108320000D4948F2425248F2165388420CBF10469B
:10833000184605B0BDE8F08348F2045005B0BDE82A
:10834000F08348F20250E8E758850020158A0300C0
:10835000080CF0008408F0002023F00010B504465B
:108360000C3063689A7906F091FF0020207210BDEE
:108370002DE9F041037A4768A4B004460E465BB38A
:10838000DFF8A48001214046F1F76CFA0546BFF3FF
:108390005F8FE0B9BB790133019304F10C0001ABAD
:1083A00002AA042102F01EFB0446BFF35F8FBA79D4
:1083B000019BC8F80050511C994203D19DF8083028
:1083C000042B11D048F2165024B0BDE8F08148F2D9
:1083D000045024B0BDE8F08100F10C01BA793046B8
:1083E00006F054FF0020F4E70DF10901304606F0D5
:1083F0004DFF0A4B9C420ED009D8002CF2D0084BFE
:108400009C42DFD148F2425024B0BDE8F081054BD8
:108410009C42D7D1F6E748F20250DAE7080CF000A8
:108420008408F0002023F000588500202DE9F04159
:10843000214F86B020230546884638460121CDE9E4
:1084400004331646F1F70EFABFF35F8F60BB1B498A
:10845000019104460295009505AB08F1080206F16A
:10846000080004A902F038FDBFF35F8F144B3C6095
:1084700098421ED00CD840B1124948F2425248F2FC
:10848000165388420CBF1046184606B0BDE8F0816E
:108490000D4948F2425248F2165388420CBF10462A
:1084A000184606B0BDE8F08148F2045006B0BDE8B9
:1084B000F08148F20250E8E758850020158A030051
:1084C000080CF0008408F0002023F00008B52022FA
:1084D000083006F0DBFE002008BD00BF08B50B46E3
:1084E000202200F10801184606F0D0FE002008BD49
:1084F0002DE9F041224F86B0202304930546402306
:1085000088463846012116460593F1F7ABF9BFF3CB
:108510005F8F60BB1B49019104460295009504AB37
:1085200006F1080208F1080005A902F039FDBFF3C1
:108530005F8F154B3C6098421ED00CD840B1134958
:1085400048F2425248F2165388420CBF1046184671
:1085500006B0BDE8F0810E4948F2425248F2165387
:1085600088420CBF1046184606B0BDE8F08148F2BC
:10857000045006B0BDE8F08148F20250E8E700BFC1
:1085800058850020158A0300080CF0008408F000CC
:108590002023F00008B52022083006F077FE0020E6
:1085A00008BD00BF08B50B46202200F1080118469F
:1085B00006F06CFE002008BD2DE9F04F0646D1F80C
:1085C000048095B00D460146104614461F46FFF73D
:1085D00009FE98BB98F80530DFF870B09A071CBF09
:1085E000033323F003034FF00101584614BF0DF18C
:1085F0000C0ABA460293F1F735F98146BFF35F8F53
:10860000F8B9009605F1080104F10C0002AB5246DE
:1086100002F0ECFA0446BFF35F8FBA45CBF8009046
:1086200009D098F80520514201F0030103AB194429
:10863000384606F02BFE2046FFF7B2FD15B0BDE828
:10864000F08F48F2045015B0BDE8F08F5885002037
:108650002DE9F0430E464968DFF85090497987B01C
:10866000804605914846012114461F46F1F7FAF865
:10867000BFF35F8FA8B9202308340546CDF80880E2
:10868000009406F108023846019305A902F020FB88
:10869000BFF35F8FC9F80050FFF782FD07B0BDE858
:1086A000F08348F2045007B0BDE8F08358850020FD
:1086B000002110B50846FFF77FFC044608B902F018
:1086C00071FD204610BD00BF08B5074B00221A609F
:1086D000BFF35F8F02F032FD20B9BDE808400146CC
:1086E000FFF76ABC032008BD5885002048B3A0F5F9
:1086F0007000A0F5406035281ED835281CD8DFE86A
:1087000000F033211B2724242A36391B1B1B1B2175
:108710001B212D2D2D1B1B1B1B1B1B1B1B1B1B1B6D
:108720001B1B272A27241E301B301B1B1B1B1B1B3C
:108730001B1B332A241B212148F21650704748F294
:108740001750704748F20350704748F21150704775
:1087500048F21050704748F21450704748F2705079
:10876000704748F20150704748F21350704748F282
:108770007150704748F20250704700BF38B5314B16
:1087800002689A423DD004460D462F480121F1F778
:1087900069F8BFF35F8F48BB2946201D00F02CFF0E
:1087A00048B3A0F57000A0F54060352821D83528E1
:1087B0001FD8DFE800F03A281E2E2B2B313D401E3B
:1087C0001E1E1E281E283434341E1E1E1E1E1E1E73
:1087D0001E1E1E1E1E1E2E312E2B43371E371E1E22
:1087E0001E1E1E1E1E1E3A312B1E282848F2045043
:1087F00038BD48F21650BFF35F8F134B00221A604A
:1088000038BD002038BD48F20350F4E748F211505B
:10881000F1E748F21050EEE748F21450EBE748F267
:108820007050E8E748F20150E5E748F21350E2E7FC
:1088300048F27150DFE748F20250DCE748F2175087
:10884000D9E700BF6169614D5885002070B50E46BB
:108850001546041D9BB301215348F1F703F8BFF3FC
:108860005F8F002861D13246A9B2204600F0D8FCC3
:10887000002851D0A0F57000A0F54060352849D8F7
:10888000352847D8DFE800F07B5A46695D5D6F8D7B
:108890008A464646465A465A6C6C6C46464646469A
:1088A0004646464646464646696F695D877846783D
:1088B00046464646464646467B6F5D465A5A0A46F7
:1088C0002046A9B200F0ACFC58B3A0F57000A0F5AA
:1088D0004060352826D8352824D8DFE800F04A291A
:1088E000233B2C2C3559562323232329232938387D
:1088F00038232323232323232323232323233B3509
:108900003B2C5347234723232323232323234A3565
:108910002C23292948F21650BFF35F8F224B0022E7
:108920001A6070BD48F2165070BD48F2045070BD18
:1089300048F2035070BD48F2115070BD48F2035028
:10894000EAE748F21150E7E748F2145070BD48F2E8
:10895000705070BD48F2105070BD48F21050DBE707
:1089600048F27050D8E748F21450D5E748F2015069
:1089700070BD48F2135070BD48F20150CCE748F288
:108980001350C9E748F2175070BD48F2025070BD4D
:1089900048F2715070BD48F21750BDE748F20250DE
:1089A000BAE748F27150B7E7588500200C2B1ED863
:1089B000F8B51C46A30717D105460E4614480121F9
:1089C0001746F0F74FFFBFF35F8FE8B904358CB956
:1089D0003146284600F074FEFFF788FEBFF35F8F34
:1089E0000B4B00221A60F8BD48F21650F8BD48F251
:1089F00011507047A2B23946284600F0CFFEFFF76B
:108A000075FE0028E4D0E9E748F20450F8BD00BF45
:108A10005885002008B51046FFF78AFB28B148F2B8
:108A2000025398420CBF0148014808BD080CF000F1
:108A30000F0CF0002DE9F0410546D0E917301E1A61
:108A4000B6FBF3F403FB1464944228BF14461746A4
:108A500088469CBB984224D0B7FBF3F403FB04F494
:108A60006CB1D5F8E830224641462846984706467C
:108A700010B93E1BA0442EB93046BDE8F0813E46F9
:108A8000002EF9D0286E193005EB800032464146A1
:108A900002F02EFC2A6E32442A6600263046BDE8DB
:108AA000F0811A4605F16401D5F8E8302846984768
:108AB00006460028E0D1EB6D2866CDE705F164039A
:108AC0001844224602F014FCD5E917302044A04493
:108AD0003F1B2866BEE700BF70B5002837D00E46A2
:108AE000002937D0026E0446DAB9114601236360CB
:108AF0002046D4F8E8309847B0B9D4F8EC30204696
:108B000098470546C0B923682066032B1CD8144A31
:108B100004F1080152F82320304602F0E9FB284610
:108B200070BD00F16401E1E7A0F57203022B13D8D8
:108B3000A0F5FF35284670BDA0F57203022B0BD8B7
:108B4000A0F5FF35284670BD064D284670BD064D80
:108B5000284670BD054DE2E74FF47505DFE700BF1D
:108B6000FC7704000102F0000002F0000502F000B2
:108B7000F0B5BDB004460E466846F02117461D46C6
:108B800002F0BCFB042C2FD8DFE804F030351F2E98
:108B90000300032300938023294A1793294B2A4C6F
:108BA0003994CDE93A236846A047284CA0421BD00F
:108BB00032D828B3B0F5720F3BD1254C6846F0216E
:108BC00002F09CFB20463DB0F0BD224C224A399475
:108BD0000123009340231793204B6846CDE93A23A5
:108BE000A0471A4CA042E3D11D4CE7E7194C1A4AA2
:108BF00039940023EDE7174C174A39940223E8E72C
:108C00008FB1DEB1019BBBB93A4631466846FFF7EA
:108C100011FFA042E8D004D9124B984209D1124C5E
:108C2000CCE70028C6D129466846FFF755FF044621
:108C3000C4E74FF47504C1E70C4CBFE70C4CBDE72B
:108C400031A40300BDA40300FDA303000100F20052
:108C50000002F00095980300E9980300119B0300BF
:108C60000102F0000200F2000202F0000C02F0002B
:108C70000302F000F0B5054699B01F4600230E46EA
:108C8000144605A819460322D5F8D05001F0B8FCC7
:108C900038BB0146AD00082303AA05A8CDE903456A
:108CA00001F0EEFCE8B9611905A801F00DFDC0B9AD
:108CB00037B923461022314605A801F01DFD80B9C1
:108CC00005F1100302A9019100941946324605A846
:108CD000029301F04FFD044B002818BF184619B04D
:108CE000F0BD014819B0F0BD360CF0002DE9F04F91
:108CF000864C80469E460F4694460FCCB7B00DF189
:108D00001C0A55460FC594E80F0004F1100685E8CB
:108D10000F000FCE0FAD0FC596E80F00303485E879
:108D20000F000FCC17AD0FC50FCC0FC594E80F0087
:108D3000D8F8D040CDF80CE0042C85E80F0001D025
:108D4000082C6BD1409A231DB2EB830F4FEA830BA3
:108D500003D06F4837B0BDE8F08F07EB0C019CFAE9
:108D60008CF30CF118060CF109003B609BFA8BF5B3
:108D7000802326F00F06321A7D6038440B720021E2
:108D800002F0BAFA409B1B09ABF1100B00F0BB805C
:108D9000042C47D0DDF80C90CDF808B04B4617AD49
:108DA000B1464FF0000823ACBB461E4624E0029FAC
:108DB000CDF814A0069701F063FC0346294620462F
:108DC00010353BBB01F080FC84464FF0100E4B4643
:108DD0005A4649462046BCF1000F1BD10DEB0E0749
:108DE000CDE90067CDF810E001F0C4FC103688B979
:108DF000409BB8EB131F58D200231946022220468D
:108E000001F0FEFB014608F10108082305AA2046EF
:108E10000029CCD03F4837B0BDE8F08F3E4837B08E
:108E2000BDE8F08FDDF80C90CDF808B033460FADFB
:108E30004E464FF0000823ACBB46994626E0029F01
:108E4000CDF814A0069701F01BFC034629462046E6
:108E50001035002BDED101F037FC84464FF0100EA8
:108E60004B465A4649462046BCF1000FD2D10DEB85
:108E70000E07CDE90067CDF810E001F07BFC10365D
:108E80000028C7D1409BB8EB131F0ED20023194610
:108E90000222204601F0B4FB014608F10108082334
:108EA00005AA20460029CAD0B4E7DDF808B0039D22
:108EB0000023194601222046CDE9055B01F0A0FB05
:108EC00001460028A6D1082305AA204601F0D8FBB8
:108ED00000289FD105EB0B01204601F0F5FB014670
:108EE000002897D1409A284602F006FA409B009548
:108EF00040A901912A462046194601F03BFC002872
:108F00003FF428AF86E723ACD1E700BF7C780400AC
:108F1000230CF000360CF000210CF0002DE9F04F8E
:108F20002DED028B164687B007321C46D308129DE2
:108F30000393002800F0BC800F46002900F0BF809A
:108F4000002C54D0BDF80C108046204601F010FAD9
:108F50000228064640F2AA8003285DD12378032B1D
:108F600040F2A480039B681C591E0123019302F068
:108F7000C5F9019B0493019B76429AB206F007065D
:108F80004FF0FF0A4AFA06FA08EE102A5E1E4FF664
:108F9000FF72103B5FFA8AFA2E440292059318EE94
:108FA000101A2A464046B84700287DD133780AEA8D
:108FB00003033370049B102B40D0BDF804302246CD
:108FC0001946284601F000F9022852D0029B013BC5
:108FD0000293E4D13E4B03990193284602F08EF9A7
:108FE000019B184607B0BDEC028BBDE8F08F99B22B
:108FF0002A461C46B84703460028ECD1611E70077C
:109000006A5C42F080025CD16A540023184607B0C3
:10901000BDEC028BBDE8F08F039B00F10709A3EBC9
:10902000D90105EBD90002F069F94FEAD903B9F18A
:10903000870F019388BF102304939CE7059B05EBE2
:10904000030904EB030B07E0002BB6D0B84758BB6D
:1090500033780AEA03033370102319465A46484608
:1090600001F0B2F80346022B4A464FF01001404689
:10907000EAD1019B002BC8D0013DE918012315F866
:10908000012F13448D422B704FEA2323F7D1019B0C
:10909000013C2344022214F8011F0A449C4222701E
:1090A0004FEA2222F7D1B0E7034694E7094B92E753
:1090B000094B184607B0BDEC028BBDE8F08F074B9B
:1090C0008FE7764206F0070632416A5489E700BF0F
:1090D000010CF000320CF000250CF000140CF00034
:1090E0002DE9F0438FB0884607A91746044601F0E2
:1090F000BBFF054600284ED1D4F8D050042D01D036
:10910000082D4ED1D4F8C4300C2B62D8B8F1000F22
:1091100045D02E1D760106AA04ABCDE90032029798
:1091200007A905AB00222046059601F033F8002878
:109130003CD1069B0498D4F8C42023F003030833E1
:1091400004F1840918449200494602F0D1F8D4F899
:10915000C400069A04992B1D9E0002EB8002009623
:109160004B4620460692FFF7C1FD054650B9B8F1BF
:10917000010F33D00346224649462046FFF77AFDC9
:10918000B0B105462046E42102F0B8F838464FF465
:10919000BF5102F0B3F828460FB0BDE8F0836E016E
:1091A000B9E71B4D28460FB0BDE8F083194DE9E73C
:1091B000D4F8D430012243F00103C4F8D430C4F809
:1091C000CC2000234846C4F8C430402102F096F871
:1091D000DCE7114D28460FB0BDE8F083314620464C
:1091E00002F08CF82B46224649462046FFF742FD06
:1091F0000028C6D1D4F8D430084AC4F8CC8023F46F
:10920000803343F00103C4F8D430C4F8DC20D8E73D
:10921000210CF000260CF000040CF000CDAB230173
:109220002DE9F04F9DB0002800F03B811646002A42
:1092300000F03D810D4621B98B4658461DB0BDE872
:10924000F08FB14F04464FF0FF31386802F076F8E6
:10925000002840F01981AD4BD4F8DC209A4216D09A
:10926000DFF8B8B22946304602F048F8D4F8C430E6
:10927000002B40F00D81386802F07AF80028DCD02D
:10928000A34802F009F858461DB0BDE8F08FD4F8A5
:10929000D430DA0740F10E81D4F8CC30113300F22B
:1092A0000F81D4F8D080B8F1040F05D0B8F1080FC1
:1092B00002D0DFF86CB2D5E7D4F8C4200C2A00F253
:1092C000FC8004F14003029304F1840A002A00F0B8
:1092D000FD809200514604F1480002F009F8D4F8EC
:1092E000C420029908F104039B00009392005346A6
:1092F0002046FFF7FBFC83460028B3D103462246F5
:1093000051462046FFF7B6FC83460028AAD104EB5D
:1093100088090122D9F80C301BBA9B181BBAC9F86E
:109320000C304FEA880B16D3D9F808301BBA9B18BB
:109330001BBAC9F808300ED3D9F804301BBA9B18F1
:109340001BBAC9F8043006D354F828301BBA1344AA
:109350001BBA44F82830002309A81946032201F05B
:109360004FF9002840F0AF800146082307AA09A85A
:10937000CDE9074B01F084F9002840F0A48049466C
:1093800009A801F0A1F9002840F09D80614AD4F8B5
:10939000D4301A4200F0A2802B0915F00F0B049371
:1093A00000F0998001330493CDF80CB05B469D42E8
:1093B0000DD0EA1A11463046059201F09FFF059A3A
:1093C0003346314609A801F097F900287BD104F112
:1093D000300B10220298594601F08AFF584610219E
:1093E00001F08CFF102306A90191CDF800B009A867
:1093F0005A461946069301F0BDF9002863D1039A35
:10940000A81A3044594601F073FFD4F8D430DB0574
:1094100009D45A460298049B314600F01FFC83464B
:1094200000287FF41FAFD9F80C30049A1BBAD31868
:109430001BBAC9F80C3017D3D9F8083001221BBA6F
:109440009B181BBAC9F808300ED3D9F804301BBAE0
:109450009B181BBAC9F8043006D354F828301BBA3D
:1094600013441BBA44F828305146012322462046B3
:10947000FFF700FC834600287FF4F4AED4F8CC302C
:109480000133C4F8CC30F1E6234801F005FFE2E6F1
:109490000023C4F8C43004F18400402101F02EFF01
:1094A000E9E6DFF880B058461DB0BDE8F08FDFF880
:1094B00078B0C2E6DFF874B0D4E6DFF874B0D1E675
:1094C000DFF870B0CEE6DFF870B0CBE65046402152
:1094D00001F014FF1BE71023039368E704F1300346
:1094E00018461021039301F009FF039B102219462F
:1094F00009A801F001F90028E5D1D4F8D43043F4EB
:109500008033C4F8D43047E704860020CDAB230174
:1095100024780400000101000C7804000E0CF00017
:10952000210CF000270CF000000CF000080CF000FB
:10953000040CF000070CF000360CF00070B50028A9
:1095400049D00D46002943D0244E04464FF0FF3148
:10955000306801F0F3FE90BB002001F083FF50BBA8
:1095600020462A460121FFF7BBFD0446012001F0F9
:1095700079FFB8B9306801F0FBFE50B9012001F065
:1095800071FF08B9204670BD154801F085FE2046E0
:1095900070BD144801F080FE012001F063FF002837
:1095A000F0D0F1E70E4801F077FE306801F0E0FE00
:1095B0000028E3D0EDE70C4801F06EFED0E70B4841
:1095C00001F06AFE002001F04DFF0028C8D0F2E74C
:1095D000074C204670BD074C204670BD1486002005
:1095E0005C780400247804003C7804000C780400C3
:1095F000200CF000250CF00000284CD0F0B50D46F2
:1096000089B0002938D00446E42101F077FE01A991
:10961000204601F029FD10B1204809B0F0BD204FCF
:109620004FF0FF31386801F089FE80BB002001F067
:1096300019FF40BB01A92A46204600F0B7FD0646A7
:10964000012001F00FFFD0B9386801F091FE78B920
:10965000002EE1D12046E42101F050FE29462046AB
:10966000FFF76CFF0F4B002818BF184609B0F0BD7C
:109670000D4801F011FEEBE70C4809B0F0BD0C48B5
:1096800001F00AFEE0E70B4801F006FED2E70A48C7
:1096900001F002FECAE70948704700BF110CF00054
:1096A00014860020120CF00024780400200CF00036
:1096B0005C7804003C7804000C780400250CF00071
:1096C00070B5002950D0044600284AD0294E0D46D6
:1096D00030684FF0FF3101F031FE002838D1002012
:1096E00001F0C0FE58BB244BD4F8DC209A4213D1C1
:1096F000D4F8D430DB073AD520462A460021FFF7BC
:10970000EFFC0446012001F0ADFE58B9306801F0CD
:109710002FFE78B9204670BD0120184C01F0A2FE42
:109720000028F3D0164801F0B7FD306801F020FEA4
:109730000028EFD0134801F0AFFD204670BD12485D
:1097400001F0AAFD0C4BD4F8DC209A42D0D0E3E71C
:109750000E4801F0A1FD002001F084FE0028C2D0D7
:10976000EDE70B4C204670BD0A4C204670BD0A4CFC
:10977000C8E700BF14860020CDAB23010E0CF0001B
:109780005C780400247804003C7804000C78040021
:10979000250CF000200CF000080CF0002DE9F84337
:1097A00000284FD00E461446054639B1302A01D85C
:1097B000930723D0264F3846BDE8F883002A45D1C9
:1097C000DFF8A0804FF0FF31D8F8000001F0B6FDBF
:1097D000074648BB402105F1840001F08FFDA40835
:1097E000D8F80000C5F8C44001F0C2FD0028E2D05E
:1097F000184801F051FD3846BDE8F883DFF8648071
:109800004FF0FF31D8F8000001F098FD074678B915
:1098100005F184094846402101F070FD3146484673
:10982000224601F065FDDAE70B4801F035FDD1E78E
:10983000094805F1840901F02FFD4846402101F057
:109840005DFDEBE7054F3846BDE8F883044FB2E70E
:10985000040CF000247804000C780400250CF000BF
:10986000030CF0000486002030B4029D4DB1064D7B
:10987000941EAC4202D830BCFFF750BB034830BC4A
:109880007047034830BC7047FDFF0700310CF00003
:10989000300CF000E8B110B50468012C04D0022CA3
:1098A00010D044B10C4810BD0C490830202201F002
:1098B0001FFD002010BD0A490830142201F018FDD8
:1098C000204610BD07490830202201F011FD00207C
:1098D00010BD4FF4720070470100F20020790400BF
:1098E000EC78040000790400002800F0DE80F8B570
:1098F00003680E4615460446002B00F0B480013B79
:10990000012B00F2C3806A484FF0FF31022701F0BB
:1099100015FD002840F0B080002001F0A3FD0028D4
:1099200040F0BB80634A1368002BFCD1624A136885
:10993000002BFCD161480368002BFCD14FF0FF30B5
:1099400001F030FD5E4B186820F0400001F030FD62
:109950005C485D4A5D4901230360072010600B608D
:10996000A2F59A72A36C1360594BE16C51601F60B1
:1099700023685BB1013B012B17D8564B626A1A6012
:10998000226A43F8042CE26943F8082C524BA2697E
:109990001A60626943F8042C226943F8082CE268D3
:1099A00043F80C2CA26843F8102C434A1368002B90
:1099B000FCD1002D53D06368012B04BF474A1360CC
:1099C000474A484B166040201D6001F0F7FC3A4AB8
:1099D0001368002BFCD1394A1368002BFCD1236893
:1099E0005BB1013B012B17D83A4A3F4B12686262C8
:1099F0001A682262043B1B68E361374A3B4B1268DA
:109A0000A2611A68626153F8042C226153F8082C91
:109A1000E2600C3B1B68A360354A364B1268A264B7
:109A20001B682A4D2D483449E364234A002301244E
:109A30002C6003600B601368002BFCD12149204A85
:109A40000B60106840F0400001F0B2FC012001F012
:109A500009FD30BB164801F08BFCC8B9F8BD264B98
:109A600004221A60B3E712484FF0FF31012701F0DA
:109A700065FC00283FF450AF204801F00DFC0020A9
:109A800001F0F0FC00283FF44DAF06E01C48F8BDA3
:109A90001C4801F001FC0020F8BD1B4801F0FCFB54
:109AA00040E71A4801F0F8FBD4E74FF47200704722
:109AB0001C8600201CB9025010B9025020BC025074
:109AC00004BA025018B8025000B90250C4B702508C
:109AD000C0B702505CB6025050B6025084B6025075
:109AE00028BC02502CBC025058B602504CB6025052
:109AF000CCB70250D0B70250C8B702500C7804005F
:109B00000100F200247804003C7804005C78040032
:109B100000283BD0F0B482B0436A0193836893FA83
:109B200083FC019BD0E90712D0E90376D0E9055404
:109B30001BBA4362436C019309BA836AC16112BACA
:109B400002623FBAD0E90F1236BA2DBA24BAC0E980
:109B500002C7C0E90465C76A066B456B846193FA66
:109B600083FC846B019B3FBA36BA2DBA24BA09BA7A
:109B700012BA1BBAC0E90AC7C0E90C65C0E90E41B8
:109B8000C0E91023002002B0F0BC70474FF472000F
:109B9000704700BF38B504464FF4806001F00EFCFA
:109BA000054D06480649074A00232B6003600B68F1
:109BB0002360136038BD00BFC8B102502CB1025001
:109BC00004B1025008B102500138072805D8DFE877
:109BD00000F00A0E041204040406094870478B6959
:109BE0008B6000207047CB688B60002070470B694A
:109BF0008B60002070474B698B600020704700BF6E
:109C0000310CF1000B6802E0082B0B6006D84268AB
:109C100013424FEA4303F7D00020704700487047D3
:109C2000310CF100084B094A002119601368002B20
:109C3000FCD107480749084A03604FF480604FF0A1
:109C4000FF330860136070472CB1025010B9025006
:109C5000C4B1025008BA025008B10250012BF8B545
:109C600016461CD010221D460C4601F029FBE0B11F
:109C7000AF1E314604EB0710102201F021FBA0B10A
:109C8000022D0ADD0025204610342146102201F065
:109C900017FB013548B1BD42F5D10020F8BD114692
:109CA000102201F00DFB0028F7D10148F8BD00BFDC
:109CB000020CF000002877D0F8B50C46002971D0CE
:109CC0001D46002B6ED0064622B1012200232A60D9
:109CD000C0F8D8302B68002B62D029462046FFF709
:109CE00091FF00285BD128682146FFF76DFF00280F
:109CF00055D1364B3649374A01271F609C460F60C5
:109D0000CCF80070A368136011688B42F8D1324F11
:109D10003249334A334B4FF0000CC7F800C00427D8
:109D20000F600A2111606FF03A021A60079B012B45
:109D30004FF080533AD0D3F8002C013243D0D3F8FF
:109D4000002C294BA3FB02321209A368274C284997
:109D5000284F03FB02F303EB4303DB039B09236060
:109D6000254B2C680C601A60069A244C3A604FF41C
:109D70008062226001224FF0FF3441F8C44C43F866
:109D80000C2CD6F8D8302A6823F07F4343EA0263CC
:109D9000C6F8D8302A6843EA0223C6F8D830F8BD9E
:109DA0001748F8BD1748F8BD16487047D3F80C2C73
:109DB000013206D0D3F80C2C0B4BA3FB0232FA4035
:109DC000C3E71622C1E70622BFE700BFC4B10250B5
:109DD00040B1025030B102502CB102500CB10250CF
:109DE00038B1025000B10250ABAAAAAAD8B10250B1
:109DF000CCB10250D0B10250D4B1025008BA0250D6
:109E0000310CF100350CF100F0B4C900002401F16F
:109E1000FF3C2646274606E09F4216D001266545B0
:109E200019D82C461F46630904F01F0150F823304F
:109E30001F2923FA01F304F1010518BF03F0010300
:109E4000002CE9D101263546EBE701369642E6D1F2
:109E50000248F0BC70470020F0BC7047360CF1009F
:109E6000002861D02DE9F0414C1EB4F5047F27D2C3
:109E700033B32AB3CD00012B05F1FF3E30D00021D2
:109E80008C460F460E4603F1FF384C0901F01F05C2
:109E900050F824401F2D24FA05F418BF04F00104E3
:109EA00021B90126B44631462746EEE7B34213D026
:109EB000A74201D10CF1010C464504D1624502D202
:109EC0001A48BDE8F0813C4601318E4506F1010695
:109ED000EAD20020BDE8F08100264FF0010CF3E744
:109EE0000026B44637463446610904F01F0350F893
:109EF00021101F2B21FA03F118BF01F001013CB121
:109F00005FB98C4501D0614608E00136614605E045
:109F1000012634468C460127E6E73E46B242CFD3BF
:109F20000134AC42F6D1D4E700487047370CF10059
:109F30002DE9F04F89B01D46149BDDF84CA0044676
:109F40000E4617464BB94FF08053D3F8002C013220
:109F500000F0A980D3F800BC08E04FF08053D3F89C
:109F60000C2C013200F0A280D3F80CBC7C480AF51E
:109F7000C1622A60129A00234FF0FF31136001F092
:109F8000DDF9002840F08680764A774B77491060EB
:109F90000432196013680693069BD907FAD5714AF3
:109FA000714B002111601B680793043213680793FB
:109FB000079BDB07FAD56C4B6D4A1B680793DDF8EE
:109FC0001C9013680793079BD807FAD5644801F0E3
:109FD000CFF900285AD1654B994540F0B680D4F8A6
:109FE000D43013F400790ED1D90512D52B68129A0A
:109FF0001B6813603BB1D4F8D4309B055BD5484651
:10A0000009B0BDE8F08FDFF87C91484609B0BDE8A3
:10A01000F08F002F00F08780564A574B1168B268C6
:10A020001B689A4245D10A2943D194F8DB30059345
:10A030000AF5C26A042500274FF0805804A8FFF7EC
:10A04000A9FD0498820602D510F01A0039D0D4F880
:10A05000D810059A0B0A03F47F030B4323F07F43C8
:10A06000082AC4F8D83077D0149B4FEA420CCDE9C7
:10A070000073002205AB31462046CDF814C0FFF72F
:10A0800019FE00285FD1013DD8D1B4E73B4801F06B
:10A0900003F9A0E73A48DFF8F09001F0FDF84846F0
:10A0A00009B0BDE8F08F4FF0900B5FE74FF4047BF1
:10A0B0005CE7DFF8D890FFF7B5FD484609B0BDE88A
:10A0C000F08F129B5246C3F800B0594600F0FEFFD5
:10A0D000002838D1D8F8043C129A013318BFD8F8B8
:10A0E000043C116808BF51230293D8F8083C01339F
:10A0F0002ED0D8F8083C03934B1EB3F5047F0FD243
:10A10000029A02915046FFF77FFE48B90299039ADE
:10A110004FF480635046FFF7A3FE00283FF46BAF77
:10A12000129B1F6093E723F00F03C4F8D430149BF5
:10A130000122CDE90093314605AB2046FFF7BAFD79
:10A1400000283FF475AF814655E7DFF83C9056E7AD
:10A1500040F237330393CFE7DFF834904BE700BF8B
:10A160001C86002004BF025000BF025012FA12FAEF
:10A1700008BF025038B1025030B1025024780400B8
:10A180000C780400330CF000350CF000300CF100BA
:10A19000320CF10030B4DDE90234049D0294002455
:10A1A000CDE9035430BCFFF7C3BE00BF10B586B085
:10A1B00005AB0124CDE901240093002204ABFFF795
:10A1C000B7FE06B010BD00BFF0B4441831B114F8AA
:10A1D000015D4E1E15B931460029F8D1D41833B1AE
:10A1E00014F8015D5E1E45B93346002BF8D10D1EF3
:10A1F00018BF01252846F0BC70478B4222D325D8D2
:10A200004C1EA64228BF2646002E23DB0136941999
:10A210000025821904E0012D38BF012590420BD0A2
:10A2200012F8016D14F8017DB742F4D3F6D9002D70
:10A2300008BF02259042F3D18B4218BF0025284663
:10A24000F0BC704701252846F0BC7047022528461F
:10A25000F0BC70470025EFE79942F0B50DD801EB4F
:10A2600003044FEA540467D3002C7DD04FF0000C58
:10A27000171F2146051F624632E003F1804C0CF1A6
:10A28000FF3C051F002600EB8C0C05EB810E3446CD
:10A290005CF8047FE64546EA0706F9D116F1FF3778
:10A2A00044F1FF3C6FEA0C0C99420CF0010C3ED2D9
:10A2B00001F1804E0EF1FF3E171F02EB8E0507EBFA
:10A2C000830355F8042FAB4246EA0206F9D116F192
:10A2D000FF3644F1FF32D24302F0010291B3051F71
:10A2E000002305EB810E28463C46194650F8046FC2
:10A2F00054F8045FAE4218BF002103F0010318BFF9
:10A30000002388BF41F0010138BF43F001038645B7
:10A31000ECD1A9B182F00100BCF1000F00D10840DE
:10A320008CF0010402B91C4000EB4400F0BDC3B145
:10A33000171F19460022D3E700263446B446B7E774
:10A34000002BE7D1BCF1000F03D132B160461446B7
:10A35000EAE782F001000023E2E7104613461446C4
:10A36000E1E760461C46DEE720462346DBE700BF08
:10A370004218084630B112F8013D411E1BB908468B
:10A380000028F8D170471A064FEAC00018D45906C1
:10A3900000F1FF3215D49906A0F1020211D4D906BA
:10A3A000A0F103020DD41907A0F1040209D4590742
:10A3B000A0F1050205D49B07A0F1060201D40738DD
:10A3C00070471046704700BFA1B100EB810001E06B
:10A3D00001390FD050F8043D002BF9D04801A0F10D
:10A3E000200202E00138904206D0002B4FEA4303DE
:10A3F000F8DA704708467047704700BF78B110B56B
:10A400000368032B044601D0064810BD06494022CC
:10A41000083000F06DFF054BA365002010BD4FF420
:10A42000720070470100F20040790400785634123F
:10A4300000283CD02DE9F0431E4B9046826D9A4295
:10A44000A1B0064603D01C4821B0BDE8F083D0F887
:10A450005C90B8FBF9F707FB09F30C460422D9001E
:10A46000483003F03BF814F0030514D0C1450ED872
:10A47000F26D00252146684600F03AFF69463046F5
:10A4800003F072F80135F26DAF421444F2D80020A7
:10A4900021B0BDE8F083C145F9D82146304603F02C
:10A4A00063F80135F36DAF421C44F6D8EFE74FF483
:10A4B00072007047785634120200F200002800F053
:10A4C00098802DE9F0414C4B826D9A42E0B0804675
:10A4D00003D04A4860B0BDE8F081016E00F1480544
:10A4E0002846C900042202F0F9FFD8F8543020A809
:10A4F0004FF4807200211CBA00F0FEFED8F85C20F8
:10A50000E308B3FBF2F402FB1434141B102C98BFC5
:10A51000A41820ABA4F1100018442946102280256D
:10A520008DF8805000F0E4FE2A46684608F1640188
:10A5300000F0DEFED8E917230DEB05010DEB03005B
:10A54000D21A00F0D5FED8E91753ED1AADB269461C
:10A55000404603F009F8A5423FD3D8E90641D8E9BF
:10A560000823D8E90207D8E9046500BA3FBA24BA3B
:10A5700009BA12BAC8E9027036BAD8F83400C8F875
:10A580001C402DBAD8F83040C8F818101BBAC8F8CB
:10A590002420D8E90F12D8F83870C8F81460C8F829
:10A5A0001050D8F82860D8F82C50C8F82030D8F8C7
:10A5B000443024BA00BAC8E90C0436BA2DBA3FBAFE
:10A5C00009BA12BA1BBA0020C8E90A56C8E90E1720
:10A5D000C8E9103260B0BDE8F08120AB5919684677
:10A5E000D8F85C2000F084FE6946404602F0BCFFCB
:10A5F000B3E74FF472007047785634120200F2004D
:10A6000078B3032A70B50E461546044601D9052ACB
:10A610001CD1012E18D8ABB9022D19D0052D17D099
:10A620004C21204600F06AFE052D88BF4FF0FF3216
:10A6300013D900200123C4E90826C4E90B00C4E9AA
:10A640000D3370BD094870BD094870BD094870BD23
:10A6500056B94C21204600F051FE074B53F82520F7
:10A66000E7E74FF470007047044870BD0E00F0003B
:10A670000600F0000200F000807904001200F000F3
:10A68000C8B110B50C4682B18CB9082B0DD15368F6
:10A69000102B0ED1136843B101238362D2E900125B
:10A6A000103000F025FE204610BD044810BD0448BF
:10A6B00010BD044810BD4FF4700070470400F00056
:10A6C0000500F0000300F00070B108B5036A013B1B
:10A6D000022B05D831B1102200F00AFE002008BD7F
:10A6E000034808BD034808BD4FF47000704700BF21
:10A6F0000200F0000100F00038B349B31AB338B5D6
:10A7000012F00F051BD1046A24F00404032C01D0BD
:10A7100003B31D4613462A4602F054F858B1A0F57B
:10A720007100052818D8052816D8DFE800F00503C1
:10A730000A0303080A4838BD4FF4700038BD0948C1
:10A7400038BD094838BD074870474FF4700070475E
:10A7500006487047064838BD4FF4750038BD00BF45
:10A760000200F0000A00F0000600F0000800F0000F
:10A770000900F000F8B5079F48B30E460546002AC9
:10A7800035D0994239D8002F41D02B6A23F00401EB
:10A79000032906991FD0002932D03968B14233D33A
:10A7A000300703D0012B1CD8EB6A23B31146334684
:10A7B000069A284602F012F9044660B3A0F5710427
:10A7C000052C37D8DFE804F00310251010174FF4DC
:10A7D00070042046F8BDA9B139680F2914D9310792
:10A7E000E4D0032BE2D1DFE7144C2046F8BD00296A
:10A7F000C9D0134CEDE7134CEBE7134C2046F8BDE2
:10A80000002ED3D0114CE4E7114C2046F8BD114C7A
:10A81000DFE7114CDDE72B6A23F00403032B01D0A3
:10A820003E60D6E706982946102200F061FD10230D
:10A830003B60CEE74FF47504CBE700BF0200F000A9
:10A840000800F0000A00F0000C00F0000900F00021
:10A850000D00F0001100F0000600F0002DE9F84FA7
:10A860001E460A9B002B6AD00D4600296FD0044675
:10A8700000287DD0022E5ED816B10B9B002B79D01C
:10A88000D4F8B872B7F5107F4CD8D4F8BC127B1C42
:10A89000994247D895F80090B9F1070F53D8B9F10C
:10A8A000050F50D009F006030737022B4FEAD707F0
:10A8B0003CD07B00013393423BD10A9807F1030B54
:10A8C0004FF45D7100F1040A2BF0030800F016FD4F
:10A8D000414650463B466A1C00F01EFE002838D117
:10A8E0004FEA9B0B5B46594622465046FFF7B4FCA5
:10A8F000022855D119F0040F3ED10A9B214603F1DD
:10A9000094004FF4377200F0F3FC4946504600F0D3
:10A910009FFE0446002845D1022E45D00A9A264BB8
:10A9200013601CE0254C2046BDE8F88F7B1C934249
:10A93000C3D0234CF7E7234C2046BDE8F88F224CC8
:10A940002046BDE8F88F214C2046BDE8F88F204C0A
:10A95000E9E7204C0A984FF45D7100F0CFFC0B9BA7
:10A96000002BE0D04FF46371184600F0C7FCDAE723
:10A97000194CD8E7194CD6E70A9B7A1C4C33414650
:10A98000184698462A443B4600F0C6FD0028E0D110
:10A9900040465B4659462246FFF75EFC0228ACD093
:10A9A0000C4CC0E70E4CD5E70B99504600F02EFF3B
:10A9B0000028B3D00446CDE7010000EC9508F00074
:10A9C0000F08F0001108F0000E08F0000708F00072
:10A9D0000D08F0001008F0000208F0001208F00066
:10A9E0003008F0002DE9F04383B0019300283DD0FA
:10A9F0001646002A67D002681F46354B9A42044625
:10AA00001BD18FB3052914D0072912D8D0F84C33A5
:10AA1000C56C21F0020203F10709042A03F11F03A8
:10AA20004FEAD9094FEA531305F0010522D0022954
:10AA300007D0284803B0BDE8F083274803B0BDE83D
:10AA4000F0833A6809F1010842453ED3304645F0AB
:10AA5000020500F8015B9B00221D494600F0B2FD93
:10AA600048BBC7F80080E5E71C48E3E71C4803B093
:10AA7000BDE8F0833A684FEA490808F10108424509
:10AA800023D3042930460CBF0D4645F006059B0034
:10AA900000F8015B221D4946019300F093FD50B977
:10AAA00009F10100019B04F14C023044494600F0D9
:10AAB00089FD0028D5D03046396800F01FFC0023FE
:10AAC00008483B60B6E70848B4E70848B2E700BF6B
:10AAD000010000EC1508F0001A08F0001708F0005B
:10AAE0001408F0001B08F0001608F0001808F00029
:10AAF0002DE9F04782B0DDE90A98002A5CD01D46B6
:10AB0000002B5ED0B9F1000F5DD0B8F1000F5CD022
:10AB1000074600285BD08A46002948D014461846CC
:10AB20004FF44C7100F0EAFB4FF45D71484600F0C1
:10AB3000E5FBD4F8BC621F367609B200013E04F191
:10AB4000D801404605EB860600F0D2FB0023736077
:10AB50002B1DD4F8BC220093514638464346FEF7DD
:10AB600083FE0646C8B128464FF44C7100F0C6FB80
:10AB700048464FF45D7100F0C1FB0C9B23B140F6D9
:10AB80006811184600F0BAFB40464FF4537100F0CC
:10AB9000B5FB304602B0BDE8F087204643464A4642
:10ABA000294603F047FD06460028E6D0DBE7094EBC
:10ABB000304602B0BDE8F087074E304602B0BDE82F
:10ABC000F087064EE5E7064EE3E7064EE1E7064E60
:10ABD000DFE700BF9008F0000208F0000308F00073
:10ABE0000408F0000508F0009108F0002DE9F0419C
:10ABF000002940D016461F460A682B4B9A420C4645
:10AC000031D1054600283AD00268013B9A422ED144
:10AC1000002E45D0002F45D0069BB3B300F1940120
:10AC20004FF4377204F1500000F04AFB0435211D47
:10AC300068BBD4F808333A680733B2EBD30F4FEA56
:10AC4000D3081ED3069B2846324600F00FFE04466A
:10AC5000F8B9C7F8008006984FF4537100F04EFB26
:10AC60002046BDE8F081114C2046BDE8F081104C33
:10AC70002046BDE8F0810F4C2046BDE8F0810E4C27
:10AC8000F2E70E4CC7F80080EEE70D4CECE70D4CF8
:10AC9000EAE73968304600F031FB00233B60DAE731
:10ACA000094CE1E7094CDFE7020000EC3408F00052
:10ACB0003208F0003308F0003108F0003808F000E6
:10ACC0003708F0003A08F0003508F0003608F000C8
:10ACD0002DE9F04F85B0109F08B30C46F9B1164628
:10ACE000EAB19A460E9BD3B1CFB1054603F024FFDB
:10ACF0002268436AB2EB830F80464FEA830909D387
:10AD00000F9B994506D1D0F88C30BAEB830F4FEAF0
:10AD1000830209D0324B184605B0BDE8F08F314BA5
:10AD2000184605B0BDE8F08F131F07F1400A314601
:10AD30003846009300F076FC0E994A46504600F0E3
:10AD400071FC009A3968BB58CDE9011323F04043E8
:10AD500043F08043BB503B6807F1200B23F007030F
:10AD60003B60524658464346394602F07BFB03900F
:10AD7000002832D1009A0198029B3860BB50594696
:10AD8000D8F82420284600F05DFC039BC4F800900E
:10AD9000BE4205D049463846009300F0AFFA009B0A
:10ADA0005D4505D058464946009300F0A7FA009B40
:10ADB0000E9A524505D049465046009300F09EFA3F
:10ADC000009B009307F160004FF4807100F096FA49
:10ADD000009B184605B0BDE8F08F034BD8E700BFD5
:10ADE0003123F0003023F0003423F0002DE9F04F40
:10ADF00085B00E9F002854D00C46002951D016462D
:10AE0000002A4ED0002F4CD09A46054603F094FEFF
:10AE10002268416AD0F88C30B2EB810F80464FEA4D
:10AE200081094FEA830337D39A4535D1AAF1040B40
:10AE300052463146384600F0F5FB57F80B303A6879
:10AE4000CDE9012323F0404343F0804347F80B3022
:10AE50003B6807F1200A23F007033B605046434656
:10AE600008F12802394602F0FDFA0390F0B1174BC1
:10AE7000BE4205D038464946019300F03FFA019B97
:10AE800055450AD050464946019300F037FA019BD8
:10AE9000184605B0BDE8F08F0D4B184605B0BDE86B
:10AEA000F08F0C4B184605B0BDE8F08F0199029B5E
:10AEB000396047F80B305146D8F82420284600F076
:10AEC000C1FB039BC4F80090D2E700BF3423F0001D
:10AED0003123F0003023F0002DE9F04782B0002A42
:10AEE00037D01E46002B34D0804690B30F4681B336
:10AEF0000A9B73B30C9B63B30B9B002B43D014468C
:10AF000003F01AFE3268D0F88C30B2EB830F4FEAB0
:10AF1000830A3AD33B68534537D3436A0A981FFAEA
:10AF20008AF122464FEA83090B9B98470546A8B150
:10AF30000C984FF4B07100F0E1F94946404600F03A
:10AF4000DDF92046514600F0D9F9284602B0BDE8A7
:10AF5000F087104D284602B0BDE8F0870C9BC7F87B
:10AF6000009039460093224653464046FFF73EFF85
:10AF700005460028DCD10C98C6F800A04FF4B0714B
:10AF800000F0BCF9E6E7044DE4E7044D284602B0C2
:10AF9000BDE8F0873023F0000523F0003123F000F6
:10AFA0002DE9F04F83B060B30C4651B3174642B35E
:10AFB0001E4633B30E9B23B30C9B13B30D9B002B88
:10AFC00037D0054604F08EF82168426AB1EBC20F13
:10AFD00081464FEA820A4FEAC20B2DD332685245AE
:10AFE0002AD3DDE90C030E9A1FFA8AF198478046AE
:10AFF00068B10E98514600F081F9404603B0BDE8B3
:10B00000F08FDFF84080404603B0BDE8F08F0E9B24
:10B0100003F1200200924B460E9A2946384602F070
:10B020009DF980460028E4D1C4F800B0C6F800A01D
:10B03000DFE7DFF81480E0E7DFF81080404603B078
:10B04000BDE8F08F0023F0000523F0000123F0009D
:10B050000B2804D8034B53F8203003B118470020C5
:10B06000704700BF7883040030B5042285B0012307
:10B07000C0F8D0200B6068460023CDE90033CDE94D
:10B0800002330C4600F04EF80546C8B9DDE9003041
:10B09000DDE90212E360003BC4E9040118BF0123AB
:10B0A000A26108B143F0020309B143F004030AB1FD
:10B0B00043F00803002228466360A26005B030BD5B
:10B0C000014800F0E9F8E1E79879040030B585B06F
:10B0D00004460D46104803924FF0FF3100F02EF960
:10B0E000039A68B9204600950123002102F0D8FC9C
:10B0F0000446094800F03CF938B9204605B030BD97
:10B10000064800F0C9F8039AECE7054800F0C4F8D7
:10B11000204605B030BD00BF1C8600200C7804001E
:10B120002478040000234FF4FA714FF47A72C0E9D6
:10B1300000228160C3601846704700BF10B500F060
:10B1400039F8A0B900F026F920B1032400F078F80E
:10B15000204610BD00F086F9034680B90D4A1268FA
:10B16000120EF02A06D0052400F01AF9EEE70424A6
:10B17000204610BD0849094A0968914201D00624B9
:10B18000F2E7074A0120136000F06CF9044600283A
:10B19000DED0E8E728B9025024BA02500000E020CF
:10B1A0000CBA025008B500F0FBF8BDE8084000F00A
:10B1B00047B800BF08B5184800F0A4F898B9174878
:10B1C00000F0A0F8B8B9164800F09CF8D8B9154BB3
:10B1D000124A15481A6000F095F8C0B9134B124A8C
:10B1E0001A60002008BD124800F056F80B4800F025
:10B1F00089F80028E7D00F4800F04EF8084800F022
:10B2000081F80028E3D00C4800F046F8DFE70B484F
:10B2100000F042F8E2E700BF1C8600200C86002008
:10B220001886002014860020108600200486002046
:10B23000C8790400E4790400007A0400207A04004C
:10B2400008B500F03BF80F4800F06AF804210D48FB
:10B2500000F054F80C4800F063F80B48042100F0AB
:10B260004DF80A4800F05CF840B9094800F058F879
:10B27000BDE808400648042100F040B8054800F049
:10B280000BF8F2E71C8600200C86002018860020B0
:10B2900010860020007A0400BFF34F8F0549064B4B
:10B2A000CA6802F4E0621343CB60BFF34F8F00BF64
:10B2B000FDE700BF00ED00E00400FA05704700BFA5
:10B2C000A2B1013A30B401398518421E002012F8AB
:10B2D000013F11F8014F954283EA040340EA03005D
:10B2E000F5D1003818BF012030BC704710467047B8
:10B2F00003F0CCBF04F064B804F0DEB80A460021C5
:10B3000004F0DAB810B5044610B10020206010BD7A
:10B310000248FFF7C1FF0020206010BD407A040002
:10B3200010B5044610B10020206010BD0248FFF7A0
:10B33000B3FF0020206010BD407A040010B5044621
:10B3400080B10123BFF35B8F54E8002F44E8003144
:10B350000029F9D1BFF35B8F012AF3D0BFF35F8FD0
:10B36000002010BD0148FFF797FFEAE7647A040068
:10B3700010B5044620B1BFF35F8F0020206010BDE0
:10B380000348FFF789FFBFF35F8F0020206010BDE7
:10B39000847A0400014B0020186070475C8500200F
:10B3A00000207047014B1860704700BF08BA025078
:10B3B000014B1860704700BF04BA025010B5044634
:10B3C00082B0C0B1124A134BC14311601B68019394
:10B3D000019B18420AD1104A20BFBFF35B8F13684C
:10B3E000BFF35B8F0193019B2342F5D00B4B1C6095
:10B3F000019802B010BD0A48FFF74EFF044A054B02
:10B400004FF0FF3111601B680193019BE3E700BF20
:10B4100004BA025000BA02505C85002008BA0250FB
:10B42000A47A04000B490C4B0C4A4FF0FF30086023
:10B430001B68BFF35B8F52E8001F42E80030002812
:10B44000F9D1BFF35B8F9942F3D1BFF35F8F044A09
:10B450001360704704BA025000BA02505C850020A5
:10B4600008BA025038B54FF0FF3104461E48FFF7C6
:10B4700065FF08BB1D4A54B11368C3B1012B1CD032
:10B48000013B1360BDE838401748FFF771BF1068F3
:10B4900058B9174C174B18490125C4F800554FF4FB
:10B4A00080645C600B68002BFCD101301060BDE84B
:10B4B00038400D48FFF75CBF38BD0F490B68002BC3
:10B4C000FCD10B480B49C0F800354FF48063C1F83C
:10B4D0008430BFF34F8FBFF36F8F084B6FF07E4107
:10B4E00019601368CCE700BF188600206085002033
:10B4F00000A0025000E100E010B9025004BA02506E
:10B500003AB10A44013812F8013D00F8013F8A427D
:10B51000F9D10020704700BF002A48D02DE9F04142
:10B520000446002845D015465A1E053234D811F07D
:10B53000030631D18B422FD8CF1C27F003028A4259
:10B5400032D8A2EB030840441A462946FFF7D2FE40
:10B55000414620464FEA9708FFF7D0FEB8F1010FA9
:10B560001DD0FF0804EB87000438231F04EB880577
:10B5700053F8042F55F8041D12BA09BA8342196012
:10B580002A60F5D118F0010007D054F827301BBA13
:10B5900044F82730002000E00748BDE8F081236828
:10B5A0001BBA30462360F8E70448BDE8F081044840
:10B5B00070470348F1E700BF050DF000090DF000EA
:10B5C000040DF00030B40AB300B3DBB113F003058F
:10B5D00018D18B4216D3A9B1904208D002D9134496
:10B5E000984217D3904202D243189A4212D911447A
:10B5F000431E11F8014D03F8014F8A42F9D1284644
:10B6000030BC7047044D284630BC7047034D284677
:10B6100030BC7047024DF6E7050DF000040DF00058
:10B62000060DF00088420CD030B413466FF0404550
:10B63000033305EB9303002540F8235030BCFFF79C
:10B6400059BE7047814202D09200FFF753BE704747
:10B65000F0B50446D0F848038DB000F11F06202352
:10B66000B6F5187F00937ED20F46694601F0F0FBD5
:10B67000054610B128460DB0F0BD7609334604F1F9
:10B680009002012101F024FD01210846052304F563
:10B69000127201F01DFD334622460121022001F005
:10B6A00017FD334604F1D8020121042001F010FDFA
:10B6B00004F5907233460121052001F009FD424A4C
:10B6C00013680193019BDB07FAD5404B40493E4A82
:10B6D000196013680293029BD807FAD53B4B3D498A
:10B6E000394A196013680393039BD907FAD5374B7E
:10B6F0003949354A196013680493049BDB07FAD56E
:10B70000324B364A1A6007F00603022B2FD004F1A1
:10B71000480233460121032001F0DAFC2A4A13686B
:10B720000593059BDC07FAD5284B2D49264A19605D
:10B7300013680693069BD807FAD5244B29492A4A51
:10B74000196013680793079BD907FAD5274A284B36
:10B75000126812F4805F08BF1D46009801F062FC79
:10B7600028460DB0F0BD234D28460DB0F0BD02F0C7
:10B7700011FB002826D01C4A13680893089BDB079E
:10B78000FAD51D4B184A196813680A930A9BD80703
:10B79000FAD51A4A1A4B11601B680993099B5F403E
:10B7A000F90708D5343A13680B930B9BDB07FAD5DE
:10B7B000064B144A1A60314604F14800032201F096
:10B7C0005BFCCAE7104DC8E7B0B0025080B0025031
:10B7D0008021088880411831806108880051183123
:10B7E00080310C8800681051B4B0025088B002500B
:10B7F0001008F0000F08F0000CB00250E4B0025046
:10B80000DCB00250C03000294021F00070B5D0E912
:10B81000D2421F3484B0640900F148030D4601EBA5
:10B8200084061F3201EBC4010391009300F5B4714B
:10B830000346CDE901565209903000F0D3FE70B9AD
:10B8400030462146FEF7C0FD30B921462846FEF7B6
:10B85000BBFD08B904B070BD024804B070BD024819
:10B8600004B070BD1008F0003008F0002DE9F0437E
:10B87000D0E9D2451F3485B0640903EBC40E1E46DF
:10B8800003EB84071F3500F148030093CDE9027EE6
:10B8900003460196904690306A0900F0A3FE0546E3
:10B8A00040B130464FF45371FFF728FD284605B0EC
:10B8B000BDE8F08338462146FEF786FD60B121469B
:10B8C0003046FEF781FD38B14FEA84094A464046CA
:10B8D0003146FFF715FEE4E7004DE2E72008F100EE
:10B8E0002DE9F04F97B0DDE920744FEA043E4EEAAF
:10B8F000844E4EEA83149D4D44F0045C9C012E68F6
:10B900000096009EF607FAD5229DDFF86482974ED6
:10B91000C8F800C0920142EA834242EA053545F088
:10B9200010454FEA834832680192019AD207FAD54E
:10B930008F4ADFF838C215604EEA811E4EF0104E75
:10B940008E01DCF800200292029AD507F9D53D035A
:10B9500045EA8745864A854FC2F800E044EA050972
:10B9600049F004593A680392039AD207FAD5804AFB
:10B97000DFF8F8E1C2F8009044EA033C48EA0C071B
:10B9800047F004574FEA033ADEF800200492049A85
:10B99000D207F9D5764ADFF8D4E117604CEA81493D
:10B9A00049F010498F04DEF800200592059AD2076D
:10B9B000F9D56F4ADFF8B4E1C2F8009045F01045C0
:10B9C00045F48075DEF800200692069AD207F9D574
:10B9D000DFF89CE1674ADFF89491CEF8005042EA24
:10B9E00080124FEA801ED9F800500795079DED0799
:10B9F000F9D5DFF87CB1DFF884915C4DCBF80020FD
:10BA000049EA00394FEA003B2A680892089AD207AF
:10BA1000FAD5574DC5F80090239A574D45EA82490B
:10BA2000524A12680992099AD507F9D5504A4F4DE2
:10BA3000C2F800904CF0245949F400192A680A927F
:10BA40000A9AD207FAD54A4D484AC5F800904EEAFC
:10BA5000030343F0484343F4821315680B950B9D91
:10BA6000ED07FAD54EEA0B05DFF804E13F4ACEF8C0
:10BA7000003045EA080545F0045513680C930C9B0B
:10BA8000DB07FAD53A4B394A1D604CEA804040F05A
:10BA9000045013680D930D9BDD07FAD5344BDFF886
:10BAA000E0C0324A18604AEA0C0C13680E930E9BF1
:10BAB000D807FAD52E4B2D4DC3F800C047EA013701
:10BAC00046EA070C4CF004500A032B680F930F9BB7
:10BAD000DB07FAD5264B254D18604CF0104C2B682F
:10BAE0001093109BDB07FAD5214B204DC3F800C003
:10BAF0002B681193119BDB07FAD51D4B1B4D18606A
:10BB0000274347F004572B681293129BDB07FAD5A3
:10BB1000174B16481F60239B44EA080444EA033489
:10BB200044F0104403681393139BDD07FAD5104BC0
:10BB30000E481C60324342F0245242F41012036853
:10BB40001493149BDC07FAD5094B08481A600E437E
:10BB500046F0484646F4A21603681593159BDB078A
:10BB6000FAD5034B1E6017B0BDE8F08FB0B002509D
:10BB700080B002500040102100410021000110213E
:10BB8000400128292DE9F04F9FB0AF4F2D9D289EF1
:10BB90002C0344EA854C4CEA831C4FEA854E019401
:10BBA0004CF0104C9D013C680494049CE407FAD5C9
:10BBB0004FEA801BA54F4BEA033848EA8646DFF878
:10BBC0008882C7F800C046F010461F03D8F800402E
:10BBD0000594059CE407F9D5DFF87082DFF868C2A8
:10BBE0004BEA00340294C8F8006044F0245848F44A
:10BBF0000018DCF800400694069CE607F9D5DFF84B
:10BC00004C92914EC9F8008045EA070C4EEA0C0EA2
:10BC10004EF0104E34680794079CE407FAD5299C2F
:10BC2000DFF82892DFF82082C9F800E047EA8116A1
:10BC300046EA84468C0146F010460094D8F800404D
:10BC40000894089CE407F9D5009CDFF80082DFF82F
:10BC5000F891C8F8006044EA013E4EF0245848F4D8
:10BC60000018D9F800400994099CE607F9D52A9CE8
:10BC7000DFF8D891744EC9F800804FEA043A4AEAD6
:10BC8000844A2A9C4AEA050A4AF0104A4FEA844943
:10BC900034680A940A9CE407FAD52B9C47EA844648
:10BCA00006430396694E684CC6F800A0039E46F012
:10BCB000484A4AF0C00A26680B960B9EF607FAD54A
:10BCC000624C614EC4F800A049EA0C0A4AF0104ADE
:10BCD00034680C940C9CE407FAD52C9C47EA844603
:10BCE0000E430396594E584CC6F800A0039E2E43AF
:10BCF00046F0484A26680D960D9EF607FAD5019C37
:10BD000044EA8216514C46EA09094F4EC4F800A095
:10BD100049F010494FEA821A34680E940E9CE407E9
:10BD2000FAD54A4C484EC4F800904AEA824A4AF092
:10BD3000104A4AF4405A4FEA824934680F940F9CE3
:10BD4000E407FAD5414E404CC6F800A0266810968C
:10BD5000109EF607FAD53D4EDFF8F8A03A4CC6F82B
:10BD600000A026681196119EF607FAD5374EDFF827
:10BD7000E8A0354CC6F800A026681296129EF60779
:10BD8000FAD5324EDFF8D4A02F4CC6F800A04EF002
:10BD9000104E4EF4402E26681396139EF607FAD5E1
:10BDA0002A4E2B4CC6F800E044EA804E3036800420
:10BDB00034681494149CE407FAD547EA8347DFF803
:10BDC0008CA0214CCAF800E04BEA070646F0484632
:10BDD00046F003064FEA834A23681593159BDB0759
:10BDE000FAD5DFF868E0184CCEF80060029B43F00B
:10BDF000045646F4801623681693169BDB07FAD583
:10BE0000124CDFF844E02660DEF800301793179BF1
:10BE1000DC07F9D50D4CDFF830E0266040F0045027
:10BE200040F48240DEF800301893189BDB07F9D508
:10BE3000009B054C4AEA01011943044B41F048417B
:10BE4000186041F480410BE0B0B0025080B0025065
:10BE50000041009000310C90C0400C90C03020296F
:10BE600023681993199BDE07FAD5194B19481960F5
:10BE700003681A931A9BDC07FAD5154B1549C3F8CA
:10BE8000008049EA02322A4342F010420B681B93B9
:10BE90001B9BD807FAD50E4B0E491A602F4347F06B
:10BEA00010470B681C931C9BDA07FAD5084B094A0C
:10BEB0001F604CF0104141F4301113681D931D9B1D
:10BEC000DB07FAD5024B19601FB0BDE8F08F00BF49
:10BED00080B00250B0B002502DE9F04F99B0DFF8B9
:10BEE00070C2269C239D270347EA844949F01046E7
:10BEF00046F0800699464FEA844EDCF80030019304
:10BF0000019BDC07F9D5914B914C1E604FEA8949A2
:10BF100049EA801949F0104646F400564FEA801A63
:10BF200023680293029BDB07FAD5884B884C1E607E
:10BF30004AEA003C4CF0245646F40016236803936A
:10BF4000039BDB07FAD5814B814C1E604EF01046F7
:10BF500046F4025623680493049BDB07FAD5229B20
:10BF60007B4C4FEA834E4EEA811E784B4EF0104ECA
:10BF70001E604EF4005E8E0123680593059BDB076F
:10BF8000FAD5724B724CC3F800E046EA013949F029
:10BF9000245B4BF4001B23680693069BDB07FAD552
:10BFA0004FEA053E694B6A4CC3F800B04EEA854E35
:10BFB0004EF0104E4EF0800E4FEA854823680793EE
:10BFC000079BDD07FAD5249B604C40EA834545F08A
:10BFD00048455F4BC4F800E045F403551C680894DD
:10BFE000089CE407FAD5594B594C1D6048F01045A0
:10BFF00045F4025523680993099BDB07FAD5259B75
:10C00000DFF848E1524CCEF8005041EA834343F058
:10C01000484545F4025523680A930A9BDB07FAD585
:10C0200047EA8217494B4A4C1D6047EA080848F026
:10C030001047950123680B930B9BDB07FAD5434B05
:10C04000434C1F6045EA824242F0104242F44052A3
:10C0500023680C930C9BDD07FAD53C4B3C4C1A60D3
:10C0600023680D930D9BDA07FAD5384B394C384AC3
:10C070001C6013680E930E9BDB07FAD5334B364CCE
:10C08000334A1C6013680F930F9BDF07FAD52F4BC1
:10C09000324C1C602E4A49F0104444F4402413688A
:10C0A0001093109BDD07FAD5284B2D4D284A1C60B4
:10C0B00045EA8045800413681193119BDC07FAD58B
:10C0C000224B284C224A1D604AEA0404136812934A
:10C0D000129BDB07FAD51D4B1D4A1C604CF0045423
:10C0E00044F4801413681393139BDF07FAD5174B9E
:10C0F000174A1C6013681493149BDD07FAD5134B81
:10C10000134A1C6040F0045040F4824013681593B9
:10C11000159BDC07FAD50D4B0D4A18600E4346F00F
:10C12000484646F4042613681693169BD907FAD599
:10C13000064B074A1E6013681793179BDB07FAD557
:10C14000024BC3F800B019B0BDE8F08F80B00250C8
:10C15000B0B0025000310C90C0400C90C03020298B
:10C1600000410090032008C82DE9F043974AABB086
:10C1700013680993099BDF07FAD5954B9549934AB4
:10C18000196013680A930A9BDE07FAD5904B92490F
:10C190008E4A196013680B930B9BDD07FAD58C4B05
:10C1A0008E498A4A196013680C930C9BDC07FAD5F8
:10C1B000874B8B49854A196013680D930D9BD807EF
:10C1C000FAD5834B8749814A196013680E930E9BF9
:10C1D000D907FAD57E4B844A1A601B2000F030FD47
:10C1E0000446182000F02CFD8442784A09D91368CF
:10C1F0000F930F9E16F00106F9D0754B7B4A1A601B
:10C2000009E013681093109BDB07FAD5704B784A4E
:10C210001A60044600266D4A13681193119BDF07CC
:10C22000FAD56B4B7349694A196013681293129BD4
:10C23000DD07FAD5664B704A1A601C201D211822B2
:10C240000B238DE80F000F230E220D210C20FFF78A
:10C2500047FB01340C200D210E220F238DE80F0027
:10C2600024F001041323122211211020FFF738FBC0
:10C270000125A11E08AB07AA1B20089500F02CFD84
:10C28000022800F06A81032800F04081012800F0B4
:10C29000168100274D4A13681F931F9BDB07FAD5B1
:10C2A0004B4B5649494A196013682093209BDD0780
:10C2B000FAD5474B5249454A196013682193219B8F
:10C2C000D807FAD5424B4F4A1A60043C39D44FF094
:10C2D000170916254FF01A0815211420CDE9000181
:10C2E0001A231622CDE90259FFF7FAFA1420034661
:10C2F0008DE82201162202F023F808AB07AA214696
:10C300001B2000F0E9FC00EB87000430072816D85A
:10C31000DFE800F0A1A8A59D9995840412271122B9
:10C32000102315211420CDE904270393CDE9000142
:10C33000029517231622FFF725FC4FF0FF37023C2A
:10C34000CAD519201C21162215231824CDE9012154
:10C35000CDE9030400930E2214230D210C20FFF7D6
:10C36000BBFD1A4A002F40F0818013682693269B5C
:10C37000DC07FAD5164B2449144A19601368279331
:10C38000279BD807FAD51248204B2149214C0F4A48
:10C390000460002E14BF1E460E4613682893289B87
:10C3A000D907FAD50A4B094A1E6013682993299BBD
:10C3B000DB07FAD5064B184A1A6018231D221C21E8
:10C3C000012002F0D1F82BB0BDE8F083B0B00250EC
:10C3D00080B00250000200210082202140822021F2
:10C3E0008082242140066E4900966929C00666496C
:10C3F000C0066249000662410016624940D6212902
:10C40000C0D32029C0142129C055212940075649ED
:10C4100040075E490007524900065A490E270D227F
:10C420000C2315211420CDE904270393CDE9000145
:10C43000029517231622FFF7A5FB00277FE7182791
:10C440001D221C23EDE718271D221C2369E718274E
:10C4500019221C23E5E7122713221023E1E70E27F8
:10C460000F22DDE70E270F220C235AE713682293D1
:10C47000229BD907FAD54C4B4C494D4A1960136899
:10C480002393239BDB07FAD547484A4B4A494B4C39
:10C49000474A0460002E14BF1E460E4613682493BC
:10C4A000249BDF07FAD5404B414A1E601368259351
:10C4B000259BDD07FAD53C4B414A1A607DE73C4A93
:10C4C00013681393139BD807FAD5374B3D49384A65
:10C4D000196013681493149BD907FAD5324B3A4963
:10C4E000334A196013681593159BDB07FAD52E4B59
:10C4F00036492F4A196013681693169BDF07FAD541
:10C50000294B334A1A604FF0FF37C3E6284A1368B5
:10C510001B931B9BDF07FAD5234B2E49244A196036
:10C5200013681C931C9BDD07FAD51F4B2A49204A30
:10C53000196013681D931D9BD807FAD51A4B27491C
:10C540001B4A196013681E931E9BD907FAD5164B18
:10C55000234A1A604FF0FF379CE6154A1368179379
:10C56000179BDD07FAD5104B1649114A196013685D
:10C570001893189BD807FAD50B4B13490C4A19602E
:10C5800013681993199BD907FAD5074B0F49084A25
:10C59000196013681A931A9BDB07FAD5024B0C4AF1
:10C5A0001A60002776E600BF80B00250C0D3202971
:10C5B000B0B002504007364940073E4900073249B3
:10C5C00000063A49000532494005364980053A4996
:10C5D000C0053E49000542494005464980054A4993
:10C5E000C0054E492DE9F04F0D4687B0044611466F
:10C5F000284600929846FDF7E7FED4F8BC32009931
:10C6000004F1D80A1F3306465B0952462846FDF757
:10C6100023FE002E70D001286ED0D4E9AEB0394B85
:10C62000584593F91A2093F91CC000924FF0200747
:10C6300093F91B2093F91D30059738BF584605A97B
:10C640000192CDF808C0039300F002FC074618B130
:10C65000384607B0BDE8F08F2B490BF11F094FEAB0
:10C6600059194B46C1F800B02246012100F030FDB7
:10C670000121084604F5DC72052300F029FD4B4634
:10C6800004F1480201210B2000F022FDD4F8BC3255
:10C690009DF808409DF800001F3352465B099DF845
:10C6A0000CA0012100F014FD42464B46204601211A
:10C6B00000F00EFD109A4B465046012100F008FD97
:10C6C00006F11F035B099DF804002A46012100F0D2
:10C6D000FFFCFFF749FD11982246494600F0CCFCCB
:10C6E00012985246494600F0C7FC059800F09AFCA3
:10C6F000384607B0BDE8F08F044F384607B0BDE8B4
:10C70000F08F00BFD47A040090B002503008F100DE
:10C7100038B5224B224A0121054619601368002BC7
:10C72000FCD1204A1368002BFCD11F4A1368002B50
:10C73000FCD11E4A1368002BFCD11D4B1C68002C39
:10C74000FCD14FF0FF30FEF72DFE2B6A23F00403DF
:10C75000032B184B18680CBF20F0400020F080001D
:10C76000FEF726FE144B00221A602B6A23F0040207
:10C77000032A18BF6C6A114A4FEA830318BF04F0FA
:10C78000010403F01C031C4314602B6A072B02D125
:10C790000B4B01221A60002038BD00BF00B90250C7
:10C7A00070B4025020BD025020BC025038BD02506F
:10C7B00038BC025004BA0250BCB40250C0B402509B
:10C7C0007CB40250002800F0BF80F8B51D46436BD2
:10C7D0000E4617460446002B35D0012B02D1B5F585
:10C7E000803F33D265484FF0FF31FEF7A7FD0028A8
:10C7F00057D10020FEF736FE00284ED1604B0122B3
:10C800001A60236A032B28DC002B28DA5D4A1368A0
:10C81000002BFCD15A4A1360236A23F00403032B34
:10C82000594B18680CBF40F0400040F08000FEF704
:10C83000BFFD0120FEF716FE002836D14F48FEF757
:10C8400097FD28B9F8BDB5F5805FCBD34F48F8BD4B
:10C850004F48FEF721FD0020F8BD072BD6D1636AB3
:10C86000012BD3D8636B012BD0D8A36B012BCDD870
:10C870002046FFF74DFF0028C8D1A36A012B6CD0DA
:10C8800033F0020263D0236A5A1E062A1BD8DFE85F
:10C8900002F0104B101A1A1A10003E48FEF7FCFC6A
:10C8A000ACE73D48FEF7F8FCA3E73C48FEF7F4FC94
:10C8B000C4E73B4B22681A6062685A60A2689A60BB
:10C8C000E268DA60236A23F00403032B31D0A36B00
:10C8D000012B4CD0334A344B176020201D60636B12
:10C8E000012B2CD0314A324B16601D60FEF766FDDD
:10C8F000244A1368002BFCD1236A013B062B10D875
:10C90000DFE803F00414040F0F0F0400244A294B3E
:10C91000126822601A6862605A68A26008331B6855
:10C92000E3600123236371E7234BC3E7224A234BD0
:10C93000EEE7636B012B01D01020D3E74020204AA3
:10C94000204B16601D60D1E74FF4710070471E49FF
:10C950001E4A0B600123136095E71D4B22691A6084
:10C9600062695A60A2699A60E269DA608BE7194AE3
:10C97000194B176080201D60B1E700BF1C860020A6
:10C9800010B8025010B9025004BA02500500F1006C
:10C99000247804003C7804000C7804005C780400DF
:10C9A00040B4025030BD025034BD025030BC025081
:10C9B00034BC025044B4025060B4025064B402501B
:10C9C00028BC02502CBC025038BA025078B4025035
:10C9D00000B4025028BD02502CBD02502DE9F04198
:10C9E000002800F081801D46036A072B0F4604468D
:10C9F00016D055B9032B0FD1036B6BB9C0E90F5596
:10CA0000C0E9115500F13C0710252B463946204658
:10CA1000BDE8F041FFF7D6BE2E463046BDE8F081B6
:10CA2000436B002B37D1B5F5805F39D215B9236B35
:10CA3000002B35D167484FF0FF31FEF77FFC00280F
:10CA400040F097800020FEF70DFD002840F099800F
:10CA5000614B01221A60236A032B23DC002B23DAAB
:10CA60005E4E5F4A1368002BFCD15B495D4A0B6048
:10CA7000106840F04000FEF79BFC0120FEF7F2FC3E
:10CA800000287AD15348FEF773FC0028C5D05648D9
:10CA9000FEF702FCC1E7012BC8D1B5F5803FC5D335
:10CAA000524EBAE7072BDBD1636A012B78D8636B50
:10CAB000012B57D8A36B012B00F284802046FFF78F
:10CAC00027FE06460028CCD1A36A012B6AD033F09A
:10CAD000020271D0236A013B062B13D8DFE803F072
:10CAE00009440912121209004FF471063046BDE8DC
:10CAF000F0813F4B22681A6062685A60A2689A60AF
:10CB0000E268DA603B493C4A01230B601560002D66
:10CB10003BD1226B0AB9394A1360314B1E68002E93
:10CB2000FCD1236A013B062B9BD801A252F823F0CB
:10CB30004DCB03006DCB03004DCB030063CA030054
:10CB400063CA030063CA03004DCB0300284A2C4B81
:10CB5000126822601A6862605A68A26008331B6813
:10CB6000E3607EE7274E7CE7274BC3E7264A274B47
:10CB7000EEE72748FEF790FB64E72648FEF78CFBBC
:10CB800080E72548FEF788FB62E7636B012B1BD02B
:10CB9000224A234B176010201D60FEF70FFCBCE7F4
:10CBA000204E5EE7204B22691A6062695A60A269D2
:10CBB0009A60E269DA608DE71C491D4A0B60012327
:10CBC000136087E71B4E4CE71B4A1C4B1760402045
:10CBD0001D60E2E71C86002010B802500100F10041
:10CBE00010B9025004BA0250247804000500F10084
:10CBF00040B402507CB40250BCB4025024B5025080
:10CC000044B402500300F10060B4025064B4025016
:10CC10000C7804005C7804003C78040030BC0250BE
:10CC200034BC02500200F10000B4025038BA025085
:10CC300078B402500400F10028BC02502CBC025011
:10CC400030B4214A84B013680093009BDC07FAD506
:10CC500000F1A05303F52C439B001B4A186813688E
:10CC60000193019BD907FAD5184B1A6812F11F03DB
:10CC700048BF02F13E035B11591E0FD4124A144DF6
:10CC8000144C13680393039BDB07FAD50B182B6036
:10CC900023680293029B2BB90139F2D2580104B0E8
:10CCA00030BC704701314801A0F120014FF0004233
:10CCB00002E001388142F2D013424FEA5202F8D02A
:10CCC00004B030BC704700BFB4B00250ACB00250EA
:10CCD000E4B00250DCB0025070B41C6885B001F0C2
:10CCE0001F0644B91E2E06D01068F04000F0030065
:10CCF00005B070BC70470F4D2C680194019CE4078F
:10CD0000FAD500F1A05404F52C44A400094D206884
:10CD10002C680394039CE407FAD5074C00EB6111DF
:10CD20000648216001680291029911600021196092
:10CD3000DAE700BFB4B00250E4B00250DCB00250F9
:10CD4000A0F12003B3F5426F61D8F0B48F2882B010
:10CD500053D900F11F035B095B013F339B0901338A
:10CD600011B18B4255D80B46DC004FF48051B1FB1A
:10CD7000F4F1202928BF202102B11160264C274D53
:10CD80000126002226600239144603FA06F640F610
:10CD9000FC778C4204F10104B6BF2A602F6092191F
:10CDA0001E2C05F10405F4D11D4C1E4D22603244A9
:10CDB0002A6000F13F011C4A1C4DDFF890C0E5607D
:10CDC00021F03F0110604031194F1A4E1A4D1B4897
:10CDD000CCF800109B011A493B6033602B60E36282
:10CDE0000360D3610A680192019AD207FAD5154A05
:10CDF0000020136002B0F0BC704700F1470400F15E
:10CE00006603E4064FEA5313A6D00133A4E70E48A5
:10CE100070470D48EEE700BF1CB8025000B002504A
:10CE200078B002507CB0025090B0025020F80F0051
:10CE300098B002509CB00250A0B00250A8B002506E
:10CE4000B4B00250ACB002502221F00094B00250B5
:10CE500038B504460D4619484FF0FF31FEF76EFA1B
:10CE600060B90020FEF7FEFA80B920462A4600216C
:10CE7000FFF766FF0446A0B9204638BD1048FEF70C
:10CE80000BFA0020FEF7EEFA0028EED00D48FEF770
:10CE900003FA20462A460021FFF752FF04460028E5
:10CEA000EAD00120FEF7DEFA20B90448FEF760FA66
:10CEB000204638BD0448FEF7EFF9F6E70C8600205F
:10CEC0000C7804003C7804005C7804002DE9F04301
:10CED0004E4C89B023680193019BDD07FAD54C4B7A
:10CEE00013449B000A181D681E2A05F11F0588BF00
:10CEF0001E224FEA551502FB05F288BFC0F11E0144
:10CF0000B2F5806F04D94FF48061B1FBF5F1091AD5
:10CF1000002976DD00F1A05000F52C4005F1010E4E
:10CF20004FF0000C394ADFF8F4803A4C87002EF0BD
:10CF30000106604613680293029BDB07FAD5D7F817
:10CF4000009013680393039BDB07FAD5C8F80090A1
:10CF5000002355B101339D422060FBD1AE4204D97C
:10CF60002B4601339E422060FBD10CF1010C614540
:10CF700007F10407DED1254A13680493049BDC07FC
:10CF8000FAD5254B214A196813680593059BD807E4
:10CF9000FAD5224B19607DB100231E491A46013390
:10CFA0009D420A60FBD1AE4206D91A492B460022A7
:10CFB00001339E420A60FBD1144A13680693069B14
:10CFC000D907FAD5164B114A196813680793079BBE
:10CFD000DB07FAD5114B196035B100230D491A460C
:10CFE00001339D420A60FBD1AE4207D9094A0023B2
:10CFF00001E00EF1010E76451360FAD109B0BDE8EB
:10D00000F08305F1010E2EF00106B4E7B4B0025032
:10D0100024AC0014D8B002507CB00250D4B00250FE
:10D0200078B0025008B558B90F4B00221A600120A1
:10D03000FEF718FA98B90D48FEF79AF950B908BDED
:10D04000202801464FF0070228BF20210020FFF7CB
:10D050003DFFE9E7BDE808400548FEF71DB9054872
:10D06000FEF71AF9E7E700BF1CB802500C86002053
:10D07000247804005C78040010B4124C85B0236856
:10D080000193019BDB07FAD502F1A05202F52C4275
:10D0900093000C4A1C6813680393039BDB07FAD5C3
:10D0A000094B1C6051B10438084A00EB8101136838
:10D0B0000293029B40F8043F8842F8D105B05DF826
:10D0C000044B7047B4B00250E4B00250DCB00250E0
:10D0D00070B42F4D85B02C680094009CE407FAD5FD
:10D0E00000F1A05000F52C408000294C0568206814
:10D0F00001900198C607FAD52648012605609BB124
:10D10000043A254E02EB830452F8040F3060A24229
:10D11000FAD15E1C26F00102934205D21E4C00207B
:10D12000013393422060FBD1194A26F001001368B5
:10D130000293029BDC07FAD5184B0B449B001B683B
:10D140001F33B0EB531F4FEA53121DD210490B6827
:10D150000393039BDB07FAD50E4B0544121A1D609F
:10D1600012D000230C481946013393420160FBD1D1
:10D170005A1C22F00101994206D90748002300E019
:10D1800001328A420360FBD105B070BC704700BF1A
:10D19000B4B00250D4B00250D8B0025024AC001445
:10D1A0002DE9F04784B09A460C9C8146884610468B
:10D1B0001946656A1646FDF707F9BAF1000F00F047
:10D1C000BA802B462246072107460020FFF780FF42
:10D1D000052304F2D44207210120FFF779FF2B46F3
:10D1E00004F5EA7207210C20FFF772FF2B4604F5C5
:10D1F000FA7207210D20FFF76BFF2B4604F505722D
:10D2000007210E20FFF764FF2B4604F50D7207215E
:10D210000F20FFF75DFF2B4604F515720721102044
:10D22000FFF756FF2B4604F51D7207211120FFF76B
:10D230004FFF2B4604F5257207211220FFF748FF08
:10D240002B4604F52D7207211320FFF741FF2B46D3
:10D2500004F5357207211420FFF73AFF2B4604F539
:10D260003D7207211520FFF733FF2B4604F5457269
:10D2700007211620FFF72CFF2B4604F54D720721DE
:10D280001720FFF725FF2B4604F214420721082040
:10D29000FFF71EFF2B4604F2344207210920FFF757
:10D2A00017FF04F254422B4607210B20FFF710FF13
:10D2B000234A13680093009BDB07FAD5214B2249D0
:10D2C0001F4A196013680193019BD807FAD51D4BBB
:10D2D0001E491B4A196013680293029BD907FAD5AD
:10D2E000184B1B49164A196013680393039BDB070D
:10D2F000FAD5144B174A1A60072104F27442084603
:10D300002B46FFF7E5FE3946304601F0E3FD0446C3
:10D3100018B1204604B0BDE8F087484629461022DF
:10D32000FFF7AAFE404629461122FFF7A5FE204638
:10D3300004B0BDE8F087084C204604B0BDE8F08793
:10D34000B0B0025080B0025080022A4780122A4FAB
:10D3500080010021806118210223F0002DE9F04FA7
:10D3600087B05C6A109D16464FEA84090F464FF05D
:10D37000000C9A4680464A4631462B4604200397C5
:10D38000CDF814C0FBF7F4FB074660B104EB44048E
:10D39000A1002846FDF7B2FF0598FFF743FE384687
:10D3A00007B0BDE8F08F2B484FF0FF31FDF7C6FF07
:10D3B00000284AD10020FEF755F8002841D11E234D
:10D3C000DAF82000059305AA0021FFF7B9FCB0BBED
:10D3D0002B68CDF800A023F00703A9F1040A2B6005
:10D3E00055F80A3023F0404343F0804305EB090B26
:10D3F00045F80A30594623462A4605EB4900FFF70F
:10D40000CFFE07460028C1D15BF824105BF80A2044
:10D4100042EAC1723146039E4BF80A2030464A4622
:10D42000FDF766FF224659464046FEF70BF93346A4
:10D430004B444A4641461846FDF75AFFA6E7064FB9
:10D44000A4E70648FDF728FFB9E70548FDF724FFE4
:10D45000B0E700BF0C8600203323F0003C780400C6
:10D460000C7804002DE9F04184B007460E460D24E7
:10D47000174803944FF0FF3190461D46FDF75EFFBD
:10D4800010BB0020FDF7EEFFD0B9286A03AA0021E7
:10D49000FFF756FC044660B9D5F88C103046FCF70F
:10D4A00093FF0095024643463146384601F012FB91
:10D4B00004460398FFF7B6FD204604B0BDE8F081AE
:10D4C0000448FDF7E9FEE0E70348FDF7E5FED8E78D
:10D4D0000C8600203C7804000C780400F0B48AB379
:10D4E000051F2B4605EB8206970053F8044F24BA1C
:10D4F0009E421C60F9D13C1F03595918015116D3A3
:10D50000931E00EB830150F82340661CA64240F8AE
:10D5100023600CD80BB90AE03BB151F8044D651CEF
:10D52000A54203F1FF330D60F6D94AB1051F284625
:10D53000002150F8043F01311BBA8A420360F8D839
:10D54000F0BC704750F8043C5B1840F8043CF7D33B
:10D5500050F8084C631C9C4240F8083CA0F10801BC
:10D56000EED36FF00103D8E72DE9F04F2DED028BDC
:10D57000ADF5597D00F108050C464022002128A890
:10D5800001F09AFF294628A84022FDF7B1FE2A9B08
:10D590001493319B1593329B1693339B1793349BB3
:10D5A0001893359B1993369B1A93379B1B93289B93
:10D5B0001293299B2B9A2D982F9F309E2C99139371
:10D5C00008EE105A784B2E9D1C921E9021971F96A4
:10D5D0001D91209504F1040C01930D92DDE9154293
:10D5E0000292179A0392189A149B0B92199A00931D
:10D5F000DDE91AAB03460C923046DDE912620DF10B
:10D60000E009CDE90607CDF820A0CDF824B00A91B5
:10D6100004951746CA469B4612E002990B9103995E
:10D620000C9100990A910699DDF834B00096CDE985
:10D6300002140D97CDF818E044461E461746704672
:10D6400083044FEA844EA1034EEA903E43EA9438A5
:10D6500041EA90410B9BC205850302988EEA0101C5
:10D6600042EA542283EA000E06984A4045EA94456D
:10D67000E10588EA05030EEA000E0C9D249241EABA
:10D68000502103980B9ADDF89090594045400C9B2F
:10D690002591DCF800005CF8041C25405D408EEA12
:10D6A0000202964690FA80F8259A259509BA3D011E
:10D6B000CAE900810198259945EA1678B50745EA37
:10D6C000970519EB0E0388EA0505F0E9028941EB9D
:10D6D0000202710641EAD7114D4001900A99009863
:10D6E0002495350145EA177E0143BD070A9845EAAE
:10D6F00096058EEA05058646009831400EEA000E32
:10D7000041EA0E010D982291790641EAD61113EBF8
:10D71000080385EA01054BEA000142EB09023940A2
:10D72000FAE8028925950BEA00050D43DDF890E043
:10D7300022992395089D099813EB080342EB0902EF
:10D740005B1942EB00000246DDF894800498239DAB
:10D7500011EB0E0145EB080510EB030E0798CDF811
:10D760001CB040EB0208CDE92215CB180B990891AB
:10D7700058A945EB02020A980C9D049051450CF102
:10D78000080C09957FF449AF1946084B0E93B6ABC8
:10D79000CDF83CB0CDE90746DDF800B00997CDE9FA
:10D7A000001236A8119314E0F07A0400707B040094
:10D7B000069A0292079A0392DDE908B20D92009A46
:10D7C0000892019A0992CDE90034CDE906E8CE46E7
:10D7D000D046D0E91E64F300620343EA547342EA80
:10D7E000D6425A40A30643EA9613D0E9047C5A4035
:10D7F0004FEAC409730343EAD44349EA5676056DF8
:10D800005E4086EA94164FEACC73446DA91843EA49
:10D8100057094FEA0C6344EB060643EA17234FEA25
:10D82000884489EA030344EA9E394FEA883444EA8B
:10D830009E44C0E9221689EA0404F0E9029ACDE97F
:10D84000049A4FEA4C6949EAD71983EA09032693F7
:10D850004FEA0769FB0743EA5C0349EA1C275F407C
:10D860004FEACE53029A069DDDF898A043EA58236A
:10D870005C40249414466C4004EA0E04079D544016
:10D88000039A87EADC174FEA8E434FEA8E3C2797CC
:10D890004CEA984C82EA050743EA9833049D83EAF0
:10D8A0000C0307EA08074FEAC85C57404CEA5E2CB5
:10D8B0004A19059D83EA0C03DDF89CC0259345EBCE
:10D8C000060612EB0A0246EB0C01019E249B009D0A
:10D8D0002494DDE924942597370147EA15770E9DB6
:10D8E000DDF894C0C0F8802013EB0903F5E9029A33
:10D8F0000E95009D109144EB0C044FEA857C009D31
:10D90000C0F88410CDE9049A4CEA960C4FEA051948
:10D91000009D009987EA0C0749EA16794FEA867C50
:10D92000089E4CEA950C009D89EA0C094BEA060C0E
:10D930000CEA050C049D5B19059D45EB0404019D53
:10D940004FEA416A4AEAD51A009987EA0A0A6F063D
:10D9500047EAD117099D0D9989EA07070BEA0609DD
:10D960004CEA090CCDF888C09B1841EA050C01EA85
:10D970000502109D019E45EB04040B9DCDE924A7F3
:10D980005B190C9D0CEA060C4CEA020244EB0505FF
:10D99000DDF888C091462C46259A0A9DCDF828B01E
:10D9A0001CEB0A0749EB020215EB03090F9D0F91CF
:10D9B00045EB040AFB1842EB0404CDE92272029AFB
:10D9C0000B92039A0C92119A82427FF4F1AE129A52
:10D9D0000898219E159FD318139ADDE9001542EB94
:10D9E0000404149A52181C99009241EB05051D99E4
:10D9F000099A2B9509181E98019140EB0202209874
:10DA00000D99049210EB0B0046EB01011F9E08904C
:10DA10001698069A049D099116EB090647EB0A072A
:10DA200010EB0E0E179840EB0808189810EB020C3C
:10DA30001998079A40EB02091A98029A10EB020A09
:10DA40001B98039A2D95099D2F95009D2A95019D60
:10DA50002C9540EB020B089DCDF8C8E038A84FF498
:10DA600020720021CDE92834CDF8D0C03197CDF80F
:10DA7000CC80CDF8D490CDF8DCB02E953096CDF892
:10DA8000D8A0FDF739FC18EE100A28A94022FDF7AE
:10DA90002FFC0DF5597DBDEC028BBDE8F08F00BF6A
:10DAA000F8B5069E002E33D001292FD8012B31D88E
:10DAB0001C4C074600251C4825600468002CFCD13E
:10DAC0001A4D2C68002CFCD1194D2C68002CFCD16F
:10DAD000184D2C68002CFCD1174D2C68002CFCD163
:10DAE000012B19D01548164B026020201E60012919
:10DAF0000BBF144B144B154A154A17601E60FDF7F7
:10DB00005DFC144B18680028FCD1F8BD1248F8BD24
:10DB10001248F8BD1248F8BD1248134B026080202D
:10DB20001E60E4E700B9025070B4025020BD0250FC
:10DB300020BC025038BD025038BC025030BD0250EB
:10DB400034BD02502CBC025034BC025028BC0250E0
:10DB500030BC025010B902500200F4000100F40081
:10DB60000300F40028BD02502CBD02500B6830B4F5
:10DB70000468524284EA03052A405440534004603A
:10DB800030BC0B60704700BF0B6812F01F0F10B461
:10DB900004464FEA937004D09B005DF8044B0B6081
:10DBA0007047002A6FF04043B8BF1F3203EB621288
:10DBB00054F822300B605DF8044B70472DE9F043B8
:10DBC000644A93B013680093009BD907FAD5624B5F
:10DBD0006249634A196013680193019BDB07FAD518
:10DBE000604B1B68DF0400F1AF805A4A1368029350
:10DBF000029BDE07FAD5584B5B49594A19601368F6
:10DC00000393039BDD07FAD5564B1B68DC0400F138
:10DC10008580534B554E4F494F4FDFF86CC14FF045
:10DC20000109DFF868E1524D00241A680492049A51
:10DC3000D007FAD530681A680692069AD207FAD544
:10DC4000CEF800002A680592059A12B95DE05208E4
:10DC50000134D007FBD514F01F0568D11D68099564
:10DC6000099DE807FAD5434DD5F800801D680B954E
:10DC70000B9DED07FAD5DFF814E13D4DCEF800809D
:10DC80002D680A95E0070A9D05D505F00704032CC9
:10DC90004AD0052C48D002F00302032A05D105F032
:10DCA0000305032D08BFC9F100090A680C920C9AFC
:10DCB000D407FAD5304A3A600A680D920D9AD00717
:10DCC000FAD52E4A3A600A680E920E9AD207FAD511
:10DCD0002B4A3A600A680F920F9AD507FAD5294A5B
:10DCE0003A600A681092109AD407FAD51B4A3A6033
:10DCF0001A681192119AD007FAD51A4A1268D204FA
:10DD00008FD5484613B0BDE8F0830A680792079A9A
:10DD1000D207FAD5C7F800C0203486E74FF00109D2
:10DD2000484613B0BDE8F083C9F10009B3E7DFF856
:10DD300060E0013D4EEA053E0D680895089DED073F
:10DD4000FAD5C7F800E089E74FF00009484613B05C
:10DD5000BDE8F083B0B0025080B0025000082A51F4
:10DD6000B4B0025088B0025000182A5128B00250B6
:10DD7000DCB002502CB0025000032A4980022E4928
:10DD8000C0C228A1C002324980F22961E4B0025029
:10DD9000800228612DE9F047894ABAB013680093E0
:10DDA000009BD807FAD5874B8749884A19601368C2
:10DDB0000193019BD907FAD5854B1B68DB0400F161
:10DDC0009181824A13680393039BDE07FAD5814B46
:10DDD0007E4A196813680593059BDD07FAD57E4ACC
:10DDE0007E4B11601B680493049F07F00303032B11
:10DDF00000F0748207F00703052B714A00F02781B9
:10DE000013681993199BDC07FAD56E4B74496C4A59
:10DE1000196013681A931A9BD807FAD5694B714A8F
:10DE20001A60FFF7CBFE013000F01D82644A1368D0
:10DE30001B931B9BD907FAD562486B4B0360013FCC
:10DE400040F071825E49DFF8D0C1604B674E624D91
:10DE5000624CB8460A681C921C9AD207FAD5C0F8E0
:10DE600000C008F120081A681D921D9AD707FAD53C
:10DE700037681A681F921F9AD207FAD52F60226856
:10DE80001E921E9F002FE5D017F0010311D17F08CD
:10DE9000FE07194603F10103F9D5494802682092AB
:10DEA000209AD507FAD5524A464842EA01319844A9
:10DEB0000160434A13682193219BDC07FAD5414B4B
:10DEC0004C493F4A196013682293229BD807FAD520
:10DED0003C4B494A3A4CDFF84491484E414D1A6058
:10DEE0009A4623682393239BD907FAD5CAF8009052
:10DEF00023682493249BDA07FAD5CAF800602368C4
:10DF00002593259BDB07FAD5CAF80050FFF756FE8C
:10DF10000130E6D12A4A13682693269BDC07FAD5FE
:10DF2000284B3749264A196013682793279BD8073F
:10DF3000FAD5244B3349224A196013682893289B49
:10DF4000D907FAD51F4B2A491D4A1960136829932E
:10DF5000299BDB07FAD51B4B2B49194A196013681B
:10DF60002A932A9BDE07FAD5164B2849144A1960D2
:10DF700013682B932B9BDD07FAD51248244A104BCC
:10DF8000DFF89C90DFF89CE0224EDFF89CC0026036
:10DF90001A682C922C9AD407FAD5C0F800901A6807
:10DFA0002D922D9AD107FAD50849094DC0F800E005
:10DFB00000241A682E922E9AD207FAD5066035E010
:10DFC000B0B0025080B0025000081251B4B00250FC
:10DFD00088B0025000B00250E4B00250DCB00250F1
:10DFE00080021249C0020249C01002290CB002503E
:10DFF000C0000C61C0011E41C0111E4980021E49B3
:10E00000C0311C98C0100E21C03010984002124937
:10E01000809184A800182651C0F00D61C0111E2106
:10E0200040320C8840622488409224880A682F92EB
:10E030002F9AD207FAD52A68D20460D401341A681C
:10E040003092309AD207FAD5C0F800C0B1E7136811
:10E050000993099BDB07FAD5854B8649864A1960E7
:10E0600013680A930A9BDF07FAD5814B8349824ADA
:10E07000196013680B930B9BDE07FAD57C4B804924
:10E080007D4A196013680C930C9BDD07FAD5784B19
:10E090007C497D4A196013680D930D9BDC07FAD506
:10E0A0007A4B754A1B68D80440F1928013680E932E
:10E0B0000E9BD907FAD56E4B75496F4A19601368E4
:10E0C0000F930F9BDB07FAD5694B72496A4A1960B7
:10E0D00013681093109BDF07FAD5654B6E4A1A60E0
:10E0E000002054E0644A13680293029BDF07FAD5CC
:10E0F0005F4B6A4A1A6001203AB0BDE8F087002CF5
:10E100003FD0A8EB0404012C33D0621E02F01F01A3
:10E11000002A4FF00107B8BF04F11E028F405111D1
:10E120001A683292329AD207FAD55D4A564C02608A
:10E1300022683392339AD507FAD55A4A524C156859
:10E1400022683492349AD207FAD5574C574A294458
:10E15000216017601A683592359AD207FAD5544A69
:10E1600002601A683692369AD507FAD5514A02608B
:10E170000EE71A683192319AD107FAD54E4A0260F9
:10E1800006E707F00303032B40F0C58001203A4A5D
:10E1900013683793379BDC07FAD5354B4749364A26
:10E1A000196013683893389BD907FAD5304B444926
:10E1B000354A196013683993399BDB07FAD5334B1D
:10E1C0001B6813F4805F18BF01203AB0BDE8F087E8
:10E1D00013681193119BDE07FAD5254B39492A4A5A
:10E1E000196013681293129BDD07FAD5274B1B6841
:10E1F000DC04C3F30030CAD51F4B1A681392139A7C
:10E20000D107FAD51A4B304A1B491A600B68149390
:10E21000149BDA07FAD5164B1E4A17491A600B6889
:10E220001593159BDB07FAD5114B284A12491A6042
:10E230000B681693169BDF07FAD50D4B244A0E493F
:10E240001A600B681793179BDE07FAD5084B214A13
:10E2500009491A600B681893189BDD07FAD5044B1F
:10E260001D4A1A603CE700203AB0BDE8F08700BFC5
:10E2700080B0025040120229B0B00250C011246197
:10E280008071109800181A51B4B0025088B0025032
:10E290008031022180211861C0601098C0000E41B9
:10E2A0000002224120B00250D4B00250D8B0025037
:10E2B00040821C98C0900C88C0700C8880310C88FB
:10E2C00000481851009818518051022940121071CD
:10E2D000C061249840021071C0901C88343A1368C1
:10E2E0000693069BDC07FAD5104B1149114A1960B9
:10E2F00013680793079BD807FAD50C4B0E490D4AB4
:10E30000196013680893089BD907FAD5074B0B4A85
:10E310001A6000203BE707F00707052F4FF00100C8
:10E320003FF435AFE8E64FF00008ADE580B00250AD
:10E33000C0100221B0B0025080110C61C060109872
:10E34000F0B595B07D4C1A9E370347EA864747F0F3
:10E35000045545F0800526680096009EF607FAD51C
:10E360001B9C764E920142EA0434754A44F01044F4
:10E37000156044F4002432680192019AD507FAD559
:10E380006F4A6E4E146047EA811747F010478A01C2
:10E3900034680294029CE407FAD54FEA033C4CEA45
:10E3A000834C674B654C1F604CF0045646F080066A
:10E3B00023680393039BDF07FAD5614B5F4C1E6014
:10E3C00023680493049BDD07FAD55D4B5D4F5E4CDB
:10E3D0005A4E1C6047EA81478C0433680593059BBD
:10E3E000DB07FAD5564B554E1F604CF0104C4CF4E1
:10E3F000807C33680693069BDD07FAD5504E534D5B
:10E400004E4FC6F800C045EA801586013B68079369
:10E41000079BDB07FAD54A4F4D4BDFF820C13D6023
:10E4200043EA003E0703DCF800300893089BDD0751
:10E43000F9D5434DDFF828C1C5F800E01C9B303505
:10E440004CEA834E2B680993099BDB07FAD53C4BBA
:10E450003A4DC3F800E02B680A930A9BDB07FAD514
:10E46000374B3C4DDFF8FCC01D60344D46EA0C0CC8
:10E470002B680B930B9BDB07FAD5314B2F4DC3F861
:10E4800000C03E4346F0045646F400262B680C9329
:10E490000C9BDF07FAD52A4D2F4B2E6043EA8040B4
:10E4A00030352B680D930D9BDE07FAD5244B234D99
:10E4B00018602B680E930E9BDB07FAD5204B274D77
:10E4C0001E481D60144344EA013444F004550E0311
:10E4D00003680F930F9BDF07FAD5194B17481D6090
:10E4E00044F0104403681093109BDB07FAD5144BDB
:10E4F00012481C6003681193119BDF07FAD5104B7B
:10E500000E481D60164346F0245646F41016036864
:10E510001293129BDC07FAD5094B08481E600A4388
:10E5200042F0484242F4A21203681393139BDB07A4
:10E53000FAD5034B1A6015B0F0BD00BFB0B0025061
:10E5400080B00250802000908020082100401021DF
:10E55000000110218020202980200021402128292D
:10E5600000410021024010C830B42D4C88B0206812
:10E5700000900098C507FAD52A4C2B482B4D2560F2
:10E58000303440EA834523680193019BD807FAD5CC
:10E59000900140EA8240234B214A1D6040F0104424
:10E5A00044F4C04413680293029BDB07FAD51D4B69
:10E5B0001B4A1C6013680393039BDD07FAD58B018C
:10E5C00043EA8141174B1A4D1D60154A41F0104531
:10E5D00045F4C04513680493049BDB07FAD5114B3F
:10E5E0000F4A1D6013680593059BDD07FAD50D4B97
:10E5F0000B4A1C6041F0584113680693069BDC07E8
:10E60000FAD5084B064A196040F058401368079342
:10E61000079BDB07FAD5034B186008B030BC704786
:10E62000B0B0025080B0025080710098C021022921
:10E63000806118902DE9F04385B000284CD00E463B
:10E6400000294ED01546002A4DD0002B3FD0D0F8DF
:10E65000BC22039305F14C0700F5B6731F3201F19C
:10E66000040905F10408CDE90187009352094946E0
:10E6700000F592730446FDF7B5FF0746A8B94FF4BD
:10E680003772214606F15000FCF732FE174B33601B
:10E6900021464FF4377205F19400FCF729FE144B24
:10E6A0002B60384605B0BDE8F0830024484634604E
:10E6B00021462C604C22FCF71FFE4046214690224A
:10E6C000FCF71AFE0B4F384605B0BDE8F0830A4F41
:10E6D000384605B0BDE8F083084F384605B0BDE8C0
:10E6E000F083074FDDE7074FDBE700BF020000ECD8
:10E6F000010000EC3008F0000508F0000208F0000E
:10E700000308F0000408F0002DE9F04FA7B009233A
:10E7100004460B2218460394059306920C2301220B
:10E720000A250C46042108930795FEF7CFFB059BAD
:10E73000A14A990141EA834141F0924141F40431F7
:10E7400013680993099BDF07FAD59C4A9C4B11601B
:10E750000699303243EA811113680A930A9BDE0757
:10E76000FAD5964B944A1960089B990141EA834176
:10E7700041F0924141F4043113680B930B9BDD0788
:10E78000FAD58E4B8C4A196013680C930C9BD807F2
:10E79000FAD58A4B8B49884A196013680D930D9BF3
:10E7A000D907FAD5854B884A1A6014F11E0248BF72
:10E7B00004F13D026FF0404303EB6213039A671EBE
:10E7C00052F823300293002FC0F23981DFF814820F
:10E7D000794C7A4D002206AB0DF1140B0DF1200A95
:10E7E0000DF11C0907F01F061F2E04D103987911A3
:10E7F00050F8211002910299009321FA06F606F0D2
:10E8000001061946724058460192FFF7AFF9019A86
:10E8100051464846FFF7AAF9089A009B48EA023198
:10E8200022680E920E9AD207FAD52960069A674995
:10E8300041EA824122680F920F9AD007FAD52960E7
:10E84000079A48EA023122681092109AD207FAD544
:10E850002960059A5E4941EA824122681192119A23
:10E86000D007FAD52960059A0798910141EA8041BD
:10E8700041EA023141F0045122681292129AD20701
:10E88000FAD52960DDE906120898920142EA814131
:10E8900041EA003141F0045122681392139AD007E3
:10E8A000FAD52960089A0598910141EA003141F0B2
:10E8B000104141F4002122681492149AD207FAD52B
:10E8C0002960079A910141EA023141F0104141F477
:10E8D000402122681592159AD007FAD5296022683E
:10E8E0001692169AD107FAD53A4A2A60059A110368
:10E8F00041EA824141F0104141F0C0012268179283
:10E90000179AD207FAD52960DDE90701069A920124
:10E9100042EA814141EA003141F0045122681892F3
:10E92000189AD007FAD52960079A48EA0231226876
:10E930001992199AD207FAD52960DDE907209101C9
:10E9400041EA804141F0045141F4804122681A9229
:10E950001A9AD007FAD52960059A1F4941EA82110F
:10E9600022681B921B9AD207FAD5296022681C9252
:10E970001C9AD007FAD5194A2A6022681D921D9A5E
:10E98000D107FAD5164A2A60079A910141EA8241D5
:10E9900041EA023141F0104122681E921E9AD207CC
:10E9A000FAD52960069A910141EA824141EA023191
:10E9B00041F0104118E000BFB0B0025080B00250EA
:10E9C00000002249400100214051142180400021D3
:10E9D000C040002180300C9000200C9000211429B0
:10E9E000C0400C210001142922681F921F9AD007F1
:10E9F000FAD5296022682092209AD107FAD52F4AA9
:10EA00002A60DDE90702910141EA003141F010413D
:10EA100041F4001122682192219AD207FAD5296087
:10EA2000079A274941EA821122682292229AD00746
:10EA3000FAD5013F7A1C296009D03246D2E6002679
:10EA400006AB0DF1140B0DF1200A0DF11C0919464E
:10EA500058463246FFF78AF8324651464846FFF795
:10EA600085F8069B1749184A41EA831113682393D6
:10EA7000239BDC07FAD5154B134A1960DDE90630F4
:10EA8000190341EA804141F0184141F080011368C7
:10EA90002493249BD807FAD50C4A0D4B1160059995
:10EAA000303243EA814113682593259BDB07FAD571
:10EAB000064B0020196027B0BDE8F08F823018C8DF
:10EAC00000200C9000200229B0B0025080B002500B
:10EAD000C02100882DE9F041069C0E461546984657
:10EAE0002246636A012107460020FEF7F1FA012160
:10EAF00004F1B40208460523FEF7EAFA636A04F15A
:10EB0000940201210620FEF7E3FA636A42460121DE
:10EB10000820FEF7DDFA29463046FFF7F5FD0446EA
:10EB200030B905F11F01490938460722FEF7A4FA5A
:10EB30002046BDE8F08100BF00487047787D0400A2
:10EB40002DE9F00B93B06A4E1A9C6A4FDDE91B5811
:10EB50004FEA043B46EA04363C680194019CE40712
:10EB6000FAD5654C654F266047EA0537303426688C
:10EB70000296029EF607FAD55F4E614C37601F9FE2
:10EB8000303644EA073437680397039FFF07FAD506
:10EB9000594F584E3C604BEA854949F0045545F0C1
:10EBA000800537680497049FFF07FAD5524C554FEC
:10EBB00025601E9D303447EA053627680597059F76
:10EBC000FD07FAD5209C1D9D4A4F240344EA854544
:10EBD000494C45F01045266045F080053E68069694
:10EBE000069EF407FAD54FEA083444EA8848424CB6
:10EBF000404E256048F0045545F0C0053468079440
:10EC0000079CE707FAD53C4C3F4F3A4E256047EA50
:10EC100083179D0134680894089CE407FAD5364CA4
:10EC2000344E276045EA834545F004579B0447F47A
:10EC3000A04734680994099CE407FAD52E4C2D4E60
:10EC4000276034680A940A9CE407FAD52A4C2F4FAF
:10EC5000284E276034680B940B9CE707FAD5264CA6
:10EC60002B4F244E276034680C940C9CE407FAD593
:10EC7000214C284F1F4E276034680D940D9CE707E8
:10EC8000FAD543EA80101C4B234E1A4C1E6040F00C
:10EC9000104040F4804023680E930E9BDE07FAD5A7
:10ECA000154C1E4B2060134843EA811103680F93F3
:10ECB0000F9BDC07FAD5104C194B0E48216043EA34
:10ECC000821203681093109BD907FAD50A4B0949A1
:10ECD0001A6045F0104545F4A0450B681193119B4F
:10ECE000DB07FAD5044B1D6013B0BDE8F00B70478D
:10ECF00080001829B0B0025080B002508000082176
:10ED0000000108904001089000401829404114215A
:10ED10000021182900311021C0200C2100500C9036
:10ED200000301090564A94B013680193019BDB07A2
:10ED3000FAD5544B5449524A196013680293029B06
:10ED4000D807FAD54F4B51494D4A196013680393C0
:10ED5000039BD907FAD54B4B4D49494A19601368B3
:10ED60000493049BDB07FAD5464B4A49444A196091
:10ED700013680593059BD807FAD5424B4649404A8C
:10ED8000196013680693069BD907FAD53D4B434992
:10ED90003B4A196013680793079BDB07FAD5394B89
:10EDA0003F49374A196013680893089BD807FAD57A
:10EDB000344B3C49324A196013680993099BD907BF
:10EDC000FAD5304B38492E4A196013680A930A9BCA
:10EDD000DB07FAD52B4B3549294A196013680B9389
:10EDE0000B9BD807FAD5274B3149254A1960136880
:10EDF0000C930C9BD907FAD5224B2E49204A196057
:10EE000013680D930D9BDB07FAD51E4B2A491C4A4C
:10EE1000196013680E930E9BD807FAD5194B274932
:10EE2000174A196013680F930F9BD907FAD5154B32
:10EE30002349134A196013681093109BDB07FAD516
:10EE4000104B20490E4A196013681193119BD80783
:10EE5000FAD50C4B1C490A4A196013681293129B8D
:10EE6000D907FAD5074B1949054A19601368139356
:10EE7000139BDB07FAD5034B154A1A6014B0704791
:10EE8000B0B0025080B002508080182980900821D4
:10EE900000210890808024214021089080B02C908F
:10EEA00080700890C0A02821C0A00C90C0421829F2
:10EEB000C0522C2140411421002118290031102179
:10EEC000C0200C2100422C9040520C9080321090B7
:10EED000C0522C902DE9F043FF2993B027D1C3698C
:10EEE00009939B0F012B054604D0734C204613B0A9
:10EEF000BDE8F08309A9FE22FEF746FE0128F4D101
:10EF0000FC244FF0FF394FF016081527142622462F
:10EF100009A92846FEF738FE00EB89030433072BC6
:10EF2000E3D8DFE803F055504B4639341F09634CF2
:10EF3000204613B0BDE8F083CDE905780B230A2203
:10EF4000092108200496CDE90223CDE90001FFF74D
:10EF5000F7FD4FF0FF39023C45D0FFF7E3FEFFF726
:10EF6000E1FED4E7122111204FF0100C069105901C
:10EF70000B230A2209210820CDF810C0CDE9022375
:10EF8000CDE90001FFF7DCFD4FF00009E3E70E21BA
:10EF90000D204FF00C0CE9E70E210D204FF00C0C6A
:10EFA000069105900B230A2209210820CDF810C0F4
:10EFB000C9E70F210C204FF00D0CD7E713211020CB
:10EFC0004FF0110CD2E7132110204FF0110CE7E79E
:10EFD0004FF0170CCDE904760B230A2209210820F3
:10EFE000CDF818C0CAE7224609A92846FEF7CCFD8D
:10EFF000044600287FF479AF0F220C230B200A214E
:10F0000006920593092208230D25CDE90121CDE9BA
:10F01000030500931622172315211420FFF790FDF6
:10F02000274AB9F1000F23D113680E930E9BDD0719
:10F03000FAD5244B2449224A196013680F930F9B79
:10F04000D807FAD51F4B21491D4A19601368109340
:10F05000109BD907FAD51B4B1D49194A1960136833
:10F060001193119BDB07FAD5164B1A4A1A603DE73C
:10F0700013680A930A9BD907FAD5124B1249104A12
:10F08000196013680B930B9BDB07FAD50D4B1249E4
:10F090000B4A196013680C930C9BDF07FAD5094BD8
:10F0A0000E49074A196013680D930D9BDE07FAD5C8
:10F0B000044B0B4A1A6019E70323F0000223F00007
:10F0C000B0B0025080B0025080210229C06128985F
:10F0D0000074208840742488C06158980074508857
:10F0E0004074548800487047707E040000487047A0
:10F0F000A8830400004870478486040000487047D5
:10F1000060890400004870473C8C04000048704748
:10F11000188F040000487047F491040000487047BD
:10F12000D094040000487047AC9704000048704732
:10F13000889A040000487047649D040000487047A6
:10F1400040A004000028B8BF404270470023014699
:10F150001A46184601F0B8BA0A22002101F0A0BAF6
:10F160000A23002201F07CBA08B5074B044613B10C
:10F17000002101F0FFFA054B1868836A03B1984734
:10F18000204604F079FD00BF7507040020A40400A8
:10F1900038B5084B084D5B1B9C1007D0043B1D4441
:10F1A000013C55F804399847002CF9D1BDE83840A6
:10F1B00005F076BB483300204433002001F05CB8F2
:10F1C00070B50D4E0D4D761BB61006D0002455F8C7
:10F1D000043B01349847A642F9D1094E094D761BEC
:10F1E00005F058FBB61006D0002455F8043B013456
:10F1F0009847A642F9D170BD40330020403300202B
:10F200004433002040330020024B0146186800F0D0
:10F2100007BA00BF70310020024B0146186800F0A9
:10F220009DB900BF70310020032A70B515D940EA9E
:10F23000010C1CF0030F04460B4621D11946204651
:10F240000E680568B54204F1040403F1040317D104
:10F25000043A032A20461946F0D8541EA2B100F100
:10F26000FF3C013901E0C3180CD01CF801EF11F884
:10F27000012F9645A4EB0C03F5D0AEEB020070BD58
:10F28000541EECE7184670BD104670BD844641EA36
:10F29000000313F003036DD1403A41D351F8043B0E
:10F2A00040F8043B51F8043B40F8043B51F8043B60
:10F2B00040F8043B51F8043B40F8043B51F8043B50
:10F2C00040F8043B51F8043B40F8043B51F8043B40
:10F2D00040F8043B51F8043B40F8043B51F8043B30
:10F2E00040F8043B51F8043B40F8043B51F8043B20
:10F2F00040F8043B51F8043B40F8043B51F8043B10
:10F3000040F8043B51F8043B40F8043B51F8043BFF
:10F3100040F8043B51F8043B40F8043B403ABDD26E
:10F32000303211D351F8043B40F8043B51F8043B10
:10F3300040F8043B51F8043B40F8043B51F8043BCF
:10F3400040F8043B103AEDD20C3205D351F8043B9F
:10F3500040F8043B043AF9D2043208D0D2071CBF6B
:10F3600011F8013B00F8013B01D30B880380604694
:10F37000704700BF082A13D38B078DD010F003030A
:10F380008AD0C3F10403D21ADB071CBF11F8013B7A
:10F3900000F8013B80D331F8023B20F8023B7BE7C9
:10F3A000043AD9D3013A11F8013B00F8013BF9D2F4
:10F3B0000B7803704B7843708B788370604670478E
:10F3C00088420DD98B1883420AD900EB020CBAB1DE
:10F3D000624613F801CD02F801CD9942F9D1704788
:10F3E0000F2A0ED8034602F1FF3C4AB10CF1010C82
:10F3F000013B8C4411F8012B03F8012F6145F9D131
:10F40000704740EA01039B0750D1A2F1100370B589
:10F4100001F1200C23F00F0501F1100E00F1100492
:10F42000AC441B095EF8105C44F8105C5EF80C5CA0
:10F4300044F80C5C5EF8085C44F8085C5EF8045C18
:10F4400044F8045C0EF1100EE64504F11004E9D115
:10F45000013312F00C0F01EB031102F00F0400EB6B
:10F46000031327D0043C24F003064FEA940C1E44F7
:10F470001C1F8E465EF8045B44F8045FB442F9D169
:10F480000CF1010402F0030203EB840301EB84019D
:10F4900002F1FF3C4AB10CF1010C013B8C4411F824
:10F4A000012B03F8012F6145F9D170BD02F1FF3C3A
:10F4B00003469BE72246EBE7830730B548D0541E4E
:10F4C000002A3FD0CAB2034601E0013C3AD303F818
:10F4D000012B9D07F9D1032C2DD9CDB245EA052585
:10F4E0000F2C45EA054536D9A4F1100222F00F0C85
:10F4F00003F1200EE6444FEA121C03F1100242E928
:10F50000045542E9025510327245F8D10CF101025E
:10F5100014F00C0F03EB021204F00F0C13D0ACF13B
:10F52000040323F003030433134442F8045B9342BF
:10F53000FBD10CF003042CB1CAB21C4403F8012B1C
:10F540009C42FBD130BD64461346002CF4D1F9E750
:10F5500003461446BFE71A46A446E0E7002958D000
:10F5600030B551F8043C83B0002BA1F10404B8BFBE
:10F57000E418019002F0BCFB284A0198136833B1EB
:10F58000A3420DD9216804EB010C63452FD06360C1
:10F59000146003B0BDE8304002F0ACBBA34210D809
:10F5A0001A465B68002BF9D1116802EB010C644527
:10F5B00019D02FD36360546003B0BDE8304002F02F
:10F5C00099BB116802EB010CA44516D022D8216822
:10F5D00004EB010C6345EDD11D685B682944C4E967
:10F5E00000135460D5E7236819441160D1E71D6802
:10F5F0005B682944C4E90013CAE72468214454180D
:10F60000A3421160C5D1D3E900432144C2E90013EC
:10F61000BFE770470C230360BBE700BF6485002091
:10F62000F8B5CD1C25F0030508350C2D38BF0C2589
:10F63000002D064623DBA94221D8254F02F058FBB6
:10F640003A6822B3144603E063682246FBB11C46C5
:10F6500023685B1BF8D40B2B15D8636894420CBF4E
:10F660003B605360304602F045FB04F10B00231D64
:10F6700020F00700C21A01D01B1AA350F8BD0C23BA
:10F6800033600020F8BD23601C442560EAE77968F8
:10F69000C9B12946304600F0A1FD431C0CD0C41C62
:10F6A00024F00304A04205D0211A304600F096FD54
:10F6B000013001D02560D5E70C233046336002F0DD
:10F6C00019FB0020F8BD304600F088FD7860E0E7C7
:10F6D000648500202DE9F04757EC106B84B0002FB3
:10F6E0000C46DDE90CA9904619465FDB0025B9F10F
:10F6F000660F0D701AD0B9F1460F17D029F020030C
:10F70000452B36D003AA019202AA009247EC106B57
:10F7100053462246022101F04BF9B9F1670F054625
:10F7200034D118F0010F34D1039B1BE003AB0193DC
:10F7300002AB009347EC106B53462246032101F0C5
:10F7400037F9054600EB04082B78302B33D0DAF874
:10F7500000404444304639460022002304F0B2FE03
:10F76000C8B123460E9A5B1B2846136004B0BDE85F
:10F77000F08703AA0192013402AA009247EC106BB1
:10F7800053462246022101F013F90546B9F1470F0D
:10F79000C7D02C44DEE7039B9C42E3D930215A1C9E
:10F7A00003921970039BA342F9D3DBE707F10043EF
:10F7B0002D251F469BE7002200233046394604F0E2
:10F7C00081FE0028C3D1C4F10104CAF80040C0E79B
:10F7D000F0B5002983B002703FDB841C2B2309297C
:10F7E000437030DD0DF107051F4FAC4687FB01323A
:10F7F000CB17C3EBA20303EB8302A1EB42020E463D
:10F800003032632EE6460CF8012C19460CF1FF3C11
:10F81000ECDC3031AEF10203C9B29D420CF8011CA0
:10F820001FD96346224601E013F8011B02F8011BB1
:10F83000AB42F9D10DF10903A3EB0E0EA644AEEBDA
:10F84000000003B0F0BD3023A64619440EF8023B79
:10F850006170AEEB000003B0F0BD4942841C2D2363
:10F86000BDE7A646F5E700BF676666662DE9F04F7F
:10F870002DED028B8DB00C46DDF8608016461F46DC
:10F88000054602F0DDF90368184608EE103A00F06C
:10F89000B7FD00230A93D8F800300790073323F010
:10F8A000070303F10802D4F800B094F818A0C8F8D0
:10F8B0000020D3E9008929F000430593CDF810809A
:10F8C000C4E91289DDE90401A74B4FF0FF3204F0CF
:10F8D0002BFE48B9DDE90401A34B4FF0FF3204F0E1
:10F8E00005FE002800F0928042464B4640464946BD
:10F8F00004F01AFE002840F0348261684B1C2DD0C1
:10F90000BAF1670F68D0BAF1470F65D04BF4806247
:10F910000023226003930AAB029309AB49EC108BDE
:10F920000093CDF804A00DF123032846FFF7D2FE83
:10F930008046BAF1650F099934D80139524604F16D
:10F9400050000991FFF744FF0A9A1318012A8146D3
:10F95000236140F37E810133236135E0062161603C
:10F960004BF480620023226003930AAB029309AB3D
:10F9700049EC108B0093CDF804A00DF12303284629
:10F98000FFF7A8FE0AF0DF03472B8046D1D1099983
:10F99000C81C80F2FE80AAF1020A5FFA8AFABAF164
:10F9A000650FCAD9BAF1660F00F0FA800A9B8B4244
:10F9B00040F301810029D4BFC1F1020201221344A6
:10F9C0002361A1654FF000099DF82330002B35D04D
:10F9D0002D2384F8433031E0002900F023814BF4DB
:10F9E00080620023226003930AAB029309AB49ECC7
:10F9F000108B0093CDF804A00DF123032846FFF7E8
:10FA000069FE09998046C81CC5DBC2E040464946EC
:10FA10000022002304F060FD10B12D2384F8433050
:10FA2000524B53482BF00402BAF1470F94BF98464B
:10FA300080460323226023614FF00009009733467C
:10FA40000BAA2146284600F0ABF9013025D02368E7
:10FA5000580531D42369424631462846B84701301B
:10FA60001BD02368E06813F0020F0B9B1CD0C21A56
:10FA7000002A19DD04F119094FF0000804E0E068DC
:10FA80000B9BC21A42450FDD01234A4631462846E8
:10FA9000B847013008F10108F1D14FF0FF300DB047
:10FAA000BDEC028BBDE8F08F9842B8BF18460DB090
:10FAB000BDEC028BBDE8F08FBAF1650F32D9D4E905
:10FAC00012010022002304F0FDFC00287BD0294A0B
:10FAD000012331462846B8470130DED0DDE909234D
:10FAE0009A4202DB2368D907BCD5079B18EE102A7F
:10FAF00031462846B8470130CFD00A9B012BB0DDF4
:10FB000004F11A094FF0000803E00A9B013B43454A
:10FB1000A7DD01234A46314628469844B8470130BC
:10FB2000F3D1BAE70A9A012A7FDD01234246314622
:10FB30002846B8470130B0D0079B18EE102A31464E
:10FB40002846B8470130A8D0D4E91201002200238A
:10FB500004F0B8FC002877D00A9B012B70DD04F17B
:10FB60001A0A4FF000080BE0FFFFEF7F24A4040007
:10FB700028A4040034A404000A9B013B43455FDD34
:10FB800001235246314628469844B8470130F3D104
:10FB900083E7636899423FF7FEAE4FF0670A05E7D7
:10FBA00000295BDD63682161002B00F0898001334F
:10FBB0000B44236105E723682161DB077FF501AF73
:10FBC0004B1C2361FDE6099B002B4FDD0A9BD4F8FB
:10FBD00058A05345A8BF5346002B9B4608DD42461C
:10FBE00031462846B84701303FF457AFD4F858A003
:10FBF0002BEAEB7BAAEB0B03002B6EDD04F11A0260
:10FC00004FF00009924604E0A36DA3EB0B024A45B6
:10FC100062DD01235246314628469944B8470130F7
:10FC2000F2D13AE7012161609AE6DB073FF57DAF4B
:10FC30004246012331462846B84701303FF42DAFF4
:10FC40004B4604F1500207E70A9B08F10102013B11
:10FC5000F0E72268D2077FF5B7AE7CE66368002B39
:10FC600033D12268D20730D40123A9E6494A0123BF
:10FC700031462846B84701303FF40FAFDDE909238C
:10FC8000134324D0079B18EE102A31462846B84764
:10FC900001303FF402AF099B002B77DA04F11A0A16
:10FCA0004FF0000903E0099B5B424B456EDD0123E9
:10FCB0005246314628469944B8470130F3D1ECE624
:10FCC0002268D0077FF57DAE71E7023378E62368BE
:10FCD000DA077FF5C7AED5E79A46DDE909218A4202
:10FCE00002DB2368D8070AD5079B18EE102A314695
:10FCF0002846B84701303FF4D0AEDDE90921A1EB39
:10FD00000A098A1A9145A8BF9146B9F1000F0BDD87
:10FD100008EB0A024B4631462846B84701303FF40B
:10FD2000BCAEDDE90932D21A29EAE979A2EB09036E
:10FD3000002B7FF796AE04F11A0A4FF0000807E097
:10FD4000DDE909239B1AA3EB090343457FF789AE3D
:10FD500001235246314628469844B8470130EFD136
:10FD60009BE64B46002BBCBF2D2384F843302BF081
:10FD70000403094A2360094BBAF1470F94BF904628
:10FD80009846032323614FF0000957E60A9B424639
:10FD900062E600BF34A404002CA4040030A40400D4
:10FDA0002DE9F84F92461F460A698B68DDF82890C6
:10FDB0009A42B8BF1A46CAF8002091F843300C4660
:10FDC000064613B10132CAF80020226891065DD5BB
:10FDD000DAF800300233CAF80030226812F0060F59
:10FDE00011461ED1E168CB1A002BD8BF114618DD91
:10FDF00004F1190B4FF0000805E0E568DAF800306F
:10FE0000ED1A45450CDD01235A4639463046C847B0
:10FE1000013008F10108F0D14FF0FF30BDE8F88F54
:10FE2000216894F84330003B18BF01238A060AD5A5
:10FE3000E1185A1C302081F84300224494F8451000
:10FE400082F84310023304F1430239463046C84772
:10FE50000130E1D0236803F00603042B1DD0A36812
:10FE60002269934225DD4FF000089B1A98441A340A
:10FE7000002501E045451CDA01232246394630467B
:10FE8000C847013005F10105F4D1C5E712F0060FAE
:10FE900012D0003B18BF0123D5E7DAF80030E16843
:10FEA0002269C91AA368934221EAE178DDDC0029BE
:10FEB000DDDC0020BDE8F88FE168DAF80030CB1A0D
:10FEC000002BD8BF114693DCABE700BF2DE9F0470C
:10FED0000C4684B09046227E0C990746994604F160
:10FEE0004300002A33D0A2F15803DDB2202D67D899
:10FEF000202B65D8DFE813F0DE00640064006400A6
:10FF00006400640064006400640064006400A30092
:10FF10006E0064006400640064006E0064006400AD
:10FF20006400640021007F00C00064006400AE0033
:10FF300064007F0064006400E50023681A0640F155
:10FF400004810B6862691D1D0D601B681A60002327
:10FF500082462361CDF80090434603AA21463846E5
:10FF6000FFF71EFF013020D0236952464146384634
:10FF7000C847013019D02368E068039E9B0719D554
:10FF8000831B002B16DD04F1190A002504E0E0684C
:10FF9000039E831BAB420DDD01235246414638468A
:10FFA000C847013005F10105F1D14FF0FF3004B031
:10FFB000BDE8F087B042B8BF304604B0BDE8F08776
:10FFC000012384F84220236104F1420A002384F8CB
:10FFD0004330BFE723681A0602D45E0600F1C180F1
:10FFE0000D682A6804350D601546002A6BDBDFF8C2
:10FFF00084C10A2610E023681D0640F19C800B682E
:020000024000BC
:100000001D1D0D601D68DFF86CC16F2A0CBF08262E
:100010000A26002384F843306268A260002A7FDB4E
:10002000236823F004032360002D5BD1002A79D1DB
:100030008246082E65D0A0EB0A0020618AE70B6893
:100040000122186804330B6004F1420A84F842006C
:100050002261BBE70B686268181D0860D3F800A036
:100060000021504601F0F4FD002800F08180A0EB53
:100070000A0060602061A9E7236843F02003236041
:100080007822DFF8F4C084F845200A68151D0D6059
:100090001D0643D4590641D51588DE0744BF43F0F9
:1000A00020032360002D44D1236823F02003236024
:1000B0001026AEE7582384F84530DFF8B8C023682F
:1000C000E3E72368DCE76268A2602D21002AC5F11E
:1000D000000584F8431002DB23F004032360DFF8FB
:1000E00094C00A268246B5FBF6F306FB13512A4656
:1000F0001CF801100AF8011DB2421D46F3D2082E69
:1001000099D12368D90796D5626823699A4292DC0F
:1001100030230AF8013C0AF1FF3A8CE71568BCE786
:10012000002DDFD19CF8003084F8423004F1420AFF
:100130007FE710266DE713F0400F0B6803F104050D
:100140000D600CBF1D681D885DE713F0400F0B6844
:10015000626903F104050D601B6814BF1A801A6000
:10016000F5E60A68B2F9005004320A602A463CE714
:1001700060687FE738A404004CA404000EB410B5F6
:10018000044683B008B183695BB106ABA168059AE8
:100190000193204602F098FD03B0BDE8104003B083
:1001A000704701F0C5FCF0E70FB410B50A4B1C68AE
:1001B00082B00CB1A3695BB105ABA168049A01934D
:1001C000204602F081FD02B0BDE8104004B0704747
:1001D000204601F0ADFCEFE77031002038B5074D47
:1001E0000022044608462A6003F030FD431C00D07C
:1001F00038BD2B68002BFBD0236038BDFC85002068
:100200000CB410B59CB01EAB6FF00044CDE90614E1
:100210000291084953F8042B059102A90193049413
:1002200002F0F4FB029B00221A701CB0BDE81040E3
:1002300002B070470802FFFF0EB410B59DB06FF01A
:1002400000411FABCDE906010491094953F8042B85
:100250000290084C0868019302A9059402F0D6FBAD
:10026000029B00221A701DB0BDE8104003B0704719
:10027000703100200802FFFF11F0FF01034644D057
:10028000820732D110B5046841EA012E4EEA0E4EC3
:100290008EEA0402A2F1013323EA0203A4F101323F
:1002A00022EA0402134313F0803F0FD150F8044FA9
:1002B00084EA0E0CA4F10133ACF1013223EA040309
:1002C00022EA0C02134313F0803FEFD0037823B9E6
:1002D00036E010F8013F002B32D09942F9D110BD21
:1002E0008A4211D09A071846CCD0184613F8012B31
:1002F000002AF5D1104670479907184607D01846CE
:1003000001330278002AF7D170478207F7D10268DB
:10031000A2F1013323EA020313F0803F08D150F821
:10032000042FA2F1013323EA020313F0803FF6D039
:100330000378002BE8D010F8013F002BFBD1704769
:10034000184610BD80EA0102844612F0030F4FD117
:1003500011F0030F32D14DF8044D11F0040F51F894
:10036000043B0BD0A3F101329A4312F0803F04BF4B
:100370004CF8043B51F8043B16D100BF51F8044B34
:10038000A3F101329A4312F0803FA4F101320BD164
:100390004CF8043BA24312F0803F04BF51F8043BE9
:1003A0004CF8044BEAD023460CF8013B13F0FF0F46
:1003B0004FEA3323F8D15DF8044B704711F0010F79
:1003C00006D011F8012B0CF8012B002A08BF70474A
:1003D00011F0020FBFD031F8022B12F0FF0F16BF41
:1003E0002CF8022B8CF8002012F47F4FB3D1704709
:1003F00011F8012B0CF8012B002AF9D1704700BF2E
:1004000090F800F06DE9024520F007016FF0000C54
:1004100010F0070491F820F040F049804FF00004FC
:100420006FF00700D1E9002391F840F000F10800D7
:1004300082FA4CF2A4FA8CF283FA4CF3A2FA8CF30F
:100440004BBBD1E9022382FA4CF200F10800A4FA76
:100450008CF283FA4CF3A2FA8CF3E3B9D1E90423CA
:1004600082FA4CF200F10800A4FA8CF283FA4CF301
:10047000A2FA8CF37BB9D1E9062301F1200182FABB
:100480004CF200F10800A4FA8CF283FA4CF3A2FAC1
:100490008CF3002BC6D0002A04BF04301A4612BACF
:1004A000B2FA82F2FDE8024500EBD2007047D1E9D2
:1004B000002304F00305C4F100004FEAC50514F061
:1004C000040F91F840F00CFA05F562EA05021CBF32
:1004D00063EA050362464FF00004A9E730B540EA3D
:1004E0000104A30701D1032A0FD8844601F1FF3E7E
:1004F00007E01EF8011F03F8011B541EC1B19C4602
:1005000022466346002AF4D130BD0B468446194684
:1005100053F8045BA5F1013424EA050414F0803F8C
:10052000E4D1043A032A4CF8045B1946EFD8DDE71E
:100530006244002CE8D003F8011B9342FBD130BD8C
:100540002DE9F04F814645488E4675461EF801CB91
:1005500010F80C4014F00804F7D1BCF12D0FE3465D
:1005600054D0BCF12B0F08BF9EF800B06FF00048CC
:1005700008BF05F1020E1BB1102B4FD01F4604E03F
:10058000BBF1300F55D00A231F460025B8FBF7F604
:10059000284607FB168A07E0864215D329D007FBB9
:1005A00000C001251EF801BBABF1300CBCF1090FF6
:1005B00006D9ABF1410CBCF1190F08D8ABF1370CDF
:1005C00063450DDD002DE7DA4FF0FF35EAE7ABF1CB
:1005D000610CBCF1190F03D8ABF1570C6345F1DC8A
:1005E000002D0BDB04B140420AB195BB1160BDE8A0
:1005F000F08FE245D3DA4FF0FF35D3E72223C9F875
:1006000000301AB30EF1FF314046EFE79EF800B01C
:100610004FF0004805F1020E0124ACE7BBF1300FAA
:10062000ACD19EF8000000F0DF00582807D01F462C
:10063000ABE79EF8003003F0DF03582B0BD11027F7
:100640009EF801B03B460EF1020E9EE74046BDE823
:10065000F08F8046D6E708231F4696E71DA30400C7
:10066000012B02D0242B00D86AE710B501F05EF907
:1006700016230360002010BD012A08D0242A06D8C2
:1006800084460648134600680A46614658E710B596
:1006900001F04CF916230360002010BD70310020DA
:1006A000012A08D0242A06D8844606481346006842
:1006B0000A46614644E710B501F038F91623036095
:1006C000002010BD70310020F0B5264C256885B0A3
:1006D000064605B36C681F2C41DCA6B1D5F888002E
:1006E00048B3D0F8007140F824204FF0010C0CFA08
:1006F00004FC00EB84024CEA0707022EC0F80071EC
:10070000C2F8803010D0A31C01346C6045F823106F
:10071000002005B0F0BD1448144D25600028D9D044
:100720000068C5F88800D5E7D0F8043143EA0C0327
:10073000C0F80431E7E70E480191CDE9022370B11A
:100740004FF48470FEF760FD48B10027C0E94077A0
:10075000DDE902236C680199C5F88800C3E74FF012
:10076000FF30D6E7F8850020000000006C850020EF
:1007700009F203002DE9F84FDFF8BCA0DAF80070A9
:100780002DED028BE7B108EE100A89467D68D7F897
:1007900088806C1E14D407EB8506043608EB8505AB
:1007A000B9F1000F10D0B8F1000F02D0EB6F4B453C
:1007B0000AD0013C631CA5F10405A6F10406EFD1A3
:1007C000BDEC028BBDE8F88F7B683268013BA34229
:1007D00016BF00237C603360002AEAD0D7F804B04B
:1007E000B8F1000F1AD0D8F80001012303FA04F180
:1007F000014213D0D8F80401014218D155F8041C65
:1008000018EE100A90477A685A450BD1DAF8003092
:10081000BB42CED01F46002FB8D1D1E790477A68AF
:100820005A45F3D0DAF80070002FAFD1C8E755F879
:10083000040C9047E7E700BFF885002000B50B4C9B
:1008400025681446EE681A4685B003460D464CB13D
:1008500007490095CDE901143046064901F096F9A3
:1008600002F0C6FC04490C46F3E700BF70310020DB
:1008700060A4040070A40400807A040008B5134644
:100880000022FFF7DBFF00BF2DE9F04F03690C6981
:10089000A34283B0C0F28780013C01F11405A3009C
:1008A00000F11408009355F8243058F8242001333F
:1008B00081469A4208EB840005EB84070190B2FB65
:1008C000F3F63BD30023AE4640469B465EF804ABAE
:1008D00002681FFA8AFC06FB0C334FEA134C4FEAFE
:1008E0001A4A06FB0ACA1FFA83FCABEB0C0C1FFA70
:1008F0008AF31CFA82FCC3EB124202EB2C421FFA71
:100900008CFC4CEA0243774540F8043B4FEA224B0B
:100910004FEA1A43DAD2009B58F8033073B9019BAF
:10092000043B984504D307E0984504F1FF3403D213
:1009300053F80429002AF7D0C9F81040484601F0BE
:10094000E3FC00282BDB01364046002355F8041B4E
:10095000D0F800C08AB29A1A0B0C12FA8CF2C3EBD0
:100960001C4303EB224392B242EA0342AF4240F8F7
:10097000042B4FEA2343E9D258F8242008EB8403E0
:100980006AB9043B984504D307E0984504F1FF3465
:1009900003D253F80429002AF7D0C9F81040304692
:1009A00003B0BDE8F08F002003B0BDE8F08F00BFBA
:1009B0002DE9F04F2DED068B466A95B08DED020BBB
:1009C000249C019159EC108B054609920693002E48
:1009D00000F00683316849B172684A600123934090
:1009E0008B6001F0C9F96B6A00221A60B9F1000A44
:1009F000B4BF0123002323607B4BBCBF2AF0004A15
:100A0000CDF80CA033EA0A0300F0B2809DED027B22
:100A1000002251EC170BB0EE479AF0EE679A0023D4
:100A200003F050FD074680B1069A01231360259B11
:100A3000002B00F0EF826D481860431E0093009871
:100A400015B0BDEC068BBDE8F08F12AA13A928469D
:100A5000B0EE490AF0EE690A01F0AEFDB0EE498A47
:100A6000F0EE698A5FEA1A56044640F09980DDE9A3
:100A700012763E4406F23240202840F3BF83C0F194
:100A800040000AFA00FA06F2124028FA00F04AEA98
:100A9000000003F035FA0123013E0D93A1F1F87136
:100AA000534B002203F0EEF849A3D3E9002303F0EF
:100AB000A1FA49A3D3E9002303F0E6F880463046C3
:100AC000894603F02DFA46A3D3E9002303F092FAF6
:100AD00002460B464046494603F0D6F88046894612
:100AE00003F038FD0022834600234046494603F0C8
:100AF000F3FC002840F08182BBF1160F00F2638204
:100B00003C4B03EBCB03D3E9002351EC190B03F06F
:100B1000E3FC002874D00023BE1B0C93731E0BF162
:100B2000FF3B049300F1568200230893BBF1000FB2
:100B30006DDA089BCDF814B0A3EB0B030893CBF14F
:100B400000030B93019B092B4FF0000B68D8052B7A
:100B500040F35283043B01930026019B023B032B8D
:100B600000F2AC86DFE813F0650462045A043C042A
:100B7000069A42F20F73CAF3130A13605AEA080383
:100B80001DD1259B002B00F095861B4B009308334D
:100B9000259A0098136015B0BDEC068BBDE8F08F68
:100BA00018EE903AC3F3130351EC190B43F07F5145
:100BB0000D97A6F2FF36129F41F4401170E7259B76
:100BC000002B40F0F0830D4B009338E7AFF300802B
:100BD00061436F63A787D23FB3C8608B288AC63F43
:100BE000FB799F501344D33F0000F07F35A40400ED
:100BF0000000F83FB8A50400A0A40400ACA40400C1
:100C0000BE1B731E049300F1D9840C900890049BC2
:100C10005B44CDE9043B00230B93019B092B96D940
:100C2000002301264FF0FF3201930A9607920993A1
:100C30006B6A00215960079B0F93284601F05CF80E
:100C40000090002800F043866B6A009A1A60079BA8
:100C50000E2B00F2F980002E00F0F6800599002995
:100C600040F38084BD4B01F00F0203EBC2034FEA57
:100C70002118C905D3E9006740F11384B84B51EC42
:100C8000190BD3E9082303F0DFFA41EC180B08F045
:100C90000F084FF0030AB8F1000F13D0DFF8C0922D
:100CA00018F0010F09D030463946D9E9002303F086
:100CB000A1F90AF1010A06460F465FEA680809F140
:100CC0000809EDD151EC180B32463B4603F0BCFA53
:100CD00041EC1A0B0C9B5BB157EC1A6BA14B1AEE53
:100CE000100A0022394603F0F7FB002840F06C851B
:100CF000504603F015F953EC1A2B03F07BF99A4B8D
:100D0000002202F0C1FF079B8046A1F15079002B21
:100D100000F00484059B1093079B0E930A9B002B05
:100D200000F0D6840E9A8D4B9049DDF800A003EBBD
:100D3000C20353E90223002003F086FA42464B46E1
:100D400002F0A0FF59EC1A8B41EC180B49461AEE41
:100D5000100A03F0FFFB074603F0E2F802460B46D9
:100D60001AEE100A494602F08DFF30370AF8017B6F
:100D700053EC182B06460F4603F0AEFB002840F05C
:100D800067854FF000080AEE104A0AEE905ACDF837
:100D900044B0554644465BEC18AB2AE00E9B013448
:100DA0009C424BDA724B50465946002203F022F91E
:100DB0006F4B002282468B463046394603F01AF9C3
:100DC0008946804603F0C6FB074603F0A9F80246B1
:100DD0000B464046494602F055FF303705F8017B87
:100DE00052465B4606460F4603F076FB002840F06D
:100DF0002A8532463B465B49002002F043FF5246BB
:100E00005B4603F069FB0028C8D0109B009A05934D
:100E1000AA461AEE104A1AEE905A02E0524500F025
:100E2000FC84D1461AF8013D392BF7D00133DBB2EF
:100E30008AF80030059B01330593BEE1DDF844B02C
:100E40001AEE104A1AEE905A139B002BC0F29480AF
:100E5000059A0E2A00F39080404B03EBC203D3E9BE
:100E60000089099B002B1BDA079B002B18DC40F044
:100E70006E83404B00224046494603F0BBF80246D1
:100E80000B4651EC190B03F031FBDDF81CA0564664
:100E9000002800F0E682099BDDF80080DF43E8E2ED
:100EA00042464B4651EC190B03F0CEF903F052FBCE
:100EB0000646834603F034F842464B4603F09AF860
:100EC0000B46024651EC190B02F0DCFEDDF800A0E7
:100ED000334630330AF8013B079B012B00F09F8318
:100EE0004FF0010B08EE104A08EE905A54461D468A
:100EF000DA461DE042464B463046394603F0A4F937
:100F000003F028FB834603F00BF842464B4603F000
:100F100071F80AF1010A0B4602463946304602F0E2
:100F2000B1FE0BF13003AA4504F8013B00F07283D7
:100F30000F4B002203F05EF80022002306460F4606
:100F400003F0C0FA0028D5D0A24618EE905A18EE49
:100F5000104A059B01330593D1462EE1B8A5040044
:100F6000A8A604000000F03F00001C400000E03F85
:100F700000002440000014400A9A002A52D0019A2E
:100F8000012A40F3A682079B03F1FF380B9B4345E0
:100F900080F284820B9BCDF82C80A8EB03039B444A
:100FA0004FF00008079B002BC0F27183049A1A448B
:100FB0000492089A17461A4408920121284600F024
:100FC000FBFF064632E00123BE1B0C93731E049305
:100FD0007FF5AAADC6F10103089300230493A5E5AC
:100FE0001020FEF711F902466862002800F05D84C7
:100FF000C0E901660660C660F8E4584602F090FF5A
:1010000042464B4603F05EFA00287FF475AD0BF1C3
:10101000FF3B71E5874B0093009815B0BDEC068B44
:10102000BDE8F08FDDF82C80089F0A9E002F0CDDB4
:10103000049A002A09DD0899BA421346A8BF3B4624
:10104000C91AFF1AD31A089104930B9BDBB10A9BB0
:10105000002B00F08082B8F1000F0FDD31464246D0
:10106000284601F06DF8224601460646284600F063
:10107000B9FF21460446284600F07EFE0B9BB3EBE9
:10108000080240F0FE820121284600F095FFBBF1E6
:10109000000F824600F3B780019B012B40F388814B
:1010A0004FF000080120BBF1000F40F0B880049A17
:1010B000104410F01F0000F09680C0F12003042BB4
:1010C00040F30C84089BC0F11C00034402440893C5
:1010D00007440492089B002B05DD21461A4628464A
:1010E00001F09EF80446049B002B05DD51461A468C
:1010F000284601F095F882460C9B002B40F0388181
:10110000079B002B40F31F810A9B002B40F0A2801D
:10111000059B01330593DDF80080DDF81C90012765
:1011200007E0214600230A22284600F049FE013745
:10113000044651462046FFF7A7FB4F4500F130001B
:1011400008F8010BEDDB079A002AC8BF9346009A06
:10115000D8BF4FF0010B03469344002721460122DC
:101160002846019301F05CF85146044601F0CCF8A2
:10117000002840F3A3811BF8013C009A0BF1FF3BD0
:1011800004E05A4500F0B5811BF8013D392B0BF105
:101190000109F6D001338BF800305146284600F0A3
:1011A000EBFD56B12FB1B74203D03946284600F0C7
:1011B000E3FD3146284600F0DFFD2146284600F0D9
:1011C000DBFD002389F80030DDE905231A60259B4B
:1011D000002B3FF434AC0098C3F8009015B0BDEC80
:1011E000068BBDE8F08F1C20089B03440893049BEA
:1011F0000344074404936DE70126AEE4C0F12000E8
:1012000008FA00F045E401465A46284600F098FFE7
:10121000019B012B824640F3D3814FF00008DAF89E
:1012200010300AEB8303186900F076FEC0F120004D
:101230003DE700BF34A40400314600230A222846BB
:1012400000F0BEFD0F9B002B064640F31F83CDF838
:1012500014900793002F00F31A81B8F1000F40F0AB
:10126000F981B046029B009F079903F001027B1EA3
:101270001944019B0A921343089109935146204651
:10128000FFF702FB31468346204601F03DF8424617
:1012900051468146284601F059F8C26801460BF1D3
:1012A0003003002A42D104902046079301F02CF825
:1012B00004990290284600F05FFD029A079B1AB934
:1012C0000999002900F0D482B9F1000FC0F284819D
:1012D000019949EA01090A9951EA090100F07C8162
:1012E000002A00F3D881089A3B7007F10109974260
:1012F000CB4600F0E381214600230A22284600F075
:101300005FFD4645044631464FF000034FF00A02A8
:10131000284612D000F054FD4146064600230A221A
:10132000284600F04DFD4F468046A7E72846029329
:1013300000F022FD029B0122C6E700F041FD4F466E
:10134000064680469AE7019B022B79DC0A9B002B1C
:1013500080D1059B5146013320460593FFF794FA4F
:10136000DDF800B000F130030BF8013B0027F5E693
:101370005146204600F0C8FF0028BFF6C1AE214606
:1013800000230A22284600F01BFD059B03F1FF39CC
:101390000A9B0446002B7FF44FAF0F9B002B40F3BA
:1013A0006E820793B7E6BF4B00930333FFF7F0BBA2
:1013B000DDE9021200297FF473AEC2F31303002BA0
:1013C0007FF46EAEB84B1340002B00F03A82089BBE
:1013D00001330893049B013304934FF0010861E645
:1013E00001230A93099B059A13440F930133012BA0
:1013F00018460793B8BF01206F6A0021172879604B
:101400007FF71BAC012204235B0003F1140C84451D
:10141000114602F10102F7D979600EE401230A9323
:101420000998002845DD0F900790E5E700230A930F
:10143000D8E700230A93F3E70F9BCDF814900793A6
:10144000079B002B7FF427AD51460522284600F06C
:10145000B7FC01468246204600F056FF00287FF781
:101460001AAD0098059F3123804600F8013B0137F3
:1014700000905146284600F07FFC7B1CDDF8009070
:101480000593CDF80080002E7FF493AE95E63146AB
:101490003A46284600F0C4FE0646DEE6A3EB0808FE
:1014A00080E54FF0020AB0EE498AF0EE698AFFF754
:1014B000F2BB012309930793FFF7BABB03D1019B4A
:1014C000DB073FF558AED9461BF8013D302BFAD06B
:1014D00063E60D9A002A00F0F78003F23343049A82
:1014E000DDF82C801A440492089A17461A44089290
:1014F00063E5059B009A01330593312313704CE695
:10150000504602F00DFD53EC1A2B02F073FD674BB1
:10151000002202F0B9FB8046A1F15079644B002211
:1015200051EC1A0B02F0AEFB42464B4606460F4604
:1015300002F0F0FF002840F08081304639464246F4
:1015400009F1004302F0C8FF00283FF47DAC4FF0E2
:10155000000A56469FE421460B9A284600F0F0FD0B
:10156000044690E500F02881059A524B564206F059
:101570000F0203EBC203D3E9002351EC190B02F075
:1015800039FD361141EC1A0B00F08B814A4F0023D4
:101590004FF0020AF20706D5D7E9002302F02AFD30
:1015A0000AF1010A0123761007F10807F2D1002B96
:1015B0003FF490AB41EC1A0BFFF78CBB0C9009E5A4
:1015C000029B002B7FF429AEDDE90212C2F3130364
:1015D000002B3FF4F7AE20E6002A12DD214601225F
:1015E0002846019300F01CFE5146044600F08CFE94
:1015F0000028019B40F33681392B00F014810BF158
:101600003103B94609F8013B059B01333746059381
:101610004646C2E5A24618EE905A18EE104A024617
:101620000B4602F031FB42464B4606460F4602F09F
:1016300071FF60B942464B463046394602F042FFE0
:1016400000283FF486AC5FEACB717FF582AC009A4C
:10165000FFF7E7BB7168284600F04EFB07460028FD
:1016600000F04181336902339A0006F10C010C301D
:10167000FDF70CFE39460122284600F0D1FD8046D8
:10168000F0E52146284600F05BFD0446FBE4DDE979
:1016900007239F1A91E4392B00F0C580B946013326
:1016A000B0E700BFACA404000000F07F00001C40C5
:1016B00000001440B8A50400A8A60400059A013251
:1016C00037460592464649E5129BC3F1360306E7C5
:1016D0000E988E4901EBC00142464B4651E902018A
:1016E00002F088FC5AEC1A9B41EC180B51461AEE9A
:1016F000100A02F02FFF074602F012FC02460B46CA
:101700001AEE100A514602F0BDFA06460E98DDF8B0
:1017100000803037012808F8017B0F4600F0BF80B9
:101720000E9B009ACDF838B013449B46C246784BC6
:1017300000223046394602F05DFC8946804602F0C0
:1017400009FF074602F0ECFB303702460B464046E5
:10175000494602F097FA0AF8017BDA4506460F4639
:10176000E5D1DA46DDF838B06A4B59EC188B002227
:1017700018EE100A494602F087FA32463B4602F05C
:10178000ABFE002869D118EE102A4B4661490020B3
:1017900002F078FA32463B4602F0BCFE00283FF4E5
:1017A00053ABD1460AF1FF3A19F8013C302BF8D07F
:1017B000109B0133059300E54FF0020AB0EE49AAF1
:1017C000F0EE69AAFFF786BA079B002B3FF498AEAC
:1017D0000F9B002B7FF738AB059A0E93013A4C4BC9
:1017E00010921AEE100A3946002202F003FC02465B
:1017F00016460F460AF1010002F092FB32463B46C4
:1018000002F0F8FB444B002202F03EFA47EC1A6B60
:101810008046A1F15079FFF781BA059B013305930A
:101820003123FFF705BB059BBB46013305933923E5
:1018300037460BF8013B46469FE44FF0000A5646F8
:101840000FE698462EE4AA461AEE104A1AEE905A6F
:10185000109B01330593D146AFE4109B009A05938A
:10186000FFF7DFBA7FF4CDAEDA077FF5CAAEC3E685
:10187000392BD8D0B9F1000F3FF7C1AEC1E6019BBB
:10188000022B3FF7D9ADCDF8149062E5019B022BF6
:101890003FF7D2AD0F9BCDF814900793DAE4C24620
:1018A00062E74FF0020AFFF715BA1C4B1C48EA2109
:1018B000FEF7C4FF1B4B0093FFF7C1B86B6A00260D
:1018C0005E603146284600F017FA009090B9164B3A
:1018D000134800224FF4D571FEF7B0FF3FF4FAAB86
:1018E000C0F13C0080E4104B0D483A4640F2EA213A
:1018F000FEF7A4FF6B6A009A1A604FF0FF330122D3
:1019000009960F930A920793FFF79EBAB8A50400B1
:10191000000024400000E03F00001C40B0A4040090
:10192000C8A40400A0A40400FCA40400014B18688F
:10193000704700BF7031002000207047014900F05F
:1019400059B900BF393304000020704770B56822D0
:101950004D1E02FB05F50E4605F17401FDF760FE14
:10196000044640B100210C30C4E90016A06005F126
:101970006802FDF7A1FD204670BD00BF274B2DE991
:10198000F0411E68B369074653B348364FF0040868
:10199000D6E90134013B04D51EE05A1C04F1680469
:1019A0001AD0B4F90C50013B002DF6D11C4B6566E2
:1019B000C4E90055C4E90253C4E90455A5610822ED
:1019C000294604F15C00FDF777FDC4E90D55C4E933
:1019D00012552046BDE8F08135682DB12E46D7E777
:1019E000304600F01FF8D0E74FF4D6713846FDF7C7
:1019F00017FE044668B10560C0F804800C30294623
:101A0000A06025464FF4D072FDF756FD34602E4697
:101A1000BEE70C2330603B60DBE700BF20A404007E
:101A20000100FFFF2DE9F84F344B35491A688162F8
:101A300090424FF00003C0E91233036504BF012355
:101A400083610546FFF79AFF68602846FFF796FF17
:101A5000A8602846FFF792FF6F68E860002404231F
:101A6000C7E9024308222146C7E90044C7E9044404
:101A70007C66BC6107F15C00FDF71EFDDFF88CB0F1
:101A8000AE68DFF88CA0DFF88C90DFF88C801D4BFF
:101A9000C7F828A0C7E9087BC7F82C90C7F83080A2
:101AA0000822F360C6E90044C6E904447466B460E1
:101AB000B461214606F15C00FDF7FEFCC6E9086B47
:101AC000C6E90AA9C6F83080EE680F4BF360C6E994
:101AD0000044C6E904447466B460B4612146082237
:101AE00006F15C00FDF7E8FC0123C6E9086BC6E9D6
:101AF0000B98C6F828A0AB61BDE8F88F20A40400BD
:101B00003D1904000900010012000200692F0400C1
:101B1000912F0400D12F0400F12F0400024B034940
:101B2000186800F067B800BF20A40400393304002F
:101B3000836903B976E77047704700BF704700BFFD
:101B4000704700BF704700BF024B0349186800F0A0
:101B500031B800BF7031002039190400024B03492D
:101B6000186800F027B800BF703100204919040040
:101B70000CB400B583B004AB53F8042B019301F00F
:101B8000A3F803B05DF804EB02B070470EB410B5D3
:101B900083B005AB064C53F8042B01930146206833
:101BA00001F092F803B0BDE8104003B0704700BFE9
:101BB000703100202DE9F041884600F148070026E9
:101BC000D7E90154013D0FD4A389012B05F1FF355D
:101BD00006D9B4F90E300133204601D0C047064380
:101BE0006B1C04F16804EFD13F68002FE8D1304648
:101BF000BDE8F0812DE9F8430746884600F1480624
:101C00004FF00009D6E90154013D11D4A389012BFD
:101C100005F1FF3508D9B4F90E300133214603D060
:101C20003846C04749EA00096B1C04F16804EDD14D
:101C30003668002EE6D14846BDE8F883F03070479C
:101C400000487047C432002000487047C43200206A
:101C500001F0FF01102A2BDB10F0070F08D010F85D
:101C6000013B013A8B422DD010F0070F42B3F6D161
:101C7000F0B441EA012141EA014122F007047FF07A
:101C800000070023F0E80256083C85EA010586EAD1
:101C9000010685FA47F5A3FA87F586FA47F6A5FA0D
:101CA00087F68EB9EED1F0BC01F0FF0102F0070219
:101CB00032B110F8013B013A83EA010313B1F8D1C4
:101CC0000020704701387047002D06BF35460338A5
:101CD000073815F0010F07D1013015F4807F02BFDE
:101CE000013015F4C03F0130F0BC0138704700BF2F
:101CF000704700BF704700BF70B5466A05460C4686
:101D00005EB1F368A3B153F82400E8B1026843F868
:101D100024200023C0E9033370BD1020FDF774FABE
:101D200006466862E8B10023C0E901330360C3607E
:101D300021220421284600F055FD6B6AF060DB6823
:101D4000002BE0D1002070BD012101FA04F6721DC4
:101D50009200284600F046FD0028F3D0C0E9014675
:101D6000D7E7034B034832466621FEF767FD00BF05
:101D7000B0A4040070A5040070B5456A04460E4680
:101D80004DB13EB1636A7268DB6853F8220030607F
:101D900043F8226070BD1020FDF736FA02466062FB
:101DA00020B1C0E901550560C560EAE7024B034870
:101DB0008A21FEF743FD00BFB0A4040070A5040013
:101DC000F0B50C69064683B00D4601F1140E0020F3
:101DD000DEF800101FFA81FC02FB0C334FEA134CB3
:101DE000090C02FB01CC01309BB203EB0C43844293
:101DF0004EF8043B4FEA1C43EADC3BB1AA68A2421E
:101E000007DD05EB8402013453612C61284603B0E1
:101E1000F0BD6968019301313046FFF76DFF019B0A
:101E20000746A0B12A6901930232920005F10C0124
:101E30000C30FDF72BFA294630463D46FFF79CFF54
:101E400005EB8402019B536101342C61DEE7034BF7
:101E500003483A46B521FEF7F1FC00BFFCA404009C
:101E600070A504002DE9F8430C4628491F46164684
:101E700003F1080281FB0231092F4FEAE2730546A4
:101E8000C3EB610339DD4FF0010C00214FEA4C0C2C
:101E9000634501F10101F9DC2846FFF72DFF0146FA
:101EA00068B3089B4361092E4FF00103036112DC04
:101EB0000A340926B7420BDDBE1B264414F8013B49
:101EC0000A22303B2846FFF77BFFA6420146F5D1A8
:101ED0000846BDE8F88304F10909C846344418F8F7
:101EE000013B0A22303B2846FFF76AFFA045014626
:101EF000F5D1A6F108044C44DCE70021CCE70A4602
:101F0000034B0448CE21FEF799FC00BF398EE3381D
:101F1000FCA4040070A50400030C1B04D3B9000446
:101F2000102310F07F4F04BF0002083310F0704FF1
:101F300004BF0001043310F0404F04BF800002339F
:101F4000002805DB10F0804F03F1010308BF2023B8
:101F5000184670470023E4E7036813F007020146C0
:101F600007D0DA071FD4980721D55B080B60012042
:101F7000704798B2A0B11046DAB20AB908301B0A0D
:101F80001A0704BF1B0904309A0704BF9B080230DC
:101F9000DA0703D45B0800F1010006D00B6070473C
:101FA0001B0C1020E8E700207047202070479B089A
:101FB0000B600220704700BF10B50C460121FFF7EF
:101FC0009BFE024618B10123C0E9043410BD034B47
:101FD00003484FF4A071FEF731FC00BFFCA40400DD
:101FE00070A504002DE9F04F0E691569AE4285B069
:101FF0008846144605DB2A46234635460C461646D7
:102000009846A3686168AF19BB42B8BF0131FFF7BA
:1020100073FE0190002800F08780019B03F11409F2
:1020200009EB870AD14505D24B46002243F8042B21
:102030009A45FBD808F1140808EB860B04F1140349
:10204000D8451A4603EB85055FD22B1B153B23F0C1
:10205000030304331534A54238BF0423CDE902A796
:10206000AC461F46924605E0000C29D1C34509F154
:10207000040948D958F8040B85B2002DF4D056460F
:102080004C46002356F8040B216882B21FFA81FEE9
:1020900005FB02EE000C0A0C734405FB002202EB68
:1020A00013429BB243EA0243B44544F8043B4FEA6F
:1020B0001243E7D849F8073058F8040C000CD5D083
:1020C000D9F80030544619464D4600222688090C9E
:1020D00000FB06110A449BB243EA024345F8043B65
:1020E00054F8046B2968360C8BB200FB063303EB03
:1020F0001243A4454FEA1342E8D8C34549F80730D4
:1021000009F10409B6D8DDE902A7002F02DC05E0D9
:10211000013F03D05AF8043D002BF9D0019B18462B
:102120001F6105B0BDE8F08F034B0448019A40F2EF
:102130005D11FEF783FB00BFFCA4040070A5040042
:102140002DE9F04112F0030382B0144607462DD169
:102150000E46A4101CD07A6A8AB39568002D39D037
:10216000E3074FF0000806D4641011D0286898B136
:102170000546E307F8D531462A463846FFF732FFD1
:102180003146034638461E46FFF7F6FD6410EDD192
:10219000304602B0BDE8F0812A4629463846FFF7AE
:1021A00021FF2860C0F800800546E2E7013B184A9D
:1021B00052F823200023FFF703FE0646C9E710204C
:1021C000FDF722F802467862E0B10023C0E901334E
:1021D0000360C360012138460192FFF78DFD019A2B
:1021E000054640B1012340F27121C0E904310023CA
:1021F00090600360B4E7074B07482A464FF4A0718C
:10220000FEF71CFB054B04484FF4D771FEF716FB95
:10221000A8A50400FCA4040070A50400B0A4040058
:102220002DE9F0470D4691462F69AB68496807EBE9
:1022300062177C1C9C4280464FEA621A04DD5B00F8
:102240009C4201F10101FADC4046FFF755FD0646CC
:1022500000284DD0BAF1000F00F114000EDD0AF194
:1022600005024FEA820C034606EB8202002143F886
:10227000041B9342FBD1ACF114031844296905F106
:10228000140319F01F0903EB810129D0C9F1200EB5
:1022900084464FF0000A1A6802FA09F242EA0A027A
:1022A0004CF8042B53F8042B994222FA0EFAF2D878
:1022B0004B1B153B23F00303043305F11502914238
:1022C00038BF0423BAF1000F18BF274640F803A017
:1022D000404637612946FFF74FFD3046BDE8F0879D
:1022E000043853F8042B40F8042F9942F9D8EFE74B
:1022F000034B0448324640F2D911FEF79FFA00BF63
:10230000FCA4040070A504000B6984460069C01A8F
:1023100016D10CF1140C14310CEB830210B401EB48
:10232000830301E0944508D252F8044D53F8041D8C
:102330008C42F7D005D24FF0FF305DF8044B704768
:10234000704701205DF8044B704700BF2DE9F84F3E
:102350000F691369FF1A002F0E4690467AD101F1DA
:102360001405143202EB830205EB830301E09D4266
:1023700073D253F8041D52F8044DA142F7D064D330
:102380007168FFF7B9FC8146002872D03569D8F82A
:102390001020C76008F1140E06F1140009F1140AA8
:1023A00006F1100C0EEB820200EB85075646002169
:1023B0005EF8044B5CF804BFA3B211FA8BF1CB1AA0
:1023C000210CC1EB1B4101EB23419BB243EA0143CA
:1023D000724546F8043B4FEA2141E9D8A2EB0804D4
:1023E000153C08F11508424524F0030606F10406E1
:1023F00038BF0426304424F0030238BF002287424D
:102400005244B24416D95646044654F8043B11FAD5
:1024100083F10A1402EB134289B241EA0243A74254
:1024200046F8043B4FEA2241EFD87A1E101A20F0FA
:102430000302524423B952F8043D013D002BFAD067
:10244000C9F810504846BDE8F88F33460127464684
:10245000984695E7F9DB002792E70021FFF74CFC4F
:10246000814668B101220023C9E904234846BDE83A
:10247000F88F074B07484A464FF41071FEF7DEF914
:10248000034B04484A4640F23221FEF7D7F900BF19
:10249000FCA4040070A5040082B08DED000B154B68
:1024A000019A1340A3F15073002B05DD002019465B
:1024B00041EC100B02B070475B42B3F1A07F4FEAD2
:1024C000235208DA4FF40023002043FA02F141ECD2
:1024D000100B02B07047143A1E2ADABF4FF00043C7
:1024E00023FA02F201220021104641EC100B02B047
:1024F000704700BF0000F07FF8B5046900F11406D2
:1025000006EB8404271F54F8045C2846FFF704FDFB
:10251000C0F120030A280B6031DDBE421BD20B380C
:1025200054F8081C23D0C0F1200C854021FA0CF788
:102530002F43A4F1080547F07F53AE4243F4401304
:1025400036D2814054F80C0C20FA0CF008430246B5
:1025500043EC102BF8BD0B3808D005FA00F040F022
:102560007F53002043F440130246F1E7014645F053
:102570007F5343F440130A4643EC102BF8BDC0F1DF
:102580000B0C25FA0CF1BE4241F07F5338BF54F8D2
:10259000081C00F1150034BF21FA0CF1002105FAE6
:1025A00000F043F4401340EA010243EC102BF8BD65
:1025B00001FA00F00246CBE72DE9F043884683B0EC
:1025C000012157EC106B1546FFF796FB04460028D7
:1025D0004FD0C7F30A59C7F31303B9F1000F01D065
:1025E00043F48013002E019324D068460096FFF731
:1025F000B3FC002839D0DDE90013C0F1200203FA52
:1026000002F20A43C34062610193002B14BF02220D
:102610000122A3612261B9F1000F16D0A9F2334360
:102620000344C0F13500C8F800302860204603B0EC
:10263000BDE8F08301A8FFF78FFC019B63610122D5
:1026400020302261B9F1000FE8D104EB8203A0F23F
:102650003240C8F800001869FFF75EFCC0EB42107A
:102660002860204603B0BDE8F083009B6361019BB6
:10267000CBE7034B0348224640F20A31FEF7DEF86F
:10268000FCA4040070A504002DE9F04383B00E46BD
:1026900069460746FFF730FF01A9304655EC104B5D
:1026A000FFF72AFF3B693169591ADDE90023D31A84
:1026B00003EB4113002B51EC100B0DDD05EB03591F
:1026C0004D4602460B462046294601F0BDFD41EC31
:1026D000100B03B0BDE8F083C3EB033301EB0357EA
:1026E0003946EEE7172870B506460CDD0A490B4D52
:1026F0000020002422462B4601F07CFC013EF9D14B
:1027000041EC100B70BD064B03EBC006D6E904018B
:1027100041EC100B70BD00BF0000F03F00002440F2
:10272000A8A504000139491101F1010C116902F158
:10273000140303EB81018B4200EB8C0C16D210B515
:10274000A0F1040E53F8044B4EF8044F9942F9D807
:102750008B1A153B23F0030304331844844504D932
:10276000002340F8043B8445FBD810BD844505D9BF
:10277000002340F8043B8445FBD87047704700BFF6
:1027800003694A11934200F1140009DA00EB830354
:1027900002E053F8042DCAB98342FAD800207047EA
:1027A00011DD11F01F010ED010B450F8224000EBE3
:1027B000820324FA01F202FA01F18C420CD00120CA
:1027C0005DF8044B704700EB8203E5E7012070479A
:1027D00053F8042D002AF2D18342F9D800205DF885
:1027E000044B704738B502FB01F52946FCF718FF8A
:1027F000044618B12A460021FCF75EFE204638BD8B
:10280000F8B51446F9B1CAB106460D4601F03AF8DA
:10281000A04202D32F463846F8BD21463046FCF789
:10282000FFFE07460028F6D022462946FCF72EFD7B
:1028300030462946FCF792FE3846F8BD2746FCF79D
:102840008DFE3846F8BDBDE8F8401146FCF7E8BEFD
:102850002DE9F0478F689F420C461D46164638D832
:102860008246888910F4906F0ED108683D462A464A
:102870003146FCF7A5FDA2682368D21B2B44A26059
:1028800023600020BDE8F0874B69096903EB43082A
:10289000236808EBD878A3EB01096B1C4FEA6808A2
:1028A0004B444345424684BF98464246430513D5B0
:1028B00011465046FCF7B4FE074608B321694A4664
:1028C000FCF7E4FCA38923F4906343F08003A38125
:1028D00007E008681F46CAE75046FFF791FF074622
:1028E00050B107EB0900A8EB09032761C4F8148075
:1028F000A36020602F46BAE721695046FCF72EFE00
:102900000C23CAF80030A38943F040034FF0FF3096
:10291000A381B7E72DE9F04F936883B09146002B70
:102920006ED017688D6880460C460868083744E00A
:10293000A38913F4906F2ED0D4E90415A0EB010AFB
:1029400005EB450505EBD5750AEB06006D1001306A
:10295000A8422A4684BF05462A465B0537D511465C
:102960004046FCF75DFE00283BD0524621690190AD
:10297000FCF78CFCA289019B22F4906242F0800259
:10298000A281A5EB0A0203EB0A006561A260236144
:1029900020603546B24659465246FCF711FDA06804
:1029A000D9F808102368451B8E1B03EB0A00A560AD
:1029B0002060C9F808601EB3083757E902B6002E38
:1029C000FAD0B542AA46B3D93546B246E3E7404607
:1029D000FFF716FF03460028D3D121694046FCF7D4
:1029E000BDFD0C23C8F80030A389002243F040034A
:1029F0004FF0FF30A381C9E9012203B0BDE8F08F99
:102A00000020C9F8040003B0BDE8F08F2DE9F04FB5
:102A100092468A8915069DB0884681461C4603D594
:102A20000A69002A00F0EF80002209929AF800302B
:102A30007E4D039420228DF8292030228DF82A2003
:102A40000126002B72D0544603E014F8013F002BFE
:102A500076D0252BF9D1B4EB0A0B74D12278002A59
:102A600064D000234FF0FF32CDE905230493079390
:102A70008DF853301A93013404E0049A06FA03F3F4
:102A800013430493A246052214F8011B2846FFF7BE
:102A9000DFF8431B0028F0D1049BD80644BF202256
:102AA0008DF8532019079AF8001044BF2B228DF897
:102AB00053202A2954D1039A116804320029039221
:102AC0007CDB07919AF801100AF1010A2E2959D0EE
:102AD000574C03222046FFF7BBF840B1049B001B74
:102AE000402404FA00F0034304930AF1010A1AF89F
:102AF000011B50488DF828100622FFF7A9F800287E
:102B000062D04D4B002B52D003AA00924B4B424651
:102B100004A94846FCF7AAFE07467A1C06D0099B82
:102B20003B4409939AF80030002B8CD1B8F80C3054
:102B30005B0654BF09984FF0FF301DB0BDE8F08F21
:102B4000B4EB0A0BF2D05B46524641464846FFF7CB
:102B50007FFE0130EAD0099B22785B4409937EE72F
:102B6000A1F13002092AB1D8079B1AF8011F03EB23
:102B7000830302EB4303A1F13002092AF5D92E2980
:102B80000793A5D19AF801102A2927D1039B9AF817
:102B900002101A6805920433002A0AF10200039316
:102BA000B8BF4FF0FF338246B8BF059390E7039B51
:102BB000073323F0070308330393B0E7494243F098
:102BC0000203079104937DE703AA00921B4B424640
:102BD00004A94846FDF77AF907469EE7A1F13002BD
:102BE0000023092A05930AF1010A3FF671AF1AF88A
:102BF000011F03EB830302EB4303A1F13002092A17
:102C0000F5D9059364E74021FCF70AFDC8F80000F8
:102C1000C8F8100018B14022C8F8142004E70C23AB
:102C2000C9F800304FF0FF3087E700BFD0A604009E
:102C3000D8A60400DCA604006DF8030051280400A7
:102C40009368013B002B936011DA10B49469A3429E
:102C500009DB0A2907D01368581C10601970084650
:102C60005DF8044B70475DF8044B00F0C5B913687C
:102C7000581C106019700846704700BF9BB1F8B52A
:102C8000134406460F46541E5D1E01E0AC4208D0B8
:102C900014F8011F3A463046FFF7D2FF431CF5D126
:102CA000F8BD0020F8BD0020704700BF936810B544
:102CB000144613B95360184610BD00F0A7FB00235B
:102CC000C4E9013310BD00BF2DE9F04F88469FB025
:102CD00015461C46814618B18369002B00F0A2807E
:102CE000924B984500F0A480914B984500F0B1803C
:102CF000904B984508BFD9F80C80B8F80C301807ED
:102D000040F19D80D8F81030002B00F0988000230F
:102D10000B932978884E059420238DF83130302389
:102D20008DF832300127002974D02C460B4604E080
:102D300014F8013F002B00F08F80252BF8D1B4EB65
:102D4000050B40F08C802378002B63D000234FF0DC
:102D5000FF32CDE90723069309938DF85B301C936E
:102D6000013404E0069A07FA03F313430693254659
:102D7000052214F8011B3046FEF76AFF831B00286A
:102D8000F0D1069BD90644BF20228DF85B2029781C
:102D90001A0744BF2B228DF85B202A2970D1059A8F
:102DA0001168043200290592C0F29B80099169786C
:102DB00001352E2976D0614C03222046FEF748FFCC
:102DC00038B1069B001B402404FA00F0034306932D
:102DD000013515F8011B5A488DF830100622FEF710
:102DE00037FF002800F08380564B002B6DD005AADA
:102DF0000092554B424606A94846FCF737FD039022
:102E0000039B013306D00B9B039A297813440B9341
:102E100000298AD1B8F80C305B0617D40B981FB084
:102E2000BDE8F08FFEF784FE404B98457FF45CAF21
:102E3000D9F80480B8F80C3018073FF563AF414665
:102E4000484600F053F900283FF461AF4FF0FF30DF
:102E5000E5E7D9F8088050E7B4EB050BDAD0AA46CD
:102E6000C5F1010503E0934536D91AF8011F424622
:102E70004846FFF7E5FE013005EB0A02F3D1C9E74A
:102E8000A1F13002092A94D8099B15F8011F03EB20
:102E9000830302EB4303A1F13002092AF5D92E295D
:102EA000099388D169782A292BD1059BA9781A68BA
:102EB00007920433002A05F102000593B8BF4FF0D2
:102EC000FF330546B8BF079375E7059B073323F02B
:102ED00007030833059396E70B9A23785A440B921D
:102EE00032E7494243F00203099106935FE705AADE
:102EF0000092154B424606A94846FCF7E7FF0390AF
:102F00007EE7A1F130020023092A079305F10105AC
:102F10003FF651AF15F8011F03EB830302EB4303A8
:102F2000A1F13002092AF5D9079344E750A504001E
:102F300030A5040010A50400D0A60400D8A6040003
:102F4000DCA604006DF803007D2C040010B4054CD1
:102F50008446134620685DF8044B0A466146FFF735
:102F6000B3BE00BF7031002010B50C46B1F90E1091
:102F700000F092FC002803DB636D0344636510BD21
:102F8000A38923F48053A38110BD00BF00207047A4
:102F90002DE9F0410C46B1F90C101F46CB05054652
:102FA00016460BD421F48051A1813B46B4F90E1092
:102FB00032462846BDE8F04100F082B8B4F90E1060
:102FC0000223002200F09AFBB4F90C10EAE700BFDC
:102FD00010B50C46B1F90E1000F090FBA389421C0D
:102FE0000EBF23F4805343F480536065A38110BD6A
:102FF000B1F90E1000F004B9F8B50D4614460646B6
:1030000008B1836943B3254B9C422AD0244B9C4290
:1030100029D0244B9C4208BFF468A389A269A2600E
:103020001A0722D5236903B322686169D31AEDB266
:1030300099422F4629DD0133A1680139A160511C55
:103040002160157062699A4216D0A389DB0701D509
:103050000A2D11D03846F8BDFEF76AFD0F4B9C4291
:10306000D4D17468D9E7B468D7E72146304600F078
:103070003DF838B92369D7E72146304600F05CF9BE
:103080000028E7D04FF0FF37E4E72146304600F054
:1030900053F90028F6D122680123CDE750A504009A
:1030A00030A5040010A5040010B4044C03460A46E1
:1030B00020685DF8044B1946FFF79EBF7031002071
:1030C00038B50C46084D8446114620461A46002362
:1030D0002B60644600F0C8FD431C00D038BD2B684F
:1030E000002BFBD0236038BDFC8500203C4B70B525
:1030F0001D6806460C460DB1AB69E3B1394B9C42E5
:103100001FD0394B9C424DD0384B9C4208BFEC68D5
:10311000B4F90C3018079AB219D5216911B312F01D
:1031200001002FD00020A06060694042A06100290A
:103130002ED0002070BD2846FEF7FAFC294B9C4299
:10314000DFD16C68B4F90C3018079AB2E5D4D10617
:103150003ED5520728D4216943F00803A3819AB2CF
:103160000029DCD102F42070B0F5007FD7D02146D1
:10317000304600F0D9FAB4F90C3021699AB212F055
:103180000100CFD1950758BF6069A0600029D0D158
:10319000120658BF0846CDD543F04003A3814FF037
:1031A000FF3070BDAC68B3E7616B51B104F144020C
:1031B000914204D03046FCF7D1F9B4F90C3000222A
:1031C000626321690022C4E9001223F02403C3E7EB
:1031D000092243F0400332604FF0FF30A38170BDFD
:1031E0007031002050A5040030A5040010A5040093
:1031F00008B5062000F0FAFB012000F03DFD00BFFD
:1032000038B5074D0022044608462A6000F0E6FC67
:10321000431C00D038BD2B68002BFBD0236038BD89
:10322000FC8500208B891A072DE9F0410C46804669
:103230003FD44A68002A58DDE66A002E52D00022A8
:10324000D8F80050C8F8002013F4805251D101235F
:10325000216A4046B047431C5ED0A389E66A5F07F7
:1032600005D56368C01A636B0BB1236CC01A216A61
:10327000024600234046B047411C3CD1D8F80030FC
:10328000002B38D01D2B01D0162B4DD123690022E5
:10329000C4E90032616BC8F8005019B304F144036B
:1032A000994202D04046FCF759F900206063BDE81E
:1032B000F0810E69B6B10D680E609A070CBF4B69BC
:1032C0000023AD1B8B600BE02B463246216AA76AB8
:1032D0004046B847B0F1000CA5EB0C05664413DD81
:1032E000002DF1DC0020BDE8F0810A6C002AA3DC8F
:1032F000F8E7606DB3E70023636023692360A38967
:10330000DB04C7D56065C5E7A38943F040034FF0F0
:10331000FF30A381BDE8F081D8F80030002B9CD0AD
:103320001D2B06D0162B04D0A38943F04003A381A4
:10333000D9E7C8F80050D5E738B50B69BBB10D46E1
:10334000044608B18369B3B10D4B9D4211D00D4BBA
:103350009D4213D00C4B9D4208BFE568B5F90C3077
:103360002BB129462046BDE83840FFF75BBF00205F
:1033700038BD6568F2E7FEF7DBFBE5E7A568EDE73A
:1033800050A5040030A5040010A5040038B540B3D2
:1033900003690446E3B1174B1D680DB1AB69CBB1AE
:1033A000154B9C420FD0154B9C4221D0144B9C4294
:1033B00008BFEC68B4F90C3053B121462846BDE88B
:1033C0003840FFF72FBF6C68B4F90C30002BF4D1F4
:1033D000002038BD2846FEF7ABFB074B9C42E2D1EC
:1033E000F1E7084B08491868BDE83840FEF702BC11
:1033F000AC68DFE77031002050A5040030A5040060
:1034000010A5040020A40400393304009368002BA5
:1034100000F085802DE9F04FB1F90C300C4619070A
:10342000804683B0174698B225D523691BB310F0A8
:1034300002033D682DD04FF0000ADFF8BCB25646BB
:10344000B9465E453346524628BF5B464046002E8D
:1034500052D0216AA76AB847002856DDD9F808304B
:103460001B1A8244361AC9F80830002BE9D1002013
:1034700003B0BDE8F08F21464046FFF737FE002835
:1034800040F03681B4F90C303D6898B210F0020378
:10349000D1D110F0010944D14E46009746B38205C0
:1034A000D4F808B040F18380B3455A4600F2B280A8
:1034B00010F4906F40F0BF80206801924946FBF7FE
:1034C0007FFFA368019AA3EB0B012368A16013445B
:1034D000B24623600026009B9868A0EB0A00D14406
:1034E00098600028C3D0B4F90C0080B2002ED6D169
:1034F000D5E900960835D1E7D5E900A60835A0E75B
:1035000021464046FFF718FF80B3B4F90C3043F072
:1035100040034FF0FF30A38103B0BDE8F08F0020DF
:1035200070471E46AA46994618461D46009756B350
:1035300088B34A46D4E904132068B24228BF324611
:10354000884205D9A16803EB010B5A4500F3A68018
:10355000934263DC216AA76A2A464046B847B0F125
:10356000000BD2DDB9EB0B09CAD00120009A936899
:10357000A3EB0B035D44A6EB0B069360002B3FF41B
:1035800076AF002ED4D10AF1080353E902569A46C9
:103590000833002EF9D032460A212846FEF758FBA0
:1035A000002800F09C800130A0EB0509C1E72068ED
:1035B0002369984216D86369B34213D86FF000426A
:1035C000B24228BF3246216A92FBF3F2A76A02FB9D
:1035D00003F340464A46B847B0F1000A95DDA6EB32
:1035E0000A0678E7B345DA4628BFB246524649464E
:1035F000FBF7E6FEA3682268A3EB0A035244A3602C
:103600002260002BEBD121464046FFF795FE0028B3
:10361000E5D07AE72068B34632464EE72946019264
:10362000FBF7CEFE019AA3689B1AA360236813449C
:103630002360934696E723682169A3EB010B636936
:1036400003EB430A0AEBDA7A0BF101034FEA6A0A49
:1036500033445345524684BF9A46524643052CD5BF
:1036600011464046FBF7DCFF00283BD05A46216953
:103670000190FBF70BFEA289019B22F4906242F0BD
:103680008002A28103EB0B002361AAEB0B03C4F8B9
:1036900014A0A3602060B34632460EE729465A467E
:1036A000FBF78EFE23685B44236021464046FFF70C
:1036B00043FE00283FF456AF27E74046FFF7A0F847
:1036C00003460028DED121694046FBF747FFB4F9E5
:1036D0000C300C2223F08003C8F8002017E7721C7E
:1036E000914627E70C22B4F90C30C8F800200EE709
:1036F0004FF0FF30BCE600BF00FCFF7F38B50C4642
:10370000084D8446114620461A4600232B60644625
:1037100000F08CFA431C00D038BD2B68002BFBD086
:10372000236038BDFC850020F0B58B890C469907D5
:1037300097B007D504F147030122C4E9043223609E
:1037400017B0F0BDB4F90E10002905462DDB6A460E
:1037500000F01CFA002827DB019E06F470464FF4A7
:103760008067A6F50056B6FA86F6394628467609E9
:10377000FBF756FF30B3A3891A4AAA6243F08003CD
:10378000C4E90407A3812060002ED9D0B4F90E103B
:10379000284600F011FA0028D2D0A38923F00303B1
:1037A00043F00103A381CBE7A38913F0800F14BF7B
:1037B00040274FF48067394628460026FBF730FF44
:1037C0000028D8D1B4F90C309A05B9D423F00303FA
:1037D00004F1470243F002030121C4E90421A3815B
:1037E0002260ADE73D19040070B50C46B1F90E102A
:1037F000002996B016461D4613DB6A4600F0C6F94E
:1038000000280EDB019901F47041A1F50051B1FAD5
:1038100081F14FF48063490900202960336016B0BC
:1038200070BDB4F90C3000221B062A6004D5402379
:103830000020336016B070BD4FF480630020336009
:1038400016B070BD10B4034CD4F8E440A4465DF843
:10385000044B6047D431002082B049B15AB16BB1FA
:1038600013780B601278101E18BF012002B0704749
:1038700001A9002AF3D1104602B070476FF0010091
:10388000F4E700BF51F8040C0028A0F10400BCBF0D
:103890000B58C018704700BF38B50C46084D844619
:1038A000114620461A4600232B60644600F0C6F9F4
:1038B000431C00D038BD2B68002BFBD0236038BDE3
:1038C000FC85002038B5446C0CB1002038BD802147
:1038D0000546FBF7A5FE0246686430B1031F7C3243
:1038E00043F8044F9342FBD1EFE74FF0FF3038BD70
:1038F0001F29F8B5054608D8466C0C4617464EB148
:1039000056F8240046F82470F8BD162303604FF0E3
:10391000FF30F8BD8021FBF783FE0646686440B1A6
:10392000031F00F17C05002143F8041F9D42FBD1D9
:10393000E6E74FF0FF30F8BD1F2938B5054620D81F
:10394000426C0C466AB152F8213053B1012B16D0AB
:10395000591C10D00025204642F82450984728468C
:1039600038BD284600F0F8F8224601462846BDE852
:10397000384000F0DBB816230360012038BD00207A
:1039800038BD162303604FF0FF3038BD1F292AD8F9
:10399000426C38B50C46054682B152F8243002EB31
:1039A00084024BB1591C19D0012B15D0002520469B
:1039B00015609847284638BD012038BD8021FBF7A7
:1039C0002FFE0246686458B1031F00217C3043F883
:1039D000041F9842FBD1E0E7032038BD022038BD28
:1039E0004FF0FF3038BD4FF0FF30704738B5144B03
:1039F0001F281D681FD86A6C044662B152F8203037
:103A00004BB1012B15D0591C0FD0002542F8205086
:103A10009847284638BD284600F09EF822460146C1
:103A20002846BDE8384000F081B816232B600120FD
:103A300038BD002038BD16232B604FF0FF3038BD55
:103A400070310020124B1F2870B51E6808D80D4633
:103A5000716C044649B151F8240041F8245070BDFE
:103A6000162333604FF0FF3070BD80213046FBF7E6
:103A7000D7FD0146706440B1031F00F17C0C0022A9
:103A800043F8042F6345FBD1E5E74FF0FF3070BDED
:103A90007031002038B50B4B1D686C6C0CB10020E8
:103AA00038BD80212846FBF7BBFD686438B1031F91
:103AB00000F17C0243F8044F9342FBD1EFE74FF053
:103AC000FF3038BD7031002038B5174B1F281D68F6
:103AD00026D86A6C044682B152F8243002EB840284
:103AE0004BB1591C1AD0012B16D000252046156069
:103AF0009847284638BD012038BD80212846FBF76D
:103B00008FFD0246686458B1031F00217C3043F8E2
:103B1000041F8342FBD1DFE7032038BD022038BDFC
:103B20004FF0FF3038BD00BF7031002070B50C463B
:103B3000084D03460026204611461C462E6000F024
:103B40006DF8431C00D070BD2B68002BFBD02360A8
:103B500070BD00BFFC85002000F050B810B4034CCD
:103B6000D4F8E040A4465DF8044B6047D43100200F
:103B700049B1FF2A02D80A70012070478A230360E6
:103B80004FF0FF3070470846704700BF70B50C46D5
:103B9000084D03460026204611461C462E6000F0C4
:103BA00025F8431C00D070BD2B68002BFBD0236090
:103BB00070BD00BFFC85002038B5074D00220446CB
:103BC00008462A6000F022F8431C00D038BD2B685C
:103BD000002BFBD0236038BDFC850020024B58220F
:103BE0001A604FF0FF307047FC850020024B5822CE
:103BF0001A604FF0FF307047FC850020024B5822BE
:103C00001A604FF0FF307047FC850020024B5822AD
:103C10001A600020704700BFFC850020024B58222C
:103C20001A604FF0FF307047FC850020024B58228D
:103C30001A604FF0FF307047FC850020024B58227D
:103C40001A604FF0FF307047FC850020044A054998
:103C50001368002B08BF0B461844106018467047C5
:103C60000086002020860020024B58221A604FF068
:103C7000FF307047FC850020FEE700BF81F0004167
:103C800002E000BF83F0004330B54FEA41044FEA41
:103C9000430594EA050F08BF90EA020F1FBF54EADC
:103CA000000C55EA020C7FEA645C7FEA655C00F078
:103CB000E2804FEA5454D4EB5555B8BF6D420CDD49
:103CC0002C4480EA020281EA030382EA000083EACC
:103CD000010180EA020281EA0303362D88BF30BD6C
:103CE00011F0004F4FEA01314FF4801C4CEA1131C2
:103CF00002D0404261EB410113F0004F4FEA033321
:103D00004CEA133302D0524263EB430394EA050FAB
:103D100000F0A780A4F10104D5F1200E0DDB02FA1A
:103D20000EFC22FA05F2801841F1000103FA0EF2AE
:103D3000801843FA05F359410EE0A5F120050EF174
:103D4000200E012A03FA0EFC28BF4CF0020C43FAA5
:103D500005F3C01851EBE37101F0004507D54FF0B2
:103D6000000EDCF1000C7EEB00006EEB0101B1F502
:103D7000801F1BD3B1F5001F0CD349085FEA300048
:103D80004FEA3C0C04F101044FEA445212F5800F53
:103D900080F09A80BCF1004F08BF5FEA500C50F1F0
:103DA000000041EB045141EA050130BD5FEA4C0CD3
:103DB000404141EB0101013C28BFB1F5801FE9D230
:103DC00091F0000F04BF01460020B1FA81F308BF53
:103DD0002033A3F10B03B3F120020CDA0C3208DD1F
:103DE00002F1140CC2F10C0201FA0CF021FA02F1FA
:103DF0000CE002F11402D8BFC2F1200C01FA02F16A
:103E000020FA0CFCDCBF41EA0C019040E41AA2BF8E
:103E100001EB0451294330BD6FEA04041F3C1CDA56
:103E20000C340EDC04F11404C4F1200220FA04F076
:103E300001FA02F340EA030021FA04F345EA030120
:103E400030BDC4F10C04C4F1200220FA02F001FAE2
:103E500004F340EA0300294630BD21FA04F0294664
:103E600030BD94F0000F83F4801306BF81F48011FD
:103E70000134013D4EE77FEA645C18BF7FEA655C70
:103E800029D094EA050F08BF90EA020F05D054EA42
:103E9000000C04BF1946104630BD91EA030F1EBF47
:103EA0000021002030BD5FEA545C05D1400049414B
:103EB00028BF41F0004130BD14F580043CBF01F53E
:103EC000801130BD01F0004545F0FE4141F4700124
:103ED0004FF0000030BD7FEA645C1ABF19461046FF
:103EE0007FEA655C1CBF0B46024650EA013406BF00
:103EF00052EA033591EA030F41F4002130BD00BFBF
:103F000090F0000F04BF0021704730B54FF480647B
:103F100004F132044FF000054FF0000150E700BFFC
:103F200090F0000F04BF0021704730B54FF480645B
:103F300004F1320410F0004548BF40424FF0000148
:103F40003EE700BF42004FEAE2014FEA31014FEA8B
:103F500002701FBF12F07F4393F07F4F81F06051DA
:103F6000704732F07F4208BF704793F07F4F04BF25
:103F700041F40021704730B54FF4607401F0004502
:103F800021F000411CE700BF50EA010208BF704762
:103F900030B54FF000050AE050EA010208BF704753
:103FA00030B511F0004502D5404261EB41014FF4BC
:103FB000806404F132045FEA915C3FF4D8AE4FF0C4
:103FC00003025FEADC0C18BF03325FEADC0C18BFA7
:103FD000033202EBDC02C2F1200300FA03FC20FAF8
:103FE00002F001FA03FE40EA0E0021FA02F1144445
:103FF000BDE600BF70B54FF0FF0C4CF4E06C1CEA5E
:1040000011541DBF1CEA135594EA0C0F95EA0C0FCE
:1040100000F0DEF82C4481EA030621EA4C5123EA41
:104020004C5350EA013518BF52EA033541F4801170
:1040300043F4801338D0A0FB02CE4FF00005E1FB23
:1040400002E506F00042E0FB03E54FF00006E1FB6D
:1040500003569CF0000F18BF4EF0010EA4F1FF04B0
:10406000B6F5007F64F5407404D25FEA4E0E6D41F0
:1040700046EB060642EAC62141EA55514FEAC52001
:1040800040EA5E504FEACE2EB4F1FD0C88BFBCF57D
:10409000E06F1ED8BEF1004F08BF5FEA500E50F12E
:1040A000000041EB045170BD06F0004646EA0101F4
:1040B00040EA020081EA0301B4EB5C04C2BFD4EB26
:1040C0000C0541EA045170BD41F480114FF0000E1F
:1040D000013C00F3AB8014F1360FDEBF002001F08D
:1040E000004170BDC4F10004203C35DA0C341BDC07
:1040F00004F11404C4F1200500FA05F320FA04F0D9
:1041000001FA05F240EA020001F0004221F000410C
:1041100010EBD37021FA04F642EB06015EEA430E7F
:1041200008BF20EAD37070BDC4F10C04C4F12005AF
:1041300000FA04F320FA05F001FA04F240EA020062
:1041400001F0004110EBD37041F100015EEA430E33
:1041500008BF20EAD37070BDC4F1200500FA05F253
:104160004EEA020E20FA04F301FA05F243EA0203D2
:1041700021FA04F001F0004121FA04F220EA0200E1
:1041800000EBD3705EEA430E08BF20EAD37070BD27
:1041900094F0000F0FD101F00046400041EB010107
:1041A00011F4801F08BF013CF7D041EA060195F0E9
:1041B000000F18BF704703F00046520043EB0303A3
:1041C00013F4801F08BF013DF7D043EA0603704790
:1041D00094EA0C0F0CEA135518BF95EA0C0F0CD09B
:1041E00050EA410618BF52EA4306D1D181EA0301E1
:1041F00001F000414FF0000070BD50EA410606BFDB
:104200001046194652EA430619D094EA0C0F02D11F
:1042100050EA013613D195EA0C0F05D152EA033664
:104220001CBF104619460AD181EA030101F0004182
:1042300041F0FE4141F470014FF0000070BD41F0CB
:10424000FE4141F4780170BD70B54FF0FF0C4CF4A5
:10425000E06C1CEA11541DBF1CEA135594EA0C0FC4
:1042600095EA0C0F00F0A7F8A4EB050481EA030E11
:1042700052EA03354FEA013100F088804FEA0333F8
:104280004FF0805545EA131343EA12634FEA0222C6
:1042900045EA111545EA10654FEA00260EF0004187
:1042A0009D4208BF964244F1FD0404F5407402D2D9
:1042B0005B084FEA3202B61A65EB03055B084FEA6A
:1042C00032024FF480104FF4002CB6EB020E75EB67
:1042D000030E22BFB61A754640EA0C005B084FEA8F
:1042E0003202B6EB020E75EB030E22BFB61A75460C
:1042F00040EA5C005B084FEA3202B6EB020E75EB57
:10430000030E22BFB61A754640EA9C005B084FEACE
:104310003202B6EB020E75EB030E22BFB61A7546DB
:1043200040EADC0055EA060E18D04FEA051545EACA
:1043300016754FEA06164FEAC30343EA52734FEA73
:10434000C2025FEA1C1CC0D111F4801F0BD141EAEC
:1043500000014FF000004FF0004CB6E711F4801F51
:1043600004BF01430020B4F1FD0C88BFBCF5E06F31
:104370003FF6AFAEB5EB030C04BFB6EB020C5FEA41
:10438000500C50F1000041EB045170BD0EF0004E96
:104390004EEA113114EB5C04C2BFD4EB0C0541EAC8
:1043A000045170BD41F480114FF0000E013C90E6C5
:1043B00045EA060E8DE60CEA135594EA0C0F08BF89
:1043C00095EA0C0F3FF43BAF94EA0C0F0AD150EA88
:1043D00001347FF434AF95EA0C0F7FF425AF10461B
:1043E00019462CE795EA0C0F06D152EA03353FF443
:1043F000FDAE1046194622E750EA410618BF52EAC0
:1044000043067FF4C5AE50EA41047FF40DAF52EA93
:1044100043057FF4EBAE12E74FF0FF3C06E000BF30
:104420004FF0010C02E000BF4FF0010C4DF804CD3D
:104430004FEA410C7FEA6C5C4FEA430C18BF7FEAFD
:104440006C5C1BD001B050EA410C0CBF52EA430C2B
:1044500091EA030F02BF90EA020F0020704710F1AB
:10446000000F91EA030F58BF994208BF90422CBF3A
:10447000D8176FEAE37040F0010070474FEA410C33
:104480007FEA6C5C02D150EA013C07D14FEA430C51
:104490007FEA6C5CD6D152EA033CD3D05DF8040BC2
:1044A000704700BF8446104662468C4619466346F4
:1044B00000E000BF01B5FFF7B7FF002848BF10F1CB
:1044C000000F01BD4DF808EDFFF7F4FF0CBF012010
:1044D00000205DF808FB00BF4DF808EDFFF7EAFF8C
:1044E00034BF012000205DF808FB00BF4DF808ED47
:1044F000FFF7E0FF94BF012000205DF808FB00BF3C
:104500004DF808EDFFF7CEFF94BF012000205DF8C5
:1045100008FB00BF4DF808EDFFF7C4FF34BF0120D2
:1045200000205DF808FB00BF4FEA410C7FEA6C5C9D
:1045300002D150EA013C0AD14FEA430C7FEA6C5C9D
:1045400002D152EA033C02D14FF0000070474FF015
:10455000010070474FEA410212F5001215D211D541
:104560006FF47873B3EB625212D94FEAC12343F070
:10457000004343EA505311F0004F23FA02F018BFF2
:10458000404270474FF00000704750EA013005D1BB
:1045900011F0004008BF6FF0004070474FF000007E
:1045A000704700BF53B94AB9002908BF00281CBF93
:1045B0004FF0FF314FF0FF3000F06AB9ADF1080C59
:1045C0006DE904CE00F006F8DDF804E0DDE9022331
:1045D00004B070472DE9F047089D0C46002B4ED1E2
:1045E00094468C458646B2FA82F262D94AB1C2F14B
:1045F0002003914020FA03F30CFA02FC194300FA5D
:1046000002FE4FEA1C471FFA8CF6B1FBF7F44FEAA3
:104610001E4307FB141143EA014304FB06F19942D0
:104620000AD91CEB030304F1FF3080F01381994297
:1046300040F21081023C6344591A1FFA8EF3B1FB19
:10464000F7F007FB101143EA014300FB06F69E4218
:104650000AD91CEB030300F1FF3180F0FD809E427C
:1046600040F2FA80634402389B1B40EA0440002178
:104670001DB1D3400022C5E90032BDE8F0878B426E
:1046800005D90DB1C5E9000100210846F5E7B3FAE7
:1046900083F1002946D1A34202D39042C0F0F180B9
:1046A000861A64EB03030120002DE6D0C5E9006300
:1046B000E3E7002A40F09180A1EB0C044FEA1C488C
:1046C0001FFA8CF70121B4FBF8F64FEA1E4308FBF2
:1046D000164443EA044307FB06F0984208D91CEB52
:1046E000030306F1FF3402D2984200F2CE80264640
:1046F0001C1A1FFA8EF3B4FBF8F008FB104443EACF
:10470000044300FB07F79F4208D91CEB030300F1A9
:10471000FF3402D29F4200F2B1802046DB1B40EA08
:104720000640A5E7C1F120068B4022FA06F71F4399
:1047300020FA06FC04FA01F343EA0C03F44000FA01
:1047400001F8380C4FEA1349B4FBF0FE1FFA87FC5E
:1047500000FB1E4449EA04440EFB0CF9A14502FA91
:1047600001F20AD93C190EF1FF3A80F08580A1458B
:1047700040F28280AEF1020E3C44A4EB09041FFA21
:1047800083F9B4FBF0F300FB134449EA044403FB50
:104790000CFCA44507D93C1903F1FF3068D2A445AD
:1047A00066D9023B3C4443EA0E40A0FB0293A4EBD3
:1047B0000C049C42CE469C4652D34FD055B1B8EB28
:1047C0000E0364EB0C0404FA06F6CB40CC401E4307
:1047D000C5E900640021BDE8F087C2F1200320FA9A
:1047E00003F10CFA02FC24FA03F394400C434FEA61
:1047F0001C4800FA02FE1FFA8CF7B3FBF8F008FB26
:104800001031230C43EA014300FB07F1994208D918
:104810001CEB030300F1FF362CD299422AD902384F
:1048200063445B1AA4B2B3FBF8F108FB113344EA0A
:10483000034401FB07F3A34208D91CEB040401F174
:10484000FF3613D2A34211D902396444E41A41EA73
:10485000004138E70446EFE6084605E7C845ADD213
:10486000B9EB020E63EB070C0138A7E73146EDE721
:10487000034698E73046D4E7D6467EE763440238DD
:104880004CE70646234608460EE7023E63442FE700
:10489000704700BFF8B500BFF8BC08BC9E46704723
:1048A000F8B500BFF8BC08BC9E4670470000000089
:1048B0000338FDD87047000039730200B573020059
:1048C000357302007274745F6C6F675F6261636B53
:1048D000656E64004261636B656E647320666C751F
:1048E0007368656400000000617070000838002083
:1048F0007F000000F03700201B5B313B33316D003F
:1049000025734C6F67732064726F70706564202824
:1049100025642925730D0A001B5B306D0000000023
:104920003C25733E2025733A2000000020253032BC
:1049300078000000202020007C000000256300009B
:104940001B5B313B33306D001B5B313B33326D0001
:104950001B5B313B33336D001B5B313B33346D00EC
:104960001B5B313B33356D001B5B313B33366D00D8
:104970001B5B313B33376D006572726F7200000054
:104980007761726E696E6700696E666F0000000085
:10499000646562756700000018490400404904001E
:1049A000F8480400484904005049040058490400EC
:1049B00060490400684904007049040000000000D8
:1049C00078490400804904008849040090490400A3
:1049D000083000206170705F627574746F6E000043
:1049E000466174616C206572726F720053797374E2
:1049F000656D2072657365740000000000000000A2
:104A00009C390020A98D02006170705F74696D652A
:104A10007200000052544320696E7374616E6365C6
:104A200020616C726561647920696E697469616C7A
:104A3000697A65642E0000005254433A20696E6919
:104A40007469616C697A65642E00000000000000E2
:104A50000338FDD8704700003031323334353637F3
:104A6000383941424344454648A7040048A704005A
:104A7000040000007077725F6D676D7400000000C5
:104A8000736F72746C697374000000004E52465F5D
:104A900053554343455353004E52465F4552524F80
:104AA000525F5356435F48414E444C45525F4D4917
:104AB0005353494E470000004E52465F4552524FF5
:104AC000525F534F46544445564943455F4E4F54F9
:104AD0005F454E41424C4544000000004E52465F47
:104AE0004552524F525F494E5445524E414C000080
:104AF0004E52465F4552524F525F4E4F5F4D454DAD
:104B0000000000004E52465F4552524F525F4E4FDA
:104B1000545F464F554E44004E52465F4552524FE9
:104B2000525F4E4F545F535550504F5254454400BE
:104B30004E52465F4552524F525F494E56414C4984
:104B4000445F504152414D004E52465F4552524FD4
:104B5000525F494E56414C49445F535441544500BD
:104B60004E52465F4552524F525F494E56414C4954
:104B7000445F4C454E475448000000004E52465F8B
:104B80004552524F525F494E56414C49445F464C44
:104B9000414753004E52465F4552524F525F494E75
:104BA00056414C49445F4441544100004E52465FD7
:104BB0004552524F525F444154415F53495A450058
:104BC0004E52465F4552524F525F54494D454F55E4
:104BD000540000004E52465F4552524F525F4E55B0
:104BE0004C4C00004E52465F4552524F525F464F6A
:104BF0005242494444454E004E52465F4552524F40
:104C0000525F494E56414C49445F41444452000072
:104C10004E52465F4552524F525F42555359000023
:104C20004E52465F4552524F525F434F4E4E5F4386
:104C30004F554E54000000004E52465F4552524FB1
:104C4000525F5245534F5552434553004E52465FB3
:104C50004552524F525F4D4F44554C455F4E4F5455
:104C60005F494E495449414C495A454400000000AF
:104C70004E52465F4552524F525F4D555445585F14
:104C8000494E49545F4641494C4544004E52465FA7
:104C90004552524F525F4D555445585F4C4F434B10
:104CA0005F4641494C4544004E52465F4552524F83
:104CB000525F4D555445585F554E4C4F434B5F46E0
:104CC00041494C45440000004E52465F4552524F08
:104CD000525F4D555445585F434F4E445F494E49CE
:104CE000545F4641494C4544000000004E52465F27
:104CF0004552524F525F4D4F44554C455F414C52C7
:104D0000454144595F494E495449414C495A4544EB
:104D1000000000004E52465F4552524F525F5354BE
:104D20004F524147455F46554C4C00004E52465F3E
:104D30004552524F525F4150495F4E4F545F494D6B
:104D4000504C454D454E5445440000004E52465F80
:104D50004552524F525F464541545552455F4E4F62
:104D6000545F454E41424C45440000004E52465F60
:104D70004552524F525F494F5F50454E44494E474E
:104D8000000000004E52465F4552524F525F44525F
:104D9000565F5457495F4552525F4F5645525255E0
:104DA0004E0000004E52465F4552524F525F4452F1
:104DB000565F5457495F4552525F414E41434B0045
:104DC0004E52465F4552524F525F4452565F5457BF
:104DD000495F4552525F444E41434B004E52465F3D
:104DE0004552524F525F424C455F495053505F52BB
:104DF000585F504B545F5452554E43415445440004
:104E00004E52465F4552524F525F424C455F4950A9
:104E100053505F4348414E4E454C5F414C524541D3
:104E200044595F4558495354530000004E52465F61
:104E30004552524F525F424C455F495053505F4C70
:104E4000494E4B5F444953434F4E4E4543544544AE
:104E5000000000004E52465F4552524F525F424C96
:104E6000455F495053505F504545525F52454A4552
:104E70004354454400000000000000008C4A040038
:104E800001000000984A040002000000B84A040033
:104E900003000000DC4A040004000000F04A0400A3
:104EA00005000000044B040006000000184B04003D
:104EB00007000000304B040008000000484B0400CD
:104EC00009000000604B04000A0000007C4B040055
:104ED0000B000000944B04000C000000AC4B0400DD
:104EE0000D000000C04B04000E000000D44B040075
:104EF0000F000000E44B040010000000F84B040019
:104F000011000000104C040012000000204C0400AE
:104F100013000000384C0400800000004C4C0400DA
:104F200081000000704C0400820000008C4C0400E2
:104F300083000000A84C040084000000C84C04005A
:104F400085000000EC4C040086000000144D0400B5
:104F5000900000002C4D0400910000004C4D040016
:104F6000920000006C4D040000820000844D04009B
:104F700001820000A44D040002820000C04D040024
:104F800000840000DC4D040001840000004E040099
:104F9000028400002C4E040003840000544E0400E0
:104FA000556E6B6E6F776E206572726F7220636FD5
:104FB0006465000000000000010100000100000025
:104FC00000000000290D181006000000636C6F63DC
:104FD0006B000000434C4F434B0000004750494FCB
:104FE00054450000505253000C000300BDB40200B1
:104FF000383000205830002078300020446174613F
:10500000206C656E2069732073657420746F203086
:105010007825582825642900415454204D545520A2
:1050200065786368616E676520636F6D706C657429
:1050300065642E2063656E7472616C20307825780B
:10504000207065726970686572616C2030782578AF
:1050500000000000446973636F6E6E65637465647D
:1050600000000000436F6C6C6563746F72277320DF
:10507000626F6E642064656C657465640000000096
:10508000436F6E6E6563746564000000504859207C
:1050900075706461746520726571756573742E0036
:1050A000506173736B65793A20257300424C455FFC
:1050B0004741505F4556545F415554485F4B4559F1
:1050C0005F5245515545535400000000424C455F26
:1050D0004741505F4556545F4C4553435F44484BEE
:1050E00045595F524551554553540000424C455F68
:1050F0004741505F4556545F415554485F535441B2
:105100005455533A207374617475733D3078257823
:1051100020626F6E643D30782578206C76343A20BA
:105120002564206B646973745F6F776E3A307825FD
:1051300078206B646973745F706565723A307825A6
:10514000780000002D2D3E20202020446974206925
:1051500073206E756D6D6572202564002D2D3E20C7
:105160002020617574685F737461747573203D3DB0
:1051700020307838390000002D2D3E20626C655FAC
:105180006576745F68616E646C65722025640000EA
:105190002D2D3E204576656E7420726563656976B7
:1051A00065643A204552524F52207768696C6520F9
:1051B000657865637574696E6720616E20667374C7
:1051C0006F72616765206F7065726174696F6E2EB2
:1051D000000000002D2D3E204576656E742072651E
:1051E0006365697665643A2077726F74652025641B
:1051F00020627974657320617420616464726573E0
:105200007320307825782E002D2D3E204576656E52
:10521000742072656365697665643A2065726173AE
:10522000656420256420706167652066726F6D205B
:105230006164647265737320307825782E000000F5
:105240005265636569766564206461746120667285
:105250006F6D20424C45204E55532E205772697475
:10526000696E672064617461206F6E2055415254ED
:105270002E0000002D2D3E20504D5F4556545F43BB
:105280004F4E4E5F5345435F535543434545444559
:10529000440000004C696E6B207365637572656431
:1052A0002E20526F6C653A2025642E20636F6E6E3F
:1052B0005F68616E646C653A2025642C2050726FC3
:1052C0006365647572653A2025640000436F6C6CF9
:1052D0006563746F7220646964206E6F74207573E7
:1052E00065204D49544D2C20646973636F6E6E6563
:1052F0006374696E67000000436F6E6E6563746966
:105300006E67206661696C65642C20646973636FE5
:105310006E6E656374696E673A2000002D2D3E2025
:10532000504D5F4556545F434F4E4E5F5345435F6C
:10533000504152414D535F52455100002D2D3E20AA
:10534000706D5F6576745F68616E646C6572202550
:10535000640000004661737420616476657274694C
:1053600073696E6700000000414443206576656EF6
:1053700074206E756D6265723A202564000000002D
:10538000504170703A20252E326620256420256415
:105390000000000046000000450000002D2D3E20CA
:1053A0006673746F72655F6D796461746120657294
:1053B000726F7221210000002D2D3E20436F6D6D14
:1053C000616E643A206900006D414220737065652A
:1053D000643A2025642C202564000000436F72721B
:1053E0003A2025642C2025642C2025642C2025645B
:1053F00000000000504944313A20256C782C2025CB
:105400006C782C20256C7800504944323A20256C69
:10541000782C20256C782C20256C78006D796461BF
:1054200074613A2025782C2025782C2025782C2092
:1054300025780000496E6974206D79646174612E6D
:10544000000000005A65726F20656E636F646572BC
:10545000732E00004572726F7220696E20706F7338
:10546000213A0000666C617368206D796461746133
:10547000706167652E00000049676E6F7265642178
:10548000000000006E657720706173736B65793A78
:105490002031303025640000256C752C2025642CCB
:1054A00020256400436F756E74657220256C64005E
:1054B0004E6577206163637563616C20256400002D
:1054C0004163637563616C202564000054657374E7
:1054D000206D6F746F72730A0D000000456E6420BA
:1054E0007465737420256C640000000043616C696E
:1054F00062726174650000000D0A554152542073B8
:105500007461727465642E0D0A0000004465627552
:1055100067206C6F6767696E6720666F7220554100
:105520005254206F76657220525454207374617205
:105530007465642E00000000457261736520626F1F
:105540006E6473210000000001000600A43C0020EE
:10555000040000000000000000000000D030002027
:10556000F0300020000000000200000600000000F3
:10557000030002002F1BFFFF07040000640002006D
:105580005465726D696E616C0000000052545400E5
:1055900053454747455200005570646174696E6712
:1055A0002064617461206C656E67746820746F207C
:1055B0002575206F6E20636F6E6E656374696F6E04
:1055C00020307825782E000073645F626C655F6719
:1055D00061705F646174615F6C656E6774685F754C
:1055E000706461746528292028726571756573740B
:1055F00029206F6E20636F6E6E656374696F6E2015
:10560000307825782072657475726E656420257314
:105610002E000000546865207265717565737465AD
:10562000642054582F5258207061636B6574206C4D
:10563000656E67746820697320746F6F206C6F6E7D
:10564000672062792025752F2575206F6374657436
:10565000732E0000546865207265717565737465FA
:105660006420636F6D62696E6174696F6E206F662E
:1056700020545820616E64205258207061636B651D
:1056800074206C656E6774687320697320746F6F23
:10569000206C6F6E67206279202575206D696372BA
:1056A0006F7365636F6E64732E00000052657175D1
:1056B000657374696E6720746F20757064617465BA
:1056C00020415454204D545520746F20257520627C
:1056D00079746573206F6E20636F6E6E6563746995
:1056E0006F6E20307825782E0000000073645F62B2
:1056F0006C655F67617474635F65786368616E672A
:10570000655F6D74755F72657175657374282920A6
:105710006F6E20636F6E6E656374696F6E20307894
:1057200025782072657475726E6564206275737970
:105730002C2077696C6C2072657472792E000000E1
:1057400073645F626C655F67617474635F657863DF
:1057500068616E67655F6D74755F7265717565739D
:105760007428292072657475726E65642025732E05
:1057700000000000415454204D5455207570646160
:1057800074656420746F20257520627974657320B8
:105790006F6E20636F6E6E656374696F6E20307814
:1057A00025782028726573706F6E7365292E00004E
:1057B00050656572206F6E20636F6E6E65637469ED
:1057C0006F6E203078257820726571756573746509
:1057D0006420616E20415454204D5455206F662042
:1057E00025752062797465732E0000005570646120
:1057F00074696E6720415454204D545520746F20B5
:1058000025752062797465732028646573697265F3
:10581000643A20257529206F6E20636F6E6E656374
:1058200074696F6E20307825782E000073645F6293
:105830006C655F67617474735F65786368616E67D8
:10584000655F6D74755F7265706C7928292072656B
:105850007475726E65642025732E00004461746156
:10586000206C656E6774682075706461746564206F
:10587000746F202575206F6E20636F6E6E65637484
:10588000696F6E2030782530782E00006D61785F6A
:1058900072785F6F63746574733A20257500000039
:1058A0006D61785F74785F6F63746574733A2025F7
:1058B000750000006D61785F72785F74696D653A9C
:1058C000202575006D61785F74785F74696D653A45
:1058D0002025750050656572206F6E20636F6E6EB7
:1058E000656374696F6E20307825782072657175F4
:1058F000657374656420612064617461206C656EF9
:10590000677468206F662025752062797465732E30
:105910000000000052657175657374696E672074CC
:105920006F2075706461746520415454204D545546
:1059300020746F202575206279746573206F6E2046
:10594000636F6E6E656374696F6E203078257820A2
:10595000287265747279292E000000006E72665FED
:10596000626C655F6761747400000000626C655F63
:105970006E7573009ECADC240EE5A9E093F3A3B50F
:105980000000406E60A7040070A70400080000003B
:1059900050A7040060A704000800000048A7040006
:1059A00050A70400080000006E72665F7364680010
:1059B0000100000773645F626C655F6366675F7315
:1059C000657428292072657475726E65642025736C
:1059D000207768656E20617474656D7074696E6798
:1059E00020746F2073657420424C455F434F4E4EC8
:1059F0005F4346475F4741502E00000073645F627B
:105A00006C655F6366675F736574282920726574CF
:105A100075726E6564202573207768656E206174E9
:105A200074656D7074696E6720746F20736574207F
:105A3000424C455F4741505F4346475F524F4C459C
:105A40005F434F554E542E0073645F626C655F6315
:105A500066675F73657428292072657475726E6558
:105A600064202573207768656E20617474656D709D
:105A700074696E6720746F2073657420424C455FB3
:105A8000434F4E4E5F4346475F474154542E0000FC
:105A900073645F626C655F6366675F736574282912
:105AA0002072657475726E65642025732077686551
:105AB0006E20617474656D7074696E6720746F20F8
:105AC00073657420424C455F434F4D4D4F4E5F43CD
:105AD00046475F56535F555549442E0073645F62D5
:105AE0006C655F6366675F736574282920726574EF
:105AF00075726E6564202573207768656E20617409
:105B000074656D7074696E6720746F20736574209E
:105B1000424C455F47415454535F4346475F4154AD
:105B200054525F5441425F53495A452E00000000D1
:105B300073645F626C655F6366675F736574282971
:105B40002072657475726E656420257320776865B0
:105B50006E20617474656D7074696E6720746F2057
:105B600073657420424C455F47415454535F43462C
:105B7000475F534552564943455F4348414E474569
:105B8000442E0000496E73756666696369656E74BC
:105B90002052414D20616C6C6F63617465642066B6
:105BA0006F722074686520536F667444657669630C
:105BB000652E00004368616E676520746865205239
:105BC000414D207374617274206C6F636174696FEE
:105BD0006E2066726F6D203078257820746F2030CB
:105BE0007825782E000000004D6178696D756D2074
:105BF00052414D2073697A6520666F722061707022
:105C00006C69636174696F6E2069732030782578E0
:105C10002E00000073645F626C655F656E61626C8C
:105C20006528292072657475726E65642025732E4F
:105C30000000000000A7040048A7040008000000BE
:105C40006E72665F7364685F626C6500F0A6040044
:105C500000A70400080000006E72665F7364685F4E
:105C6000736F630050574D00705F66730000000053
:105C7000257320636865636B206661696C656420C9
:105C8000696E202573282920776974682076616CF5
:105C9000756520307825782E00000000705F6170F7
:105CA00069000000705F66732D3E705F617069006F
:105CB000705F6465737400006C656E00616464728B
:105CC0005F69735F616C69676E65643332287372F4
:105CD00063290000616464725F69735F7769746847
:105CE000696E5F626F756E647328705F66732C20D7
:105CF0007372632C206C656E29000000705F7372F4
:105D00006300000021286C656E202520705F66739B
:105D10002D3E705F666C6173685F696E666F2D3EC5
:105D200070726F6772616D5F756E69742900000033
:105D3000616464725F69735F616C69676E65643327
:105D40003228646573742900616464725F69735FEB
:105D5000616C69676E65643332282875696E7433C7
:105D6000325F7429705F737263290000616464722A
:105D70005F69735F77697468696E5F626F756E647F
:105D80007328705F66732C20646573742C206C65B7
:105D90006E290000616464725F69735F706167659A
:105DA0005F616C69676E656428705F66732C207034
:105DB0006167655F616464722900000061646472F8
:105DC0005F69735F77697468696E5F626F756E642F
:105DD0007328705F66732C20706167655F6164640F
:105DE000722C20286C656E202A20705F66732D3E11
:105DF000705F666C6173685F696E666F2D3E657279
:105E00006173655F756E6974292900006E72665F43
:105E10006673746F726167655F65726173650000B8
:105E20006E72665F6673746F726167655F777269C1
:105E3000746500006E72665F6673746F7261676589
:105E40005F696E69740000006E72665F6673746FDE
:105E5000726167650000000021060300010603006F
:105E6000F10503004D080300B9080300C505030050
:105E7000C9050300CD050300001000000400000068
:105E800001000000546865206C6F63616C206461E0
:105E900074616261736520686173206368616E6715
:105EA00065642C20736F20736F6D6520737562734A
:105EB0006372697074696F6E7320746F206E6F7493
:105EC000696669636174696F6E7320616E642069CD
:105ED0006E6469636174696F6E7320636F756C645F
:105EE000206E6F7420626520726573746F726564D2
:105EF00020666F7220636F6E6E5F68616E646C65A2
:105F0000202564006773636D5F6C6F63616C5F6411
:105F1000625F63616368655F6170706C79282920D6
:105F200072657475726E6564202573207768696385
:105F3000682073686F756C64206E6F742068617080
:105F400070656E2E20636F6E6E5F68616E646C6547
:105F50003A20256400000000466C61736820667575
:105F60006C6C2E20436F756C64206E6F742073749C
:105F70006F7265206461746120666F7220636F6E5A
:105F80006E5F68616E646C653A20256400000000F5
:105F90006773636D5F6C6F63616C5F64625F6361A5
:105FA0006368655F75706461746528292072657423
:105FB00075726E656420257320666F7220636F6E44
:105FC0006E5F68616E646C653A20256400000000B5
:105FD0006773636D5F736572766963655F6368613C
:105FE0006E6765645F696E645F73656E64282920FF
:105FF00072657475726E656420257320666F7220F9
:10600000636F6E6E5F68616E646C653A2025640034
:10601000436F756C64206E6F742061637175697273
:106020006520636F6E6E5F73746174652075736550
:106030007220666C6167732E20496E6372656173AE
:106040006520424C455F434F4E4E5F53544154458B
:106050005F555345525F464C41475F434F554E5441
:1060600020696E2074686520626C655F636F6E6E78
:106070005F7374617465206D6F64756C652E0000CC
:1060800043415220636861722076616C75652063BC
:106090006F756C646E27742062652073746F72650F
:1060A0006420286572726F723A202573292E20525F
:1060B00065617474656D70742077696C6C206861BB
:1060C0007070656E206F6E20746865206E657874E0
:1060D00020636F6E6E656374696F6E2E0000000042
:1060E000556E65787065637465642047415454202B
:1060F000737461747573207768696C652067657463
:1061000074696E6720434152206368617220766132
:106110006C75653A20307825780000004D756C74F8
:1061200069706C65202825642920434152206368EA
:106130006172616374657269737469637320666FF9
:10614000756E642C207573696E67207468652066AF
:10615000697273742E000000556E65787065637403
:1061600065642043415220636861726163746572A3
:1061700069737469632076616C7565206C656E6700
:10618000746820282564292C2073746F7265203070
:106190002E00000000000000010000007065657224
:1061A0005F6D616E616765725F67636D000000001F
:1061B0000100FFFF7064735F706565725F646174F6
:1061C000615F73746F726528292072657475726ED1
:1061D0006564202573207768696C652073746F721D
:1061E000696E672073657276696365206368616EA6
:1061F000676564737461746520666F72207065658D
:10620000722069642025642E000000007064625FC3
:10621000706565725F646174615F7074725F6765F9
:106220007428292072657475726E65642025732048
:10623000666F7220636F6E6E5F68616E646C653A44
:106240002025640044696420616E6F746865722063
:10625000746872656164206D616E6970756C6174DB
:106260006520504D5F504545525F444154415F4960
:10627000445F474154545F4C4F43414C20666F721A
:1062800020706565725F69642025642061742074E4
:1062900068652073616D652074696D653F20706469
:1062A000625F77726974655F6275665F72656C655F
:1062B00061736528292072657475726E6564202586
:1062C000732E000073645F626C655F676174747342
:1062D0005F7379735F617474725F736574282920CA
:1062E00072657475726E6564204E52465F455252F7
:1062F0004F525F494E56414C49445F4441544120FE
:10630000666F72204E554C4C20706F696E746572CA
:106310002077686963682073686F756C64206E65A8
:106320007665722068617070656E2E20636F6E6E88
:106330005F68616E646C653A2025640073645F6217
:106340006C655F67617474735F696E697469616CB1
:106350005F757365725F68616E646C655F676574B5
:1063600028292072657475726E6564202573207704
:10637000686963682073686F756C64206E6F742041
:1063800068617070656E2E00000000000100000062
:10639000706565725F6D616E616765725F6773637B
:1063A0006D000000010001008C6304000100010089
:1063B00088630400706565725F6D616E6167657208
:1063C0005F696D0047656E65726174696E6720452F
:1063D0004343206B65792070616972006E72665F5D
:1063E00063727970746F5F6563635F6B65795F700B
:1063F0006169725F67656E657261746528292072D4
:10640000657475726E6564206572726F7220307883
:1064100025782E006E72665F63727970746F5F65A7
:1064200063635F7075626C69635F6B65795F746FDE
:106430005F72617728292072657475726E656420B9
:106440006572726F7220307825782E006E72665FEA
:1064500063727970746F5F6563635F627974655F9F
:106460006F726465725F696E766572742829207236
:10647000657475726E6564206572726F7220307813
:1064800025782E006E72665F63727970746F5F6933
:106490006E697428292072657475726E6564206552
:1064A00072726F7220307825782E0000496E697400
:1064B00069616C697A6564206E72665F6372797077
:1064C000746F2E00496E697469616C697A65642025
:1064D0006E72665F626C655F6C6573632E000000B0
:1064E000547279696E6720746F206163636573739A
:1064F000204C455343207075626C6963206B65794D
:10650000207468617420686173206E6F7420626506
:10651000656E2067656E6572617465642079657467
:106520002E0000004372656174696E6720696E76A3
:10653000616C69642073686172656420736563725D
:10654000657420746F206D616B65204C455343204A
:106550006661696C2E00000043616C6C696E672097
:1065600073645F626C655F6761705F6C6573635FC6
:1065700064686B65795F7265706C79206F6E2063FB
:106580006F6E6E5F68616E646C653A202564000012
:1065900073645F626C655F6761705F6C6573635F96
:1065A0006F6F625F646174615F7365742829207224
:1065B000657475726E6564206572726F72203078D2
:1065C00025782E0052656D6F7465207065657220A8
:1065D0006973207573696E67206964656E74696399
:1065E000616C207075626C6963206B65792E0000A8
:1065F0006E72665F63727970746F5F6563635F70FC
:1066000075626C69635F6B65795F66726F6D5F72EF
:10661000617728292072657475726E6564206572D1
:10662000726F7220307825782E0000006E72665FDF
:10663000626C655F6C65736300000000436F756C8E
:1066400064206E6F742064656C6574652070656588
:106650007220646174612E206664735F66696C6584
:106660005F64656C65746528292072657475726E47
:106670006564203078257820666F722070656572B9
:106680005F69643A20256400436F756C64206E6F07
:106690007420696E697469616C697A6520666C61E1
:1066A00073682073746F726167652E206664735F10
:1066B00072656769737465722829207265747572D2
:1066C0006E656420307825782E000000436F756C6D
:1066D00064206E6F7420696E697469616C697A6593
:1066E00020666C6173682073746F726167652E2019
:1066F0006664735F696E69742829207265747572A7
:106700006E656420307825782E000000436F756C2C
:1067100064206E6F7420777269746520646174619F
:1067200020746F20666C6173682E206664735F72DC
:1067300065636F72645F7B77726974657C75706482
:106740006174657D28292072657475726E65642098
:10675000307825782E20706565725F69643A20254F
:1067600064000000706565725F6D616E61676572DF
:106770005F70647300000000706D5F62756666652F
:10678000725F7074725F676574282920636F756C1F
:1067900064206E6F7420726574726965766520522C
:1067A000414D206275666665722E20626C6F636B68
:1067B0005F69643A202564007064735F7065657278
:1067C0005F646174615F73746F72652829207265FC
:1067D0007475726E65642025732E20706565725F16
:1067E00069643A2025640000536F6D65207065650B
:1067F00072206461746120776173206E6F74207001
:10680000726F7065726C79207772697474656E202E
:10681000746F20666C6173682E2077726974655F8F
:106820006275665F73746F7265282920726574756E
:10683000726E656420257320666F722070656572C4
:106840005F69643A20256400504D5F4255464645D5
:10685000525F494E495428292072657475726E65DD
:10686000642025732E000000506565722049442085
:10687000256420776173206E6F742070726F70656D
:10688000726C792072656C65617365642E2070642A
:10689000735F706565725F69645F667265652829FC
:1068A0002072657475726E65642025732E20706584
:1068B00065725F69643A20256400000043616E6E72
:1068C0006F742073746F7265206461746120746FDB
:1068D00020666C6173682062656361757365207002
:1068E0006D5F6275666665725F7074725F6765740E
:1068F000282920636F756C64206E6F742072657434
:1069000072696576652052414D20627566666572D2
:106910002E20497320626C6F636B5F69642025646D
:10692000206E6F7420616C6C6F63617465643F00EE
:10693000706565725F6D616E616765725F706462DC
:1069400000000000436F756C64206E6F74207265E8
:106950007472656976652072616E6B732E20706447
:10696000625F706565725F646174615F6C6F6164C2
:1069700028292072657475726E65642025732E2037
:10698000706565725F69643A20256400257320662E
:1069900061696C656420626563617573652070640C
:1069A000735F696E697428292072657475726E65EB
:1069B000642025732E0000002573206661696C65D4
:1069C000642062656361757365207064625F696EDF
:1069D000697428292072657475726E656420257348
:1069E0002E0000002573206661696C656420626575
:1069F000636175736520736D5F696E697428292002
:106A000072657475726E65642025732E0000000037
:106A10002573206661696C656420626563617573C6
:106A20006520736D645F696E6974282920726574CE
:106A300075726E65642025732E0000002573206634
:106A400061696C6564206265636175736520676365
:106A50006D5F696E697428292072657475726E6540
:106A6000642025732E0000002573206661696C6523
:106A7000642062656361757365206773636D5F6928
:106A80006E697428292072657475726E656420259C
:106A9000732E000025732829206661696C656420C7
:106AA0006265636175736520612063616C6C20743D
:106AB0006F20706D5F706565725F64656C6574658D
:106AC00028292072657475726E65642025732E20E6
:106AD000706565725F69643A20256400436F756C68
:106AE00064206E6F74207570646174652072616ECD
:106AF0006B2E207064625F7261775F73746F726572
:106B000028292072657475726E65642025732E20A5
:106B1000706565725F69643A20256400706D5F700E
:106B2000656572735F64656C65746500706D5F693F
:106B30006E697400706565725F6D616E6167657224
:106B40000000000001000600F4690020436F6E6E33
:106B5000656374696F6E20736563757265643A204E
:106B6000726F6C653A2025732C20636F6E6E5F68C0
:106B7000616E646C653A2025642C2070726F6365C9
:106B8000647572653A20257300000000436F6E6ED5
:106B9000656374696F6E20736563757269747920BB
:106BA0006661696C65643A20726F6C653A20257382
:106BB0002C20636F6E6E5F68616E646C653A203086
:106BC0007825782C2070726F6365647572653A2041
:106BD00025732C206572726F723A202564000000C4
:106BE000466C6173682073746F72616765206973A6
:106BF0002066756C6C000000556E65787065637476
:106C0000656420666174616C206572726F72206FBA
:106C1000636375727265643A206572726F723A20AE
:106C2000257300002C206E6F206368616E6765001D
:106C3000506565722064617461207570646174656B
:106C40006420696E20666C6173683A2070656572B5
:106C50005F69643A2025642C20646174615F696413
:106C60003A2025732C20616374696F6E3A20257376
:106C70002573000050656572206461746120757031
:106C80006461746564206661696C65643A2070654E
:106C900065725F69643A2025642C20646174615FC9
:106CA00069643A2025732C20616374696F6E3A2001
:106CB00025732C206572726F723A202573000000D4
:106CC000506565722064656C6574656420737563D6
:106CD0006365737366756C6C793A20706565725F75
:106CE00069643A2025640000506565722064656C13
:106CF0006574696F6E206661696C65643A207065C1
:106D000065725F69643A2025642C206572726F7227
:106D10003A20257300000000416C6C20706565729C
:106D2000732064656C657465642E0000416C6C2092
:106D3000706565722064656C6574696F6E2066614C
:106D4000696C65643A206572726F723A202573002F
:106D50004C6F63616C20444220636F756C64206EDD
:106D60006F74206265206170706C6965643A20639D
:106D70006F6E6E5F68616E646C653A2025642C20CE
:106D8000706565725F69643A20256400466C6173C2
:106D900068206761726261676520636F6C6C656310
:106DA00074696F6E206661696C65642077697468C8
:106DB000206572726F722025732E0000556E657803
:106DC00070656374656420504D206576656E74202F
:106DD00049443A20307825782E000000706D5F63BA
:106DE0006F6E6E5F736563757265282920666169D1
:106DF0006C6564206265636175736520616E205304
:106E00004D502074696D656F7574206973207072C0
:106E10006576656E74696E672073656375726974F3
:106E200079206F6E20746865206C696E6B2E20442B
:106E30006973636F6E6E656374696E6720636F6EEE
:106E40006E5F68616E646C652025642E0000000032
:106E500073645F626C655F6761705F646973636FC1
:106E60006E6E65637428292072657475726E656430
:106E7000202573206F6E20636F6E6E5F68616E6495
:106E80006C652025642E0000706D5F636F6E6E5F11
:106E90007365637572652829206661696C65642075
:106EA00062656361757365207468652073746F72C1
:106EB0006564206461746120666F7220636F6E6E1A
:106EC0005F68616E646C6520256420646F65732063
:106ED0006E6F74206861766520612076616C6964EC
:106EE000206B65792E000000706D5F636F6E6E5FC2
:106EF0007365637572652829206661696C65642015
:106F00006265636175736520636F6E6E5F68616E45
:106F1000646C65202564206973206E6F7420612085
:106F200076616C696420636F6E6E656374696F6E01
:106F30002E000000417373657274696E672E2070B5
:106F40006D5F636F6E6E5F73656375726528292070
:106F500072657475726E6564202573206F6E206390
:106F60006F6E6E5F68616E646C652025642E000034
:106F7000417373657274696E672E000041747465A5
:106F80006D7074696E6720746F20636C65616E202C
:106F9000666C6173682E000044656C6574696E6789
:106FA000206C6F776573742072616E6B65642070FE
:106FB0006565722028706565725F69643A20256492
:106FC00029000000546865726520617265206E6F4B
:106FD00020706565727320746F2064656C657465DC
:106FE0002E000000506565722072616E6B73206622
:106FF000756E6374696F6E616C6974792069732052
:1070000064697361626C65642C20736F206E6F20FD
:107010007065657273206172652064656C65746566
:10702000642E0000446973636F6E6E656374696EED
:107030006720636F6E6E5F68616E646C65202564A7
:107040002E000000557064617465000044656C6535
:10705000746500004F75746461746564202830297C
:107060000000000053657276696365206368616E95
:107070006765642070656E64696E6720666C616721
:10708000000000004F757464617465642028322923
:10709000000000004F757464617465642028332912
:1070A000000000004170706C69636174696F6E204C
:1070B000646174610000000052656D6F7465206446
:1070C0006174616261736500506565722072616E02
:1070D0006B000000426F6E64696E672064617461CA
:1070E000000000004C6F63616C2064617461626138
:1070F0007365000043656E7472616C206164647234
:10710000657373207265736F6C7574696F6E0000C0
:10711000456E6372797074696F6E0000426F6E64C1
:10712000696E670050616972696E6700496E7661C9
:107130006C696420526F6C650000000050657269D4
:1071400070686572616C000043656E7472616C00FA
:10715000706565725F6D616E616765725F68616EB3
:10716000646C657200000000447004004C70040000
:10717000547004006470040084700400947004006F
:10718000A4700400B8700400C8700400D470040037
:10719000E4700400F4700400107104001C71040019
:1071A000247104002C7104003C7104004871040037
:1071B000436F756C64206E6F7420636C65616E2024
:1071C0007570206166746572206661696C65642003
:1071D000626F6E64696E672070726F63656475724A
:1071E000652E207064625F77726974655F62756690
:1071F0005F72656C656173652829207265747572AC
:107200006E65642025732E20636F6E6E5F68616EFD
:10721000646C653A2025642E00000000436F756C95
:1072200064206E6F74207265747269657665205291
:10723000414D2062756666657220666F7220696EC8
:10724000636F6D696E6720626F6E642E207064627A
:107250005F77726974655F6275665F676574282918
:107260002072657475726E65642025732E20636FBD
:107270006E6E5F68616E646C653A20256400000084
:10728000696D5F626C655F616464725F67657428D5
:10729000292072657475726E65642025732E2063D3
:1072A0006F6E6E5F68616E646C653A2025642E2097
:1072B0004C696E6B20776173206C696B656C79200B
:1072C000646973636F6E6E65637465642E0000009D
:1072D00073645F626C655F6761705F7365635F694C
:1072E0006E666F5F7265706C79282920726574759F
:1072F000726E6564204E52465F45524F525F494E52
:1073000056414C49445F53544154452C2077686999
:10731000636820697320616E6572726F7220756E8A
:107320006C65737320746865206C696E6B2069737B
:1073300020646973636F6E6E656374696E672E0097
:10734000436F756C64206E6F7420636F6D706C6535
:10735000746520656E6372797074696F6E207072E7
:107360006F6365647572652E2073645F626C655F20
:107370006761705F7365635F696E666F5F7265708A
:107380006C7928292072657475726E656420257386
:107390002E20636F6E6E5F68616E646C653A2025A7
:1073A000642C20706565725F69643A2025642E0044
:1073B00052414D2062756666657220666F72206E5E
:1073C000657720626F6E642077617320756E6176D9
:1073D00061696C61626C652E207064625F777269AE
:1073E00074655F6275665F676574282920726574CD
:1073F00075726E65642025732E20636F6E6E5F68F4
:10740000616E646C653A2025642E0000436F756CD4
:1074100064206E6F7420616C6C6F63617465206EA4
:10742000657720706565725F696420666F72206998
:107430006E636F6D696E6720626F6E642E00000070
:10744000436F756C64206E6F742073746F72652067
:10745000626F6E642E207064625F77726974655F1C
:107460006275665F73746F72652829207265747522
:10747000726E65642025732E20636F6E6E5F686187
:107480006E646C653A2025642C20706565725F69B6
:10749000643A202564000000706565725F6D616E5E
:1074A000616765725F736D640000000043616E6E1A
:1074B0006F7420736563757265206C696E6B2062F2
:1074C00065636175736520612070726576696F759B
:1074D000732073656375726974792070726F636568
:1074E0006475726520656E64656420696E207469D8
:1074F0006D656F75742E20446973636F6E6E65637E
:107500007420616E642072657472792E20736D64CC
:107510005F706172616D735F7265706C792829208C
:107520006F7220736D645F6C696E6B5F73656375FA
:10753000726528292072657475726E6564204E52DA
:10754000465F4552524F525F54494D454F55542E58
:1075500020636F6E6E5F68616E646C653A202564AF
:1075600000000000436F756C64206E6F74207065BE
:1075700072666F726D2073656375726974792070BD
:10758000726F6365647572652E20736D645F7061E0
:1075900072616D735F7265706C792829206F72203B
:1075A000736D645F6C696E6B5F736563757265287C
:1075B000292072657475726E65642025732E2063B0
:1075C0006F6E6E5F68616E646C653A2025640000C2
:1075D000436F756C64206E6F7420706572666F7295
:1075E0006D2073656375726974792070726F63655D
:1075F000647572652E20736D645F6C696E6B5F736A
:10760000656375726528292072657475726E65648C
:107610002025732E20636F6E6E5F68616E646C65EB
:107620003A20256400000000706565725F6D616E30
:10763000616765725F736D006170705F74696D651D
:10764000725F737461727428292072657475726E2A
:1076500065642025730000006170705F74696D655A
:10766000725F73746F7028292072657475726E650D
:1076700064202573000000004E6F20737061636505
:1076800020746F20626C61636B6C69737420616E2F
:107690006F7468657220706565722049440000004F
:1076A00050310020706565725F6D616E6167657253
:1076B0005F617374000000000000FFFFDEC0ADDEFC
:1076C000FE011EF1DEC0ADDEFF011EF1534141445B
:1076D0004300000071830300718303007183030082
:1076E00071830300718303007183030071830300BE
:1076F00071830300718303007183030071830300AE
:10770000DD840300A58503005D8303005D83030022
:107710005D8303005D8303005D8303005D830300DD
:107720005D8303005D8303005D8303005D830300CD
:107730005D830300CD840300958503004C034C0357
:107740004C034C034C034C034C034C034C034C03C1
:107750004C03600130020000B5820300B5820300D3
:10776000B5820300B5820300B5820300B582030031
:10777000B5820300B5820300B5820300B582030021
:10778000B58203002D840300F18403008C038C0375
:107790008C038C038C038C038C038C038C038C0371
:1077A0008C038C03B9850300B9850300B9850300F8
:1077B000B9850300B9850300B9850300B9850300C5
:1077C000B9850300B9850300B9850300B9850300B5
:1077D00051860300537461636B206F766572666C2B
:1077E0006F772064657465637465642E0000000023
:1077F000800338030420400008000000140000004B
:10780000200000001C000000400000004661696C80
:1078100020746F2061637175697265206D75746580
:10782000780A00004661696C20746F2072656C658F
:10783000617365206D757465780A00004661696C36
:1078400020746F20696E63726561736520504D20EE
:10785000636F756E7465720A000000004661696CA2
:1078600020746F20646563726561736520504D20DC
:10787000636F756E7465720A0000000000010203F8
:107880000405060708090A0B0C0D0E0F1011121340
:107890001415161718191A1B1C1D1E1FC6A13B37DD
:1078A000878F5B826F4F8162A1C8D8799503E3A26D
:1078B000245A2BE43C9874EDFE1BED9EF29000B62A
:1078C0002A499FD0A9F39A6ADD2E77809DBA41A7F5
:1078D00077F3B46A37B7AAAE49D6DF8D2F7A3C600A
:1078E0000708D124ACD3C5DE3B6584470123456737
:1078F00089ABCDEFFEDCBA9876543210F0E1D2C3FA
:10790000D89E05C107D57C3617DD703039590EF782
:10791000310BC0FF11155868A78FF964A44FFABE48
:1079200067E6096A85AE67BB72F36E3C3AF54FA510
:107930007F520E518C68059BABD9831F19CDE05B3C
:1079400008C9BCF367E6096A3BA7CA8485AE67BB72
:107950002BF894FE72F36E3CF1361D5F3AF54FA59D
:10796000D182E6AD7F520E511F6C3E2B8C68059B79
:107970006BBD41FBABD9831F79217E1319CDE05B31
:1079800000000000010000000300000002000000F1
:10799000FFFFFFFF070000004661696C20746F2045
:1079A0006765742054524E47206368617261637446
:1079B0006572697A6174696F6E20706172616D655C
:1079C00074657273200A00004661696C20746F2030
:1079D0006372656174652053594D206D75746578C7
:1079E0000A0000004661696C20746F206372656153
:1079F0007465204153594D206D757465780A0000F7
:107A00004661696C656420746F206372656174659A
:107A100020506F776572206D757465780A000000DC
:107A20004661696C20746F206372656174652047DC
:107A3000656E566563206D757465780A00000000F8
:107A400043616E277420696E697469616C697A6537
:107A5000206D757465782C20776173204E554C4CE1
:107A60000D0A000043616E2774206C6F636B206DFC
:107A7000757465782C20776173204E554C4C0D0A37
:107A80000000000043616E277420756E6C6F636B9D
:107A9000206D757465782C20776173204E554C4CA1
:107AA0000D0A0000536153695F48616C5761697446
:107AB000496E746572727570742063616E7420779C
:107AC00061697420666F72206E6F7468696E670AF0
:107AD00000000000000102030405060708090A0B64
:107AE0000C0D0E0F101112131415161718191A1B5E
:107AF0001C1D1E1F0000000022AE28D7982F8A42AE
:107B0000CD65EF23914437712F3B4DECCFFBC0B5D2
:107B1000BCDB8981A5DBB5E938B548F35BC25639D2
:107B200019D005B6F111F1599B4F19AFA4823F92BC
:107B300018816DDAD55E1CAB420203A398AA07D860
:107B4000BE6F7045015B83128CB2E44EBE8531245A
:107B5000E2B4FFD5C37D0C556F897BF2745DBE72B4
:107B6000B196163BFEB1DE803512C725A706DC9B19
:107B7000942669CF74F19BC1D24AF19EC1699BE4FE
:107B8000E3254F388647BEEFB5D58C8BC69DC10F18
:107B9000659CAC77CCA10C2475022B596F2CE92D78
:107BA00083E4A66EAA84744AD4FB41BDDCA9B05C10
:107BB000B5531183DA88F976ABDF66EE52513E9801
:107BC0001032B42D6DC631A83F21FB98C82703B0F1
:107BD000E40EEFBEC77F59BFC28FA83DF30BE0C6CE
:107BE00025A70A934791A7D56F8203E05163CA0680
:107BF000706E0E0A67292914FC2FD246850AB72712
:107C000026C9265C38211B2EED2AC45AFC6D2C4D4A
:107C1000DFB3959D130D3853DE63AF8B54730A6544
:107C2000A8B2773CBB0A6A76E6AEED472EC9C281A0
:107C30003B358214852C72926403F14CA1E8BFA2FB
:107C4000013042BC4B661AA89197F8D0708B4BC29A
:107C500030BE5406A3516CC71852EFD619E892D122
:107C600010A96555240699D62A20715785350EF43A
:107C7000B8D1BB3270A06A10C8D0D2B816C1A4194E
:107C800053AB4151086C371E99EB8EDF4C77482778
:107C9000A8489BE1B5BCB034635AC9C5B30C1C39C4
:107CA000CB8A41E34AAAD84E73E363774FCA9C5B01
:107CB000A3B8B2D6F36F2E68FCB2EF5DEE828F747C
:107CC000602F17436F63A57872ABF0A11478C88456
:107CD000EC39641A0802C78C281E6323FAFFBE9091
:107CE000E9BD82DEEB6C50A41579C6B2F7A3F9BEEC
:107CF0002B5372E3F27871C69C6126EACE3E27CA06
:107D000007C2C021C7B886D11EEBE0CDD67DDAEA26
:107D100078D16EEE7F4F7DF5BA6F1772AA67F006C5
:107D2000A698C8A2C57D630AAE0DF9BE04983F119E
:107D30001B471C13350B711B847D0423F577DB284F
:107D40009324C7407BABCA32BCBEC9150ABE9E3C59
:107D50004C0D109CC4671D43B6423ECBBED4C54CEF
:107D60002A7E65FC9C297F59ECFAD63AAB6FCB5F33
:107D70001758474A8C19446CEDFFFFFFFFFFFFFFC8
:107D8000FFFFFFFFFFFFFFFFFFFFFFFFFFFFFFFF03
:107D9000FFFFFFFFFFFFFF7FFF0000000800000064
:107DA00009000000000000000000000000000000CA
:107DB00000000000000000000000000000000000C3
:107DC000D9D3CE7EA2C5E929B2617C6D7E4D3D92AC
:107DD0004CD148772CDD1EE0B486A0B8A119AE20A6
:107DE000EDD3F55C1A631258D69CF7A2DEF9DE14C7
:107DF0000000000000000000000000000000001073
:107E0000FD000000080000000800000042DB010047
:107E10000000000000000000000000000000000062
:107E20000000000000000000000000000000000052
:107E300000000000800000000000000000000000C2
:107E4000FFFFFFFFFFFFFFFF3F00000000000000FB
:107E50000000000000000000437572766532353581
:107E6000313900000000000000000000F87F4000F1
:107E7000EDFFFFFFFFFFFFFFFFFFFFFFFFFFFFFF24
:107E8000FFFFFFFFFFFFFFFFFFFFFFFFFFFFFF7F82
:107E9000FF000000080000001AD5258F602D56C98C
:107EA000B2A7259560C72C695CDCD6FD31E2A4C081
:107EB000FE536ECDD3366921586666666666666681
:107EC0006666666666666666666666666666666652
:107ED0006666666666666666EDD3F55C1A6312587A
:107EE000D69CF7A2DEF9DE140000000000000000BE
:107EF0000000000000000010FD000000080000006D
:107F000008000000A3785913CA4DEB75ABD8414166
:107F10004D0A700098E879777940C78C73FE6F2B13
:107F2000EE6C0352A3DDB7A5B38ADE6DF55251772F
:107F3000809FF0207DE3AB648E4EEA6665768BD73A
:107F40000F5F8767853B8CF5C693BC2F190E8CFBA2
:107F5000C62D93CFC2423D6498480B2765BAD433EF
:107F60003A9DCF073E9140D70539109DB3BE40D111
:107F7000059F39FD098A8F683484C1A56712F89876
:107F8000922FFD4468AA7A870512C9AB9EC4AACC79
:107F900023E8D9268C5943DDCB7D1B5AA8650C9F5D
:107FA000687B116F85558578FAED3654613B553302
:107FB000DC1726D973A6BC223482E4A5579AF36055
:107FC0009784EE10D7713C93FCE72492B5F50F7AB5
:107FD000969D469F0207D6E1659AA65A2E2E7DA849
:107FE0003F060C59A8D5B44260A5998AF6AC604EFC
:107FF0000C812B8FAA376EB16B239EE05525C96982
:10800000A695B56B5F7A9BA5B3A8FA4378CF9A5D26
:10801000DD6BC136316A3D0B84A00F50730BA53E5A
:10802000B1F51A708E85645A4C5705BC873065A22D
:1080300022943EC9CE95C2F47B5FF0AF8CF45AC156
:108040004E0AE50F9F09FC8EB95173283825FD7D36
:10805000F4C6656765920AFB3D8D34CA2787E52122
:1080600003910E68BF1868050A05FE95A9FA6056C7
:1080700071897E327350A006CDE3E8C39AA445749B
:108080004C3F932709FF76C4E9FB135A72C15C7B0E
:1080900045399E6E94442B10F9DCDB5D2B3E556315
:1080A000BF0C9D7FE400893B1604ECA58D3EA384A4
:1080B000BAC661916BBBD4EF062324A2D4C1AA9C9B
:1080C00040F362008F3EDD046659B7592C7088E298
:1080D0007703B36C23C3D95E669C33B12FE5BC61D3
:1080E00060E71509D93492F3ED5DA7E2F958B5E1DF
:1080F00080763D96FB233C6EAC41272CC3010E32AB
:10810000A124903A1A91A2C9D9F5C1E7D7A7CC8B7F
:108110007871A3B8322AB60E19126463954ECC2E2C
:108120005C7C9026D36E5D36260A3E182858337440
:10813000878E5C47CDD549F1E6ED9B9C6AB133D182
:10814000A3836F59F621902DA5042D329CBFC675CF
:10815000339FC1B9090BD242433A7A5861FE64AAEF
:10816000F81C3B14F32D3E55CA51C87EB37848A67F
:10817000CB8412A7E7D1883219E4B5E683889A5AEE
:10818000EC10F24CABCA8A967D7C869F2927092782
:108190008E25545F750918EA4BD3A7D0E1264137E5
:1081A000A346B5214235756982837960D6D8F6D861
:1081B00071DAABA08AF6E715B42C582F1ED9BEC8C9
:1081C0005CB94A5E0ECE43284EA1C5835FA4D71585
:1081D000458E0D08ACE733187D3B043D6C045A9F77
:1081E0004C38AB36C9A3F86AAE465F0E56513864B8
:1081F000510F3997561FA2C9E85EA21DC229230953
:10820000F3CD602201B4696D553F1AB70224F7C15E
:10821000C9AC795D13B40373085FE51DDC682F0BEF
:1082200085A7982470F8C9C457A63A494715CE9334
:10823000C19E731AF920357AB8D4258346F1CF56FA
:10824000DBA83D202F1132CA61AB38DFF00F2FEAD7
:108250003228F24C6C71D58085B80E47E19515CB6C
:1082600027E8D04758138A72F6228F5FCA07DDB617
:108270001EE3957160297CC66ABA14720C2673D805
:10828000D83C7822264F7E97F640DD4FFC5278F995
:10829000903103E67D56390B1D568285F91A421737
:1082A000696CCF3969D2063A4F392DF938408C4C78
:1082B000E70512B4788BF8C0EC93DE7A6BCE2CE134
:1082C0000EA934449FC6E2597F74C123B5A6B8767F
:1082D000C1564E7195A5476D5484A3D36D6C74122D
:1082E0007911F86D59F1B226949BD6EB56B1838281
:1082F0009A14E00030D1F3EEF2808E19E7FCDF56DD
:10830000DCD90624FDFFFFFFFFFFFFFFFFFFFFFF9C
:10831000FFFFFFFFFFFFFFFFFFFFFFFFFFFFFFFF6D
:10832000FFFFFF0FB0A00E4A271BEEC478E42FAD6D
:108330000618432FA7D7FB3D99004D2B0BDFC14FEC
:108340008024832B0000000000000000800000005B
:108350000000000000000000FFFFFFFFFFFFFFFF25
:10836000FF0000000000000000000000F8FFFFFF19
:10837000FFFFFF7F00000040EDF00300F5F0030079
:10838000FDF0030005F103000DF1030015F10300FA
:108390001DF1030025F103002DF1030035F1030069
:1083A0003DF103000000000073ACFFFFFEFFFFFF84
:1083B000FFFFFFFFFFFFFFFFFFFFFFFF00000000C9
:1083C00000000000000000000000000000000000AD
:1083D000000000000000000000000000000000009D
:1083E000000000000000000000000000000000008D
:1083F000000000000000000000000000000000007D
:10840000000000000000000000000000000000006C
:10841000000000000000000000000000000000005C
:10842000000000000000000000000000000000004C
:108430000000000000000000070000000000000035
:10844000000000000000000000000000000000002C
:10845000000000000000000000000000000000001C
:10846000000000000000000000000000000000000C
:1084700000000000000000000000000000000000FC
:10848000B3B616CA9AABDF16FAB8010000000000B6
:1084900000000000010000000000000000000000DB
:1084A00000000000000000000000000000000000CC
:1084B00000000000000000000000000000000000BC
:1084C000000000000000000000000000BB7E4DDD49
:1084D000F5F43630769E01A492A17AE32C384C3B19
:1084E000000000000000000000000000000000008C
:1084F000000000000000000000000000000000007C
:10850000000000000000000000000000000000006B
:1085100000000000EE4F3CF0C33317538682C26B5D
:10852000EDDC8F3135F98C93000000000000000075
:10853000000000000000000000000000000000003B
:10854000000000000000000000000000000000002B
:10855000000000000000000000000000010000001A
:10856000000000000000000080000000000000008B
:1085700000000000FFFFFFFFFFFFFFFFFF00000004
:1085800000000000000000000000000000000000EB
:1085900000000000000000000000000000000000DB
:1085A00000000000000000000000000000000000CB
:1085B00000000000000000000000000000000000BB
:1085C00000000000000000000000000000000000AB
:1085D000000000000000000000000000000000009B
:1085E000000000000000000000000000000000008B
:1085F000000000000000000000000000000000007B
:10860000000000000000000000000000000000006A
:10861000000000000000000000000000000000005A
:10862000000000000000000000000000000000004A
:10863000000000000000000000000000000000003A
:10864000000000000000000000000000000000002A
:10865000000000000000000000000000000000001A
:10866000A0000000A10000000500000000000000C4
:10867000534543475F5052494D455F3136304B318A
:1086800000000000FFFFFF7FFFFFFFFFFFFFFFFF76
:10869000FFFFFFFFFFFFFFFF0000000000000000E2
:1086A00000000000000000000000000000000000CA
:1086B00000000000000000000000000000000000BA
:1086C000000000000000000000000000FCFFFF7F31
:1086D000FFFFFFFFFFFFFFFFFFFFFFFFFFFFFFFFAA
:1086E000000000000000000000000000000000008A
:1086F000000000000000000000000000000000007A
:108700000000000000000000000000000000000069
:108710000000000045FA65C5ADD4D4819FF8AC6572
:108720008B7ABD54FCBE971C0000000000000000C6
:108730000000000000000000000000000000000039
:108740000000000000000000000000000000000029
:10875000000000000000000000000000572275CA61
:10876000D3AE27F9C8F401000000000000000000AB
:1087700001000000000000000000000000000000F8
:1087800000000000000000000000000000000000E9
:1087900000000000000000000000000000000000D9
:1087A000000000000000000082FCCB13B98BC368FE
:1087B000896964462873F58E68B5964A0000000002
:1087C00000000000000000000000000000000000A9
:1087D0000000000000000000000000000000000099
:1087E0000000000000000000000000000000000089
:1087F00032FBC57A3751230412C9DC597D946831A4
:108800005528A62300000000000000000000000022
:108810000000000000000000000000000000000058
:108820000000000000000000000000000000000048
:108830000000000000000000010000000000000037
:1088400000000000800000000000000000000000A8
:10885000FFFFFFFFFFFFFFFFFF0000000000000021
:108860000000000000000000000000000000000008
:1088700000000000000000000000000000000000F8
:1088800000000000000000000000000000000000E8
:1088900000000000000000000000000000000000D8
:1088A00000000000000000000000000000000000C8
:1088B00000000000000000000000000000000000B8
:1088C00000000000000000000000000000000000A8
:1088D0000000000000000000000000000000000098
:1088E0000000000000000000000000000000000088
:1088F0000000000000000000000000000000000078
:108900000000000000000000000000000000000067
:108910000000000000000000000000000000000057
:108920000000000000000000000000000000000047
:10893000000000000000000000000000A000000097
:10894000A10000000500000001000000534543475E
:108950005F5052494D455F313630523100000000C2
:1089600073ACFFFFFEFFFFFFFFFFFFFFFFFFFFFFF7
:10897000FFFFFFFF000000000000000000000000FB
:1089800000000000000000000000000000000000E7
:1089900000000000000000000000000000000000D7
:1089A000000000000000000070ACFFFFFEFFFFFFB2
:1089B000FFFFFFFFFFFFFFFFFFFFFFFF00000000C3
:1089C00000000000000000000000000000000000A7
:1089D0000000000000000000000000000000000097
:1089E0000000000000000000000000000000000087
:1089F000BA8803F55A4D6604492757AB8BEB59FBF0
:108A0000D334E1B4000000000000000000000000CA
:108A10000000000000000000000000000000000056
:108A20000000000000000000000000000000000046
:108A300000000000000000006BA1A1F318A886E769
:108A40001E350000000000000000000001000000D2
:108A50000000000000000000000000000000000016
:108A60000000000000000000000000000000000006
:108A700000000000000000000000000000000000F6
:108A8000000000006DCE44319D19F7301BF14F1FDF
:108A90007E113A2934B0DC520000000000000000D2
:108AA00000000000000000000000000000000000C6
:108AB00000000000000000000000000000000000B6
:108AC0000000000000000000000000002E3FD4A7BE
:108AD000FE2C98F90DFA71E096F231E3F2FEAFFE4A
:108AE0000000000000000000000000000000000086
:108AF0000000000000000000000000000000000076
:108B00000000000000000000000000000000000065
:108B10000000000001000000000000000000000054
:108B2000800000000000000000000000FFFFFFFFC9
:108B3000FFFFFFFFFF00000000000000000000003A
:108B40000000000000000000000000000000000025
:108B50000000000000000000000000000000000015
:108B60000000000000000000000000000000000005
:108B700000000000000000000000000000000000F5
:108B800000000000000000000000000000000000E5
:108B900000000000000000000000000000000000D5
:108BA00000000000000000000000000000000000C5
:108BB00000000000000000000000000000000000B5
:108BC00000000000000000000000000000000000A5
:108BD0000000000000000000000000000000000095
:108BE0000000000000000000000000000000000085
:108BF0000000000000000000000000000000000075
:108C00000000000000000000000000000000000064
:108C10000000000000000000A0000000A100000013
:108C20000500000002000000534543475F505249D1
:108C30004D455F31363052320000000037EEFFFF05
:108C4000FEFFFFFFFFFFFFFFFFFFFFFFFFFFFFFF35
:108C5000FFFFFFFF00000000000000000000000018
:108C60000000000000000000000000000000000004
:108C700000000000000000000000000000000000F4
:108C800000000000000000000000000000000000E4
:108C900000000000000000000000000000000000D4
:108CA00000000000000000000000000000000000C4
:108CB00000000000000000000000000000000000B4
:108CC00000000000000000000000000003000000A1
:108CD0000000000000000000000000000000000094
:108CE0000000000000000000000000000000000084
:108CF0000000000000000000000000000000000074
:108D00000000000000000000000000000000000063
:108D1000000000008DFDDE746A46690F17FCF22624
:108D2000FEFFFFFFFFFFFFFFFFFFFFFF0000000050
:108D30000000000000000000000000000000000033
:108D40000000000000000000000000000000000023
:108D50000000000000000000000000000000000013
:108D60007D6CE0EAB1D1A51D34F4B780027DB02658
:108D7000AEE957C00EF14FDB00000000000000001C
:108D800000000000000000000000000000000000E3
:108D900000000000000000000000000000000000D3
:108DA00000000000000000009D2F5ED988AA8240CC
:108DB0003486BE15D0634184A728569C6D2F2F9B07
:108DC00000000000000000000000000000000000A3
:108DD0000000000000000000000000000000000093
:108DE0000000000000000000000000000000000083
:108DF00001000000000000000000000080000000F2
:108E00000000000000000000000000000000000062
:108E100080000000000000000000000000000000D2
:108E20000000000000000000000000000000000042
:108E30000000000000000000000000000000000032
:108E40000000000000000000000000000000000022
:108E50000000000000000000000000000000000012
:108E60000000000000000000000000000000000002
:108E700000000000000000000000000000000000F2
:108E800000000000000000000000000000000000E2
:108E900000000000000000000000000000000000D2
:108EA00000000000000000000000000000000000C2
:108EB00000000000000000000000000000000000B2
:108EC00000000000000000000000000000000000A2
:108ED0000000000000000000000000000000000092
:108EE0000000000000000000000000000000000082
:108EF00000000000C0000000C000000005000000ED
:108F000003000000534543475F5052494D455F31D0
:108F100039324B3100000000FFFFFFFFFFFFFFFF72
:108F2000FEFFFFFFFFFFFFFFFFFFFFFFFFFFFFFF52
:108F30000000000000000000000000000000000031
:108F40000000000000000000000000000000000021
:108F50000000000000000000000000000000000011
:108F6000FCFFFFFFFFFFFFFFFEFFFFFFFFFFFFFF15
:108F7000FFFFFFFFFFFFFFFF0000000000000000F9
:108F800000000000000000000000000000000000E1
:108F900000000000000000000000000000000000D1
:108FA0000000000000000000B1B946C1ECDEB8FED0
:108FB00049302472ABE9A70FE7809CE519052164CD
:108FC00000000000000000000000000000000000A1
:108FD0000000000000000000000000000000000091
:108FE0000000000000000000000000000000000081
:108FF0003128D2B4B1C96B1436F8DE99FFFFFFFFF8
:10900000FFFFFFFFFFFFFFFF000000000000000068
:109010000000000000000000000000000000000050
:109020000000000000000000000000000000000040
:109030000000000000000000000000001210FF828D
:10904000FD0AFFF40088A143EB20BF7CF69030B00E
:109050000EA88D18000000000000000000000000B5
:109060000000000000000000000000000000000000
:1090700000000000000000000000000000000000F0
:10908000000000001148791EA177F973D5CD246B3B
:10909000ED11106378DAC8FF952B19070000000066
:1090A00000000000000000000000000000000000C0
:1090B00000000000000000000000000000000000B0
:1090C000000000000000000000000000010000009F
:1090D0000000000000000000800000000000000010
:1090E0000000000000000000000000008000000000
:1090F0000000000000000000000000000000000070
:10910000000000000000000000000000000000005F
:10911000000000000000000000000000000000004F
:10912000000000000000000000000000000000003F
:10913000000000000000000000000000000000002F
:10914000000000000000000000000000000000001F
:10915000000000000000000000000000000000000F
:1091600000000000000000000000000000000000FF
:1091700000000000000000000000000000000000EF
:1091800000000000000000000000000000000000DF
:1091900000000000000000000000000000000000CF
:1091A00000000000000000000000000000000000BF
:1091B00000000000000000000000000000000000AF
:1091C000000000000000000000000000000000009F
:1091D000C0000000C0000000050000000400000006
:1091E000534543475F5052494D455F313932523103
:1091F000000000006DE5FFFFFEFFFFFFFFFFFFFF28
:10920000FFFFFFFFFFFFFFFFFFFFFFFFFFFFFFFF6E
:10921000000000000000000000000000000000004E
:10922000000000000000000000000000000000003E
:10923000000000000000000000000000000000002E
:10924000000000000000000000000000000000001E
:10925000000000000000000000000000000000000E
:1092600000000000000000000000000000000000FE
:1092700000000000000000000000000000000000EE
:1092800000000000050000000000000000000000D9
:1092900000000000000000000000000000000000CE
:1092A00000000000000000000000000000000000BE
:1092B00000000000000000000000000000000000AE
:1092C000000000000000000000000000F7B19F76E1
:1092D00071A9F0CA8461ECD2E8DC01000000000052
:1092E000000000000000000001000000000000007D
:1092F000000000000000000000000000000000006E
:10930000000000000000000000000000000000005D
:1093100000000000000000005CA4B7B60E657E0FE0
:10932000A97570E4E967A469A128FC30DF99F04DC4
:10933000335B45A1000000000000000000000000B9
:10934000000000000000000000000000000000001D
:10935000000000000000000000000000000000000D
:10936000A5616D55DB4BCAE259BDB0C0F719E3F7F3
:10937000D6FBCA824234BA7FED9F087E000000000F
:1093800000000000000000000000000000000000DD
:1093900000000000000000000000000000000000CD
:1093A00000000000000000000100000000000000BC
:1093B000000000008000000000000000000000002D
:1093C000FFFFFFFFFFFFFFFFFF00000000000000A6
:1093D000000000000000000000000000000000008D
:1093E000000000000000000000000000000000007D
:1093F000000000000000000000000000000000006D
:10940000000000000000000000000000000000005C
:10941000000000000000000000000000000000004C
:10942000000000000000000000000000000000003C
:10943000000000000000000000000000000000002C
:10944000000000000000000000000000000000001C
:10945000000000000000000000000000000000000C
:1094600000000000000000000000000000000000FC
:1094700000000000000000000000000000000000EC
:1094800000000000000000000000000000000000DC
:1094900000000000000000000000000000000000CC
:1094A000000000000000000000000000E0000000DC
:1094B000E10000000500000005000000534543479F
:1094C0005F5052494D455F3232344B31000000004D
:1094D000010000000000000000000000FFFFFFFF8F
:1094E000FFFFFFFFFFFFFFFFFFFFFFFF0000000088
:1094F000000000000000000000000000000000006C
:10950000000000000000000000000000000000005B
:109510000000000000000000FEFFFFFFFFFFFFFF54
:10952000FFFFFFFFFEFFFFFFFFFFFFFFFFFFFFFF4C
:10953000FFFFFFFF0000000000000000000000002F
:10954000000000000000000000000000000000001B
:10955000000000000000000000000000000000000B
:10956000B4FF552343390B27BAD8BFD7B7B04450FF
:10957000563241F5ABB3040C850A05B40000000077
:1095800000000000000000000000000000000000DB
:1095900000000000000000000000000000000000CB
:1095A00000000000000000003D2A5C5C4529DD133E
:1095B0003EF0B8E0A216FFFFFFFFFFFFFFFFFFFF37
:1095C000FFFFFFFF0000000000000000000000009F
:1095D000000000000000000000000000000000008B
:1095E000000000000000000000000000000000007B
:1095F00000000000211D5C11D68032342211C256B9
:10960000D3C1034AB99013327FBFB46BBD0C0EB700
:10961000000000000000000000000000000000004A
:10962000000000000000000000000000000000003A
:10963000000000000000000000000000347E0085F3
:109640009981D5446447075AA07543CDE6DF224C83
:10965000FB23F7B5886337BD000000000000000061
:1096600000000000000000000000000000000000FA
:1096700000000000000000000000000000000000EA
:1096800000000000010000000000000000000000D9
:10969000800000000000000000000000000000004A
:1096A000000000008000000000000000000000003A
:1096B00000000000000000000000000000000000AA
:1096C000000000000000000000000000000000009A
:1096D000000000000000000000000000000000008A
:1096E000000000000000000000000000000000007A
:1096F000000000000000000000000000000000006A
:109700000000000000000000000000000000000059
:109710000000000000000000000000000000000049
:109720000000000000000000000000000000000039
:109730000000000000000000000000000000000029
:109740000000000000000000000000000000000019
:109750000000000000000000000000000000000009
:1097600000000000000000000000000000000000F9
:1097700000000000000000000000000000000000E9
:109780000000000000000000E0000000E000000019
:109790000500000006000000534543475F50524952
:1097A0004D455F3232345231000000002FFCFFFF84
:1097B000FEFFFFFFFFFFFFFFFFFFFFFFFFFFFFFFBA
:1097C000FFFFFFFFFFFFFFFFFFFFFFFF00000000A5
:1097D0000000000000000000000000000000000089
:1097E0000000000000000000000000000000000079
:1097F0000000000000000000000000000000000069
:109800000000000000000000000000000000000058
:109810000000000000000000000000000000000048
:109820000000000000000000000000000000000038
:109830000000000000000000000000000700000021
:109840000000000000000000000000000000000018
:109850000000000000000000000000000000000008
:1098600000000000000000000000000000000000F8
:1098700000000000000000000000000000000000E8
:1098800000000000414136D08C5ED2BF3BA048AF03
:10989000E6DCAEBAFEFFFFFFFFFFFFFFFFFFFFFFAB
:1098A000FFFFFFFF000000000000000000000000BC
:1098B00000000000000000000000000000000000A8
:1098C0000000000000000000000000000000000098
:1098D0009817F8165B81F259D928CE2DDBFC9B0234
:1098E000070B87CE9562A055ACBBDCF97E66BE79CE
:1098F0000000000000000000000000000000000068
:109900000000000000000000000000000000000057
:109910000000000000000000B8D410FB8FD0479C6E
:10992000195485A648B417FDA808110EFCFBA45DC8
:1099300065C4A32677DA3A48000000000000000062
:109940000000000000000000000000000000000017
:109950000000000000000000000000000000000007
:109960000100000000000000000000008000000076
:1099700000000000000000000000000000000000E7
:109980008000000000000000000000000000000057
:1099900000000000000000000000000000000000C7
:1099A00000000000000000000000000000000000B7
:1099B00000000000000000000000000000000000A7
:1099C0000000000000000000000000000000000097
:1099D0000000000000000000000000000000000087
:1099E0000000000000000000000000000000000077
:1099F0000000000000000000000000000000000067
:109A00000000000000000000000000000000000056
:109A10000000000000000000000000000000000046
:109A20000000000000000000000000000000000036
:109A30000000000000000000000000000000000026
:109A40000000000000000000000000000000000016
:109A50000000000000000000000000000000000006
:109A600000000000000100000001000005000000EF
:109A700007000000534543475F5052494D455F3250
:109A800035364B3100000000FFFFFFFFFFFFFFFFF7
:109A9000FFFFFFFF000000000000000000000000CA
:109AA00001000000FFFFFFFF0000000000000000B9
:109AB00000000000000000000000000000000000A6
:109AC0000000000000000000000000000000000096
:109AD000FCFFFFFFFFFFFFFFFFFFFFFF0000000095
:109AE000000000000000000001000000FFFFFFFF79
:109AF0000000000000000000000000000000000066
:109B00000000000000000000000000000000000055
:109B100000000000000000004B60D2273E3CCE3B1E
:109B2000F6B053CCB0061D65BC86987655BDEBB338
:109B3000E7933AAAD835C65A00000000000000009A
:109B40000000000000000000000000000000000015
:109B50000000000000000000000000000000000005
:109B6000512563FCC2CAB9F3849E17A7ADFAE6BCBF
:109B7000FFFFFFFFFFFFFFFF00000000FFFFFFFFF1
:109B800000000000000000000000000000000000D5
:109B900000000000000000000000000000000000C5
:109BA00000000000000000000000000096C298D8ED
:109BB0004539A1F4A033EB2D817D0377F240A463F6
:109BC000E5E6BCF847422CE1F2D1176B000000003B
:109BD0000000000000000000000000000000000085
:109BE0000000000000000000000000000000000075
:109BF00000000000F551BF376840B6CBCE5E316B38
:109C00005733CE2B169E0F7C4AEBE78E9B7F1AFEB6
:109C1000E242E34F000000000000000000000000EE
:109C20000000000000000000000000000000000034
:109C30000000000000000000000000000100000023
:109C4000FFFFFFFF7F000000800000000000000019
:109C500000000000FFFFFFFF7F0000008000000009
:109C600000000000000000000000000000000000F4
:109C700000000000000000000000000000000000E4
:109C800000000000000000000000000000000000D4
:109C900000000000000000000000000000000000C4
:109CA00000000000000000000000000000000000B4
:109CB00000000000000000000000000000000000A4
:109CC0000000000000000000000000000000000094
:109CD0000000000000000000000000000000000084
:109CE0000000000000000000000000000000000074
:109CF0000000000000000000000000000000000064
:109D00000000000000000000000000000000000053
:109D10000000000000000000000000000000000043
:109D20000000000000000000000000000000000033
:109D30000000000000000000000000000000000023
:109D40000001000000010000050000000800000004
:109D5000534543475F5052494D455F323536523186
:109D600000000000FFFFFFFF0000000000000000F7
:109D7000FFFFFFFFFEFFFFFFFFFFFFFFFFFFFFFFF4
:109D8000FFFFFFFFFFFFFFFFFFFFFFFFFFFFFFFFE3
:109D9000FFFFFFFF000000000000000000000000C7
:109DA000000000000000000000000000FCFFFFFFBA
:109DB0000000000000000000FFFFFFFFFEFFFFFFAC
:109DC000FFFFFFFFFFFFFFFFFFFFFFFFFFFFFFFFA3
:109DD000FFFFFFFFFFFFFFFFFFFFFFFF000000008F
:109DE0000000000000000000000000000000000073
:109DF00000000000EF2AECD3EDC8852A9DD12E8A01
:109E00008D3956C65A8713508F081403124181FEAC
:109E10006E9C1D18192DF8E36B058E98E4E73EE261
:109E2000A72F31B300000000000000000000000078
:109E30000000000000000000000000007329C5CCF5
:109E40006A19ECEC7AA7B048B20D1A58DF2D37F436
:109E5000814D63C7FFFFFFFFFFFFFFFFFFFFFFFF16
:109E6000FFFFFFFFFFFFFFFFFFFFFFFF00000000FE
:109E700000000000000000000000000000000000E2
:109E80000000000000000000B70A7672385E543A05
:109E90006C2955BF5DF20255382A5482E041F759CA
:109EA000989BA78B623B1D6E74AD20F31EC7B18ECD
:109EB00037058BBE22CA87AA000000000000000000
:109EC0000000000000000000000000000000000092
:109ED0005F0EEA907C1D437A9D817E1DCEB1600AA3
:109EE000C0B8F0B51331DAE97C149A28BD1DF4F836
:109EF00029DC9292BF989E5D6F2C26964ADE17361B
:109F00000000000000000000000000000000000051
:109F10000000000000000000010000000000000040
:109F200000000000800000000000000000000000B1
:109F300000000000000000008000000000000000A1
:109F40000000000000000000000000000000000011
:109F50000000000000000000000000000000000001
:109F600000000000000000000000000000000000F1
:109F700000000000000000000000000000000000E1
:109F800000000000000000000000000000000000D1
:109F900000000000000000000000000000000000C1
:109FA00000000000000000000000000000000000B1
:109FB00000000000000000000000000000000000A1
:109FC0000000000000000000000000000000000091
:109FD0000000000000000000000000000000000081
:109FE0000000000000000000000000000000000071
:109FF0000000000000000000000000000000000061
:10A000000000000000000000000000000000000050
:10A0100000000000000000000000000080010000BF
:10A02000800100000500000009000000534543477F
:10A030005F5052494D455F333834523100000000C3
:10A04000FFFFFFFFFFFFFFFFFFFFFFFFFFFFFFFF20
:10A05000FFFFFFFFFFFFFFFFFFFFFFFFFFFFFFFF10
:10A06000FFFFFFFFFFFFFFFFFFFFFFFFFFFFFFFF00
:10A07000FFFFFFFFFFFFFFFFFFFFFFFFFFFFFFFFF0
:10A08000FF01000000000000FCFFFFFFFFFFFFFFDB
:10A09000FFFFFFFFFFFFFFFFFFFFFFFFFFFFFFFFD0
:10A0A000FFFFFFFFFFFFFFFFFFFFFFFFFFFFFFFFC0
:10A0B000FFFFFFFFFFFFFFFFFFFFFFFFFFFFFFFFB0
:10A0C000FFFFFFFFFFFFFFFFFF0100000000000098
:10A0D000003F506BD41F45EFF1342C3D88DF7335C2
:10A0E00007BFB13BBDC052167B937EEC5139195668
:10A0F000E109F18E9189B4B8F315B3995B72DAA2D4
:10A10000EE4085B6A0219A921F9A1C8E61B93E95A9
:10A110005100000000000000096438911EB76FBBB9
:10A12000AE479C89B8C9B53BD0A509F74801CC7F9B
:10A130006B962FBF83878651FAFFFFFFFFFFFFFF5C
:10A14000FFFFFFFFFFFFFFFFFFFFFFFFFFFFFFFF1F
:10A15000FFFFFFFFFFFFFFFFFF0100000000000007
:10A160000000000066BDE5C2317E7EF99B426A8533
:10A17000C1B34833DEA8FFA227C11DFE2859E7EF6F
:10A18000775E4BA1BA3D4D6B60AF28F821B53F0516
:10A190003981649C42B4952366CB3E9ECDE904048C
:10A1A000B7068E85C6000000000000005066D19FF3
:10A1B0007694BE8840C272A286703C356107AD3F7E
:10A1C00001B950C54026F45E9972EE972C663E2781
:10A1D00017BDAF1768449B574944F598D91B7D2C90
:10A1E000B45F8A5C04C03B9A786A29391801000080
:10A1F000000000000100000000000000000000005E
:10A2000080000000000000000000000000000000CE
:10A2100000000000800000000000000000000000BE
:10A22000000000000000000000000000000000002E
:10A23000000000000000000000000000000000001E
:10A24000000000000000000000000000000000000E
:10A2500000000000000000000000000000000000FE
:10A2600000000000000000000000000000000000EE
:10A2700000000000000000000000000000000000DE
:10A2800000000000000000000000000000000000CE
:10A2900000000000000000000000000000000000BE
:10A2A00000000000000000000000000000000000AE
:10A2B000000000000000000000000000000000009E
:10A2C000000000000000000000000000000000008E
:10A2D000000000000000000000000000000000007E
:10A2E000000000000000000000000000000000006E
:10A2F0000000000000000000090200000902000048
:10A30000050000000A000000534543475F505249D2
:10A310004D455F35323152310000000000202020D1
:10A320002020202020202828282828202020202005
:10A3300020202020202020202020202020881010D5
:10A340001010101010101010101010101004040431
:10A3500004040404040404101010101010104141EF
:10A3600041414141010101010101010101010101DD
:10A3700001010101010101011010101010104242F1
:10A3800042424242020202020202020202020202AD
:10A39000020202020202020210101010200000004D
:10A3A00000000000000000000000000000000000AD
:10A3B000000000000000000000000000000000009D
:10A3C000000000000000000000000000000000008D
:10A3D000000000000000000000000000000000007D
:10A3E000000000000000000000000000000000006D
:10A3F000000000000000000000000000000000005D
:10A40000000000000000000000000000000000004C
:10A41000000000000000000000000000000000003C
:10A4200074310020494E4600696E66004E414E0070
:10A430006E616E0030000000303132333435363713
:10A440003839414243444546000000003031323340
:10A450003435363738396162636465660000000060
:10A460002C2066756E6374696F6E3A2000000000E0
:10A47000617373657274696F6E2022257322206682
:10A4800061696C65643A2066696C652022257322D7
:10A490002C206C696E65202564257325730A0000E5
:10A4A000496E66696E697479000000004E614E0065
:10A4B0005245454E54206D616C6C6F63207375631B
:10A4C00063656564656400002E2E2F2E2E2F2E2EC0
:10A4D0002F2E2E2F2E2E2F2E2E2F2E2E2F2E2E2F96
:10A4E0006E65776C69622F6C6962632F7374646C3C
:10A4F00069622F64746F612E6300000042616C6CAE
:10A500006F632073756363656564656400000000B4
:10A51000000000000000000000000000000000003B
:10A52000000000000000000000000000000000002B
:10A53000000000000000000000000000000000001B
:10A54000000000000000000000000000000000000B
:10A5500000000000000000000000000000000000FB
:10A5600000000000000000000000000000000000EB
:10A570002E2E2F2E2E2F2E2E2F2E2E2F2E2E2F2EF6
:10A580002E2F2E2E2F2E2E2F6E65776C69622F6C3C
:10A590006962632F7374646C69622F6D7072656396
:10A5A0002E630000000000000500000019000000FC
:10A5B0007D00000000000000000000000000F03FEF
:10A5C000000000000000244000000000000059408E
:10A5D0000000000000408F40000000000088C340E1
:10A5E00000000000006AF8400000000080842E4156
:10A5F00000000000D01263410000000084D79741A2
:10A600000000000065CDCD41000000205FA00242A7
:10A61000000000E876483742000000A2941A6D421C
:10A62000000040E59C30A2420000901EC4BCD6420F
:10A6300000003426F56B0C430080E03779C34143BA
:10A6400000A0D8855734764300C84E676DC1AB4330
:10A65000003D9160E458E143408CB5781DAF15444E
:10A6600050EFE2D6E41A4B4492D54D06CFF0804429
:10A67000F64AE1C7022DB544B49DD9794378EA443E
:10A68000BC89D897B2D29C3C33A7A8D523F64939C8
:10A690003DA7F444FD0FA5329D978CCF08BA5B25EA
:10A6A000436FAC642806C80A0080E03779C3414391
:10A6B000176E05B5B5B89346F5F93FE9034F384D28
:10A6C000321D30F94877825A3CBF737FDD4F1575D4
:10A6D000232D302B20000000686C4C006566674518
:10A6E00046470000504F534958000000000000004A
:10A6F0001DAA020000000000610703000000000026
:10A7000079EA020000000000E9B902000000000040
:10A71000B5E60200184D0020ADF1020058510020AE
:10A7200031E80200000000000130030000000000DA
:10A73000D9F402004C510020D5F502001031002060
:08A74000ADBB020000000000A7
:08A74800DD0503000000000024
:10A7500045AA0200000000002509030000000000D7
:10A7600021FB02000000000089FD02000000000043
:10A7700088380020503900205839002090380020B7
:04A7800018000000BD
:08A78400C9860300B186030041
:10A78C00D44F040000000000DC4F04000000000067
:10A79C00E44F040000000000645C040000000000B2
:10A7AC00CC76040000000000E8480400000004041B
:10A7BC00D449040000000000084A04000000000016
:10A7CC006C59040000000000CC4F04000000000095
:10A7DC005C590400000004042C660400000004040E
:10A7EC00485E040000000404A859040000000303A0
:10A7FC00405C040000000303585C040000000303E9
:10A80C00346B040000000303A4760400000003036F
:10A81C009C61040000000303906304000000030328
:10A82C005071040000000303B46304000000030330
:10A83C003069040000000303646704000000030394
:10A84C00287604000000030398740400000003033E
:10A85C00744A040000000000804A0400000000005C
:10A86C00B848040000000000C44804000030002078
:08A87C000CCAFD7F0100000081
:10A8840000000000FF0000000000000000000000C5
:10A89400FFFFFFFFFFFFFFFF0000000000000000BC
:10A8A400000000000000000000100140110004003E
:10A8B4000090D00300000000000000000000000031
:10A8C400FFFFFFFFFFFFFFFF00000000000000008C
:10A8D4000000000000000000000000000000000074
:10A8E400FFFFFFFFFFFFFFFF00000000000000006C
:10A8F4000000000000000000000000000000000054
:10A90400FFFFFFFFFFFFFFFF00000000000000004B
:10A914000000000000000000585E040000C0014078
:10A9240000000000000000413130303130340000BC
:10A934005069616E6F4170705F3130340000000007
:10A944003130340001000200FFFFFFFF000000006F
:10A954000000000000000000FFFFFFFFFFFFFFFFFB
:10A9640000000000000000000000000000000000E3
:10A974000000000000000000FFFFFFFFFFFFFFFFDB
:10A9840000000000000000000000000000000000C3
:10A9940000000000000000000000000000000000B3
:10A9A400000000002C310020000000006C51002049
:10A9B4000100040018010000FFFFFFFFFFFFFFFF7D
:10A9C400FFFFFFFFFFFFFFFF1818181818181818CB
:10A9D4000000000000000000FFFFFFFFFFFFFFFF7B
:10A9E4000000000000000000000000000000000063
:10A9F400743100200000000050A5040030A50400BC
:10AA040010A5040000000000000000000000000089
:10AA14000000000000000000000000000000000032
:10AA24000000000000000000000000000000000022
:10AA34000000000000000000000000000000000012
:10AA44000000000000000000000000000000000002
:10AA540000000000430000000000000000000000AF
:10AA640000000000000000000000000000000000E2
:10AA7400000000004300000000000000000000008F
:10AA840000000000000000000000000000000000C2
:10AA9400000000004300000000000000000000006F
:10AAA40000000000000000000000000000000000A2
:10AAB400000000004300000000000000000000004F
:10AAC4000000000000000000000000000000000082
:10AAD400000000004300000000000000000000002F
:10AAE4000000000000000000000000000000000062
:10AAF400000000004300000000000000000000000F
:10AB04000000000000000000000000000000000041
:10AB140000000000430000000000000000000000EE
:10AB24000000000000000000000000000000000021
:10AB340000000000713B04005938040000000000CC
:10AB44001CA3040090610400807A0400807A04004D
:10AB5400807A0400807A0400807A0400807A0400F9
:10AB6400807A0400807A0400807A0400FFFFFFFFEB
:10AB7400FFFFFFFFFFFFFFFFFFFF00000100415346
:10AB840043494900000000000000000000000000EC
:10AB9400000000000000000000000000000041531D
:10ABA40043494900000000000000000000000000CC
:10ABB4000000000000000000000000000000000091
:08ABC4006972020041720200F7
:10ABCC00000000000000000039BE020000000F0071
:10ABDC00FF0F0F000000000000000000DD6C030000
:08ABEC00000000000000000061
:04000003200072F96E
:00000001FF
